hgvs_pro,Abundance_score
p.A13A,0.977278592
p.A13R,0.79284921
p.A13N,0.806796457
p.A13D,1.138398574
p.A13C,1.009262077
p.A13Q,0.88786038
p.A13E,0.20394383
p.A13G,1.067301353
p.A13H,0.900021423
p.A13I,1.050319457
p.A13L,0.940124823
p.A13K,0.058084323
p.A13M,0.997409973
p.A13F,1.06710028
p.A13P,1.027117968
p.A13S,0.696627298
p.A13X,-0.044915058
p.A13T,0.830955648
p.A13W,0.568520281
p.A13Y,1.085242017
p.A13V,0.883348336
p.A141A,0.96592311
p.A141R,0.978368296
p.A141N,0.941762471
p.A141D,0.88895086
p.A141C,1.067069184
p.A141Q,0.996270587
p.A141E,1.015953523
p.A141G,1.027144081
p.A141H,0.998067776
p.A141L,1.024486708
p.A141K,0.831672198
p.A141M,0.944881826
p.A141F,1.125302859
p.A141P,0.209350776
p.A141S,0.997023202
p.A141X,0.013863241
p.A141T,0.950120703
p.A141W,0.98154707
p.A141Y,1.03794955
p.A141V,0.957230701
p.A151A,1.115266301
p.A151R,1.006936011
p.A151N,0.999288689
p.A151D,1.013803042
p.A151C,1.014979637
p.A151Q,1.088414034
p.A151E,1.036885946
p.A151G,0.898629666
p.A151H,0.984673442
p.A151I,0.75734418
p.A151L,0.833279705
p.A151K,0.919473231
p.A151M,0.971256517
p.A151F,1.002193583
p.A151P,1.033207485
p.A151S,0.965389562
p.A151X,-0.132984991
p.A151T,0.898792398
p.A151W,0.976556124
p.A151Y,1.011730296
p.A151V,1.03329751
p.A166A,0.952003455
p.A166R,1.041774922
p.A166N,0.95171928
p.A166D,1.026986386
p.A166C,1.0262317
p.A166Q,0.993961941
p.A166E,1.041215808
p.A166G,1.087844812
p.A166H,0.951413206
p.A166I,1.039290293
p.A166L,1.09157209
p.A166K,1.044870332
p.A166M,0.733559634
p.A166F,1.068173337
p.A166P,1.175860467
p.A166S,0.936260401
p.A166X,-0.121059561
p.A166T,0.9872463
p.A166W,0.91962594
p.A166Y,0.968248413
p.A166V,0.589815788
p.A17A,0.977592807
p.A17R,0.073029273
p.A17N,0.962270605
p.A17D,0.613842647
p.A17C,1.04676502
p.A17Q,0.934554616
p.A17G,1.052781931
p.A17L,0.983411745
p.A17K,0.125263813
p.A17M,0.933934875
p.A17F,1.251216657
p.A17P,0.045675719
p.A17S,1.13992582
p.A17T,0.898303753
p.A17Y,1.057809065
p.A17V,0.945546981
p.A18A,1.025820497
p.A18R,1.00627322
p.A18G,1.022924562
p.A18H,1.278731311
p.A18K,0.915275052
p.A18P,0.620511281
p.A18S,1.034938351
p.A18T,1.025836875
p.A18V,1.050353027
p.A19A,0.885649379
p.A199A,0.978109585
p.A199R,1.0637312
p.A199D,0.935294
p.A199C,0.999204775
p.A199Q,0.908883955
p.A199E,0.930978087
p.A199G,0.983795356
p.A199H,0.408370811
p.A199I,0.830847995
p.A199L,1.089911006
p.A199K,1.03304312
p.A199M,0.986360033
p.A199F,0.96634046
p.A199P,0.968132762
p.A199S,0.990122816
p.A199X,0.006201435
p.A199T,1.0724684
p.A199W,0.947926885
p.A199Y,0.904912969
p.A199V,0.921790089
p.A19R,0.860735275
p.A19N,1.216518951
p.A19D,0.858187206
p.A19C,1.030594947
p.A19Q,1.168875745
p.A19E,0.642347889
p.A19G,1.041833933
p.A19H,1.046552439
p.A19I,0.896106328
p.A19L,1.054959632
p.A19K,0.598400681
p.A19M,0.97059098
p.A19F,0.91581139
p.A19S,1.134936159
p.A19X,0.056136738
p.A19T,0.459131172
p.A19W,0.96975556
p.A19Y,1.078518275
p.A19V,0.985901507
p.A22A,1.045302103
p.A22R,0.852269031
p.A22N,1.061842077
p.A22D,1.072776446
p.A22C,0.908651632
p.A22Q,0.702736706
p.A22E,0.61475253
p.A22G,0.146120066
p.A22H,0.83118477
p.A22I,0.785795374
p.A22L,1.049535969
p.A22K,0.162666123
p.A22M,0.668762862
p.A22F,0.192474298
p.A22P,0.328281718
p.A22S,0.948006613
p.A22X,-0.122769389
p.A22T,1.01380897
p.A22W,0.772943568
p.A22Y,0.272743283
p.A22V,0.834211963
p.A232A,1.15154026
p.A232R,0.956802294
p.A232N,1.025376416
p.A232D,0.987883217
p.A232C,1.11955591
p.A232Q,0.990021541
p.A232E,0.015339004
p.A232G,1.037248208
p.A232H,1.024616137
p.A232I,1.041717621
p.A232L,1.041777615
p.A232K,1.000778413
p.A232M,0.632135237
p.A232F,0.87965449
p.A232P,1.081614341
p.A232S,0.972335295
p.A232X,0.212418583
p.A232T,1.03311909
p.A232W,0.985509842
p.A232Y,0.728456233
p.A232V,0.909427907
p.A234A,1.059684024
p.A234R,1.015387816
p.A234N,0.988860144
p.A234D,0.936234812
p.A234C,1.067683324
p.A234Q,0.898900089
p.A234E,0.937510782
p.A234G,0.996798584
p.A234H,0.507033383
p.A234I,1.03106789
p.A234L,1.035119114
p.A234K,-0.045683572
p.A234M,0.944883779
p.A234F,1.033214926
p.A234P,1.189450864
p.A234S,0.990754131
p.A234X,-0.037065889
p.A234T,0.863440567
p.A234W,0.968472856
p.A234Y,-0.244816439
p.A234V,1.028434429
p.A299A,1.010262432
p.A299R,1.054942282
p.A299N,0.778032705
p.A299D,1.080737757
p.A299C,0.587647841
p.A299G,0.987984453
p.A299H,0.194249972
p.A299I,0.000782701
p.A299L,0.488914493
p.A299K,1.018767119
p.A299M,0.720267187
p.A299F,1.107145678
p.A299P,-0.171337459
p.A299S,-0.106588814
p.A299X,-0.000355789
p.A299T,0.103396415
p.A299W,1.20573302
p.A299Y,1.016004749
p.A299V,1.009470065
p.A348A,0.956857841
p.A348R,1.064793673
p.A348D,0.810774294
p.A348C,0.077108619
p.A348Q,-0.097348518
p.A348E,0.212750397
p.A348G,0.987919232
p.A348I,1.019972147
p.A348K,-0.022013667
p.A348S,0.278319709
p.A348T,0.363222489
p.A348V,0.790553343
p.A391A,1.067444644
p.A391N,0.943355917
p.A391D,1.021007449
p.A391C,1.171642527
p.A391Q,0.170238439
p.A391E,0.98621404
p.A391G,0.991219654
p.A391L,0.680751552
p.A391K,0.139360088
p.A391F,0.96634034
p.A391P,1.113890302
p.A391S,0.710778198
p.A391T,1.042079302
p.A391Y,0.954156602
p.A391V,1.129778499
p.A394A,0.879369398
p.A394R,1.007090953
p.A394N,0.694724652
p.A394D,0.872623778
p.A394C,1.03071403
p.A394E,0.948647317
p.A394G,0.427366071
p.A394H,0.379968196
p.A394I,0.825339479
p.A394L,0.872780939
p.A394K,1.00334772
p.A394M,0.741742987
p.A394F,0.880009635
p.A394P,1.02705234
p.A394S,0.4998614
p.A394X,-0.009626384
p.A394T,0.968686679
p.A394Y,0.699873974
p.A394V,1.016703103
p.A399A,0.108329347
p.A399R,1.050867168
p.A399G,1.028123226
p.A399L,0.031780472
p.A399K,0.975907665
p.A399S,0.86928849
p.A399X,-0.018874058
p.A399Y,0.592080843
p.A431R,1.050296563
p.A431N,-0.308422277
p.A431D,-0.035093855
p.A431E,0.676440403
p.A431G,1.102077499
p.A431H,0.97838085
p.A431I,0.116073223
p.A431L,0.828323637
p.A431M,0.834832566
p.A431F,-0.138406935
p.A431P,-0.109722145
p.A431S,0.974860754
p.A431T,1.106732759
p.A431W,1.081750355
p.A431V,0.98032971
p.A437A,0.964719502
p.A437R,0.983682017
p.A437D,0.95813469
p.A437C,0.867284857
p.A437E,0.93198863
p.A437G,0.375196757
p.A437H,0.778302173
p.A437I,0.8162832
p.A437L,1.051374477
p.A437F,1.019241546
p.A437P,0.98019843
p.A437S,0.978597669
p.A437T,0.864934856
p.A437W,0.955589905
p.A437V,1.077561161
p.A459A,1.075815258
p.A459R,0.992971232
p.A459N,1.232533128
p.A459D,0.984492609
p.A459E,0.963282806
p.A459G,0.993799625
p.A459I,1.063022388
p.A459L,0.965048806
p.A459M,0.692993475
p.A459F,1.008648431
p.A459S,1.047817733
p.A459X,-0.10463542
p.A459T,0.960442239
p.A459W,0.973689305
p.A459Y,0.070478972
p.A459V,0.860820469
p.A475A,1.135520408
p.A475R,1.015329117
p.A475N,0.884104647
p.A475E,0.864588564
p.A475G,1.015366612
p.A475H,0.367322308
p.A475I,0.085918688
p.A475L,0.892213067
p.A475K,1.0824464
p.A475M,1.006713148
p.A475F,0.934471174
p.A475S,0.801454562
p.A475X,0.237395764
p.A475T,0.868946613
p.A475W,0.914488755
p.A475Y,0.978200859
p.A475V,1.010498525
p.A480R,1.024737237
p.A480D,0.033790121
p.A480C,1.078460627
p.A480E,0.866365541
p.A480G,1.032715441
p.A480I,-0.00436626
p.A480M,0.728937645
p.A480F,0.037288264
p.A480P,0.051975257
p.A480S,1.0338539
p.A480X,-0.139651945
p.A480T,1.020600665
p.A480Y,0.106321763
p.A480V,0.007386424
p.A50A,0.963904608
p.A501A,1.034110267
p.A501R,0.232587243
p.A501N,0.733106318
p.A501D,1.077114563
p.A501C,0.048999159
p.A501E,1.09375304
p.A501G,0.992611701
p.A501I,0.693482286
p.A501L,0.969122762
p.A501K,1.006815883
p.A501F,1.018157752
p.A501P,0.153416828
p.A501S,1.077890482
p.A501X,0.10758194
p.A501T,1.012706251
p.A501W,1.15972601
p.A501Y,1.021845921
p.A501V,1.042934565
p.A50R,1.00637967
p.A50N,0.70110613
p.A50D,0.031803603
p.A50C,0.931447389
p.A50Q,1.044654728
p.A50G,1.060061246
p.A50I,0.719789871
p.A50L,1.037590383
p.A50K,0.996042797
p.A50M,1.028671915
p.A50P,0.748371024
p.A50S,0.559710604
p.A50X,-0.057677228
p.A50T,1.030304458
p.A50W,0.975869603
p.A50Y,0.988658883
p.A50V,1.036871417
p.A521A,1.076769335
p.A521R,1.025775596
p.A521N,0.745097081
p.A521D,0.914918033
p.A521C,0.91533078
p.A521E,0.530634095
p.A521G,1.127826977
p.A521I,0.904110954
p.A521L,1.11792491
p.A521M,1.033155064
p.A521F,0.456115245
p.A521P,0.977575372
p.A521S,0.770942553
p.A521X,-0.200158467
p.A521W,0.975791921
p.A521Y,0.553019831
p.A521V,0.987459569
p.A540A,0.949043453
p.A540R,1.066546563
p.A540N,1.284967627
p.A540D,0.988215826
p.A540C,1.066690024
p.A540Q,0.925767797
p.A540E,0.972384374
p.A540G,1.090378072
p.A540I,1.04023971
p.A540L,0.946507374
p.A540K,0.13967769
p.A540M,1.090625259
p.A540F,0.228390824
p.A540P,1.032860261
p.A540S,0.827497433
p.A540X,0.170511257
p.A540T,1.071845825
p.A540W,1.077266864
p.A540Y,0.958430267
p.A540V,0.995657362
p.A606A,0.847258539
p.A606R,0.960153867
p.A606D,0.825805391
p.A606C,1.004285558
p.A606Q,0.866731732
p.A606E,1.013916848
p.A606G,1.010800745
p.A606H,0.675233159
p.A606I,0.95670495
p.A606L,1.050770415
p.A606K,1.010899727
p.A606M,1.021201969
p.A606F,0.842553756
p.A606P,0.848650493
p.A606S,0.989512763
p.A606X,0.300411218
p.A606T,0.657186555
p.A606W,0.969832009
p.A606Y,1.013408771
p.A606V,1.008152936
p.A612A,1.014635444
p.A612R,0.825392887
p.A612N,0.710512425
p.A612D,1.006712619
p.A612C,0.871465344
p.A612Q,-0.035276081
p.A612E,0.964538647
p.A612G,1.014113127
p.A612H,0.526035722
p.A612I,0.930342773
p.A612L,1.104662472
p.A612P,0.01350957
p.A612S,0.988162879
p.A612X,-0.061664374
p.A612T,1.01316944
p.A612Y,-0.028401237
p.A612V,1.031018998
p.A627A,0.967232747
p.A627R,0.360996904
p.A627D,0.159950736
p.A627E,0.965258066
p.A627G,1.038892592
p.A627H,0.755598286
p.A627I,0.843210336
p.A627L,0.041260328
p.A627K,1.103370725
p.A627M,0.999285019
p.A627P,-0.068620598
p.A627S,0.95323187
p.A627X,-0.030008799
p.A627T,0.837327121
p.A627W,0.800760903
p.A627Y,0.152611755
p.A627V,-0.06019273
p.A631A,1.038433068
p.A631R,0.782955417
p.A631N,0.684478297
p.A631D,0.052195347
p.A631C,0.212547247
p.A631Q,0.90961161
p.A631G,0.960572049
p.A631H,0.901197531
p.A631I,0.913547407
p.A631L,0.942982324
p.A631K,1.001644091
p.A631M,0.983320409
p.A631F,1.025859958
p.A631P,-0.00736853
p.A631S,1.025907982
p.A631X,-0.007073569
p.A631T,1.002690623
p.A631W,1.01110039
p.A631V,0.982775534
p.A643A,0.95456562
p.A643N,1.024014344
p.A643D,1.032478828
p.A643C,1.030802462
p.A643Q,0.972725263
p.A643E,0.998438088
p.A643G,0.959714837
p.A643H,0.142263389
p.A643I,1.041795023
p.A643L,1.018193034
p.A643K,0.996623537
p.A643M,0.944459514
p.A643F,1.004325746
p.A643P,0.004010893
p.A643S,1.023207554
p.A643X,-0.020867705
p.A643T,1.147137076
p.A643W,0.985953863
p.A643Y,1.080277359
p.A643V,0.944356345
p.A684A,1.052060278
p.A684R,1.114713069
p.A684D,1.05671433
p.A684C,0.91234294
p.A684E,0.652432637
p.A684G,0.988569265
p.A684H,0.852841299
p.A684I,1.054745239
p.A684L,1.095803673
p.A684K,1.118126001
p.A684M,1.046189925
p.A684F,1.017750327
p.A684P,0.104331828
p.A684S,1.033354748
p.A684X,-0.093818666
p.A684T,1.045134473
p.A684Y,1.102319907
p.A684V,1.137126162
p.A697A,0.944952009
p.A697R,0.703927144
p.A697D,0.815911794
p.A697C,1.239466698
p.A697Q,1.002298412
p.A697G,1.087893489
p.A697H,1.06756554
p.A697I,0.907733106
p.A697L,0.996135787
p.A697K,1.031831507
p.A697M,0.964519108
p.A697F,1.003254442
p.A697P,-0.087832159
p.A697S,0.870551675
p.A697X,-0.021992398
p.A697T,0.997647505
p.A697W,0.820544732
p.A697Y,0.976988492
p.A697V,0.970633166
p.A705A,1.055268277
p.A705R,1.001894745
p.A705N,1.022854956
p.A705D,1.032123532
p.A705C,1.009220792
p.A705E,0.993951338
p.A705G,0.975143744
p.A705I,0.076300955
p.A705L,0.781924825
p.A705K,1.000388416
p.A705M,0.896894586
p.A705F,0.932283914
p.A705P,0.899811549
p.A705S,0.920455317
p.A705T,0.767761591
p.A705Y,1.327481466
p.A705V,1.018275939
p.A715A,1.004315054
p.A715R,1.011379276
p.A715N,1.094268078
p.A715D,0.916255622
p.A715C,0.832810619
p.A715Q,0.952336254
p.A715E,1.000471509
p.A715G,0.992897523
p.A715H,0.986048437
p.A715I,0.942523813
p.A715L,0.829077369
p.A715K,0.922016821
p.A715M,0.946609949
p.A715F,1.0151473
p.A715P,0.688597343
p.A715S,1.015110152
p.A715X,0.579818667
p.A715T,1.005089917
p.A715W,0.992263027
p.A715Y,0.951333056
p.A715V,0.826577778
p.A717A,0.91591996
p.A717R,1.074472925
p.A717N,1.074654597
p.A717D,1.004997807
p.A717C,0.928982086
p.A717Q,0.174322452
p.A717E,0.988009998
p.A717G,1.02825136
p.A717H,1.025341258
p.A717I,1.010235026
p.A717L,0.859812454
p.A717K,0.812524537
p.A717M,1.016334616
p.A717F,0.961015261
p.A717P,1.036674694
p.A717S,0.998908755
p.A717X,-0.253137477
p.A717T,1.12329134
p.A717W,0.986560097
p.A717Y,1.062099442
p.A717V,1.039475862
p.A718A,1.042050435
p.A718R,1.015001307
p.A718N,1.056526408
p.A718D,1.004425854
p.A718C,0.983157004
p.A718Q,0.938963305
p.A718E,0.982881124
p.A718G,0.989872793
p.A718H,0.990701488
p.A718I,1.016243401
p.A718L,1.009392365
p.A718K,0.985634009
p.A718M,1.0098933
p.A718F,1.009151224
p.A718P,0.932295971
p.A718S,0.990887667
p.A718X,-0.242304639
p.A718T,0.917294986
p.A718W,0.921182438
p.A718Y,0.989576181
p.A718V,0.867177501
p.A720A,1.027587924
p.A720R,1.029713802
p.A720N,1.031774728
p.A720D,1.018290071
p.A720C,0.999892274
p.A720Q,0.663965624
p.A720E,1.015237206
p.A720G,1.003203773
p.A720H,0.952249473
p.A720I,0.963580859
p.A720L,0.869288337
p.A720K,0.939310311
p.A720M,0.996528961
p.A720F,0.139037975
p.A720P,1.048639659
p.A720S,0.758391259
p.A720X,0.371601034
p.A720T,1.004506213
p.A720W,1.03773975
p.A720Y,0.926745088
p.A720V,0.965683263
p.A735A,0.94449544
p.A735R,0.986954073
p.A735N,0.939805738
p.A735D,0.989999309
p.A735C,0.975043521
p.A735Q,0.986385008
p.A735E,1.013649487
p.A735G,0.971928341
p.A735H,1.071702059
p.A735L,1.014139956
p.A735K,0.96068045
p.A735M,1.003272267
p.A735F,0.986701169
p.A735P,0.484244237
p.A735S,1.050979049
p.A735X,-0.17104977
p.A735T,0.918300887
p.A735W,1.008901172
p.A735Y,0.994853946
p.A735V,0.914883196
p.A755A,0.983023961
p.A755R,0.967903892
p.A755N,0.924292526
p.A755D,0.417103258
p.A755C,0.812154645
p.A755Q,0.962606823
p.A755E,1.017062429
p.A755G,0.980517592
p.A755H,0.963852289
p.A755I,1.007966946
p.A755L,0.772789824
p.A755K,0.883328162
p.A755M,0.34744037
p.A755F,0.962101306
p.A755P,0.996704198
p.A755S,0.425568034
p.A755X,0.082948218
p.A755T,1.036362365
p.A755W,1.032381825
p.A755Y,0.839698311
p.A755V,1.005622376
p.A771A,1.023615877
p.A771R,0.591753038
p.A771N,0.604089668
p.A771D,1.013868053
p.A771C,1.017299595
p.A771Q,0.993627571
p.A771E,0.865262648
p.A771G,1.010504447
p.A771H,0.950188746
p.A771I,1.0562237
p.A771L,0.978196575
p.A771K,1.037769118
p.A771M,1.000459391
p.A771F,0.965522258
p.A771P,0.983822272
p.A771S,0.972532391
p.A771X,-0.224872657
p.A771T,1.062610405
p.A771W,0.974299521
p.A771Y,-0.015901944
p.A771V,1.046382563
p.A776A,0.997714524
p.A776R,0.816905942
p.A776D,0.965738787
p.A776C,0.966428388
p.A776Q,1.002927493
p.A776E,1.079112164
p.A776G,0.978713926
p.A776H,1.009769101
p.A776I,0.982817911
p.A776L,0.984247017
p.A776K,0.96249552
p.A776M,0.938843989
p.A776F,0.916237211
p.A776P,1.015166125
p.A776S,0.917285473
p.A776T,1.121885505
p.A776W,0.976930452
p.A776Y,1.018712151
p.A776V,0.994197191
p.A789A,1.022177563
p.A789R,1.034632129
p.A789N,1.013550158
p.A789D,0.90608905
p.A789C,0.95301568
p.A789Q,1.033308687
p.A789E,0.988636065
p.A789G,1.051064943
p.A789H,1.012161694
p.A789I,0.988918663
p.A789L,0.951527764
p.A789K,1.007723712
p.A789M,0.981245885
p.A789F,0.950298941
p.A789P,0.946290832
p.A789S,1.073384492
p.A789X,-0.104098017
p.A789T,0.978447162
p.A789W,1.000851116
p.A789Y,1.020312469
p.A789V,0.838454569
p.A860A,0.989770526
p.A860R,0.976661251
p.A860D,1.096201888
p.A860C,1.007986138
p.A860E,1.004717394
p.A860G,0.066451639
p.A860H,0.9229011
p.A860K,0.878525266
p.A860M,0.931299153
p.A860P,0.26649558
p.A860S,0.808498347
p.A860T,-0.216352899
p.A860W,0.958832668
p.A860Y,0.954317215
p.A860V,0.993841753
p.R115R,0.750753475
p.R115A,1.144901319
p.R115N,0.848550682
p.R115D,0.99030799
p.R115C,1.031701138
p.R115Q,-0.016024739
p.R115E,1.05461046
p.R115G,1.036011457
p.R115H,1.183346219
p.R115I,1.10818465
p.R115L,1.009483156
p.R115M,1.000785573
p.R115F,1.076463365
p.R115P,1.00565563
p.R115S,0.997163054
p.R115X,-0.092747758
p.R115T,0.947538335
p.R115W,1.036229015
p.R115Y,0.861395287
p.R115V,1.033099654
p.R124R,0.855979014
p.R124A,0.558791354
p.R124N,0.976934665
p.R124D,1.077913974
p.R124C,0.936220601
p.R124E,1.124088643
p.R124G,0.967741219
p.R124H,1.04092157
p.R124I,0.974568905
p.R124L,0.914002396
p.R124M,1.004794698
p.R124F,0.936725049
p.R124P,1.078335599
p.R124S,0.978132247
p.R124X,-0.10286993
p.R124T,0.930748932
p.R124W,1.066686197
p.R124Y,0.740106837
p.R124V,0.998310517
p.R132R,0.961314118
p.R132A,0.215244883
p.R132N,1.0409462
p.R132D,0.911494081
p.R132C,1.071263296
p.R132Q,0.982364783
p.R132E,1.038607959
p.R132G,0.871134166
p.R132H,0.992528896
p.R132I,0.930406907
p.R132L,0.83865153
p.R132K,0.554883334
p.R132M,1.056249012
p.R132F,1.080449416
p.R132P,1.064275862
p.R132S,0.903319737
p.R132X,0.037499778
p.R132T,0.938632254
p.R132W,0.807634823
p.R132Y,0.910885917
p.R132V,1.019566295
p.R183R,0.917343173
p.R183A,0.964555965
p.R183N,0.841847499
p.R183D,1.084474347
p.R183C,0.932984762
p.R183E,0.907253695
p.R183G,1.03432356
p.R183H,0.81250522
p.R183I,0.874146527
p.R183L,1.013532299
p.R183K,0.851489287
p.R183M,0.918956664
p.R183F,0.622567646
p.R183P,0.736013829
p.R183S,0.994039721
p.R183X,0.003078026
p.R183T,0.976958193
p.R183W,0.862223925
p.R183Y,0.848668924
p.R183V,1.043174215
p.R185R,1.045007809
p.R185A,1.097103312
p.R185N,1.036527107
p.R185D,1.111001859
p.R185C,0.924453472
p.R185Q,0.762000464
p.R185E,0.781087392
p.R185G,0.804303809
p.R185H,0.827597769
p.R185I,1.041973158
p.R185L,0.518656037
p.R185K,0.997665208
p.R185M,1.01809561
p.R185F,0.809584326
p.R185P,0.861007936
p.R185S,0.961988354
p.R185X,0.016588936
p.R185T,0.955043237
p.R185W,1.017164226
p.R185Y,0.904519212
p.R185V,0.823026139
p.R215R,1.002274873
p.R215A,1.006150023
p.R215N,0.097138097
p.R215D,0.986531629
p.R215C,0.743296281
p.R215H,1.069643379
p.R215I,0.679817814
p.R215L,0.943224309
p.R215F,1.02081179
p.R215S,0.996017664
p.R215W,-0.062558631
p.R215Y,0.625232217
p.R215V,0.99363839
p.R237R,0.928068162
p.R237A,0.96097646
p.R237D,1.120828423
p.R237C,0.918179116
p.R237E,0.999539209
p.R237G,1.02191157
p.R237H,0.248556615
p.R237I,0.897950698
p.R237L,1.096517236
p.R237M,0.936563943
p.R237F,-0.097715059
p.R237P,1.046267527
p.R237S,1.035648419
p.R237X,-0.160141512
p.R237T,0.990798689
p.R237W,1.03171249
p.R237Y,1.036831434
p.R237V,0.82941267
p.R253R,1.025707086
p.R253A,0.964357917
p.R253N,0.809865981
p.R253D,0.954139204
p.R253C,0.933780054
p.R253Q,0.33040258
p.R253E,0.993953279
p.R253G,0.98725592
p.R253H,0.987005276
p.R253I,0.965634832
p.R253L,1.004457839
p.R253K,0.941436037
p.R253M,0.904059515
p.R253F,0.912507982
p.R253P,1.02144346
p.R253S,0.994998117
p.R253X,-0.021554453
p.R253T,1.095462283
p.R253W,1.029663785
p.R253Y,1.018036718
p.R253V,1.158296202
p.R257R,0.998379798
p.R257A,1.020514031
p.R257N,1.033759565
p.R257D,0.116925941
p.R257C,0.582944395
p.R257Q,0.848483747
p.R257E,0.958122002
p.R257G,1.030481567
p.R257H,0.735857281
p.R257I,0.964120186
p.R257L,0.96707014
p.R257K,1.068933186
p.R257M,1.011342137
p.R257F,1.060568018
p.R257P,0.980291349
p.R257S,0.92077538
p.R257X,-0.066787959
p.R257T,0.838615211
p.R257W,0.87584448
p.R257Y,1.03862581
p.R257V,1.040201895
p.R26R,1.124851809
p.R26A,0.994244701
p.R26N,0.906292269
p.R26D,0.904582405
p.R26C,1.029232789
p.R26Q,1.117708226
p.R26E,1.02795342
p.R26G,1.031588586
p.R26H,1.050148434
p.R26I,0.729952044
p.R26L,1.014308544
p.R26K,1.051590026
p.R26M,0.525128629
p.R26F,0.978951086
p.R26P,1.118372426
p.R26S,1.031661366
p.R26X,-0.100953557
p.R26T,1.095785612
p.R26W,1.099445909
p.R26Y,0.994151125
p.R26V,0.942187144
p.R29R,0.759200741
p.R29A,0.668160657
p.R29N,0.968817899
p.R29D,0.941829255
p.R29C,1.136551649
p.R29Q,1.00807151
p.R29E,1.127631168
p.R29G,0.897222382
p.R29H,0.945762586
p.R29I,0.856244021
p.R29L,0.889999731
p.R29K,1.01921052
p.R29M,1.227714111
p.R29F,1.017272146
p.R29P,0.835426186
p.R29S,1.00669862
p.R29X,-0.068744731
p.R29T,0.931140133
p.R29W,0.348908396
p.R29Y,0.807452969
p.R29V,1.015879412
p.R300R,1.09140621
p.R300A,0.472477998
p.R300N,0.780371543
p.R300D,0.858344993
p.R300C,0.175133516
p.R300Q,-0.027901218
p.R300E,-0.161222138
p.R300G,0.4320729
p.R300I,0.228539781
p.R300L,-0.286388775
p.R300K,0.988472755
p.R300M,0.896527291
p.R300F,-0.133330136
p.R300P,0.8925376
p.R300S,0.513833418
p.R300X,-0.084027063
p.R300T,0.000519379
p.R300W,0.260290914
p.R300Y,0.024982887
p.R300V,-0.097624171
p.R303R,0.947828205
p.R303A,1.242396396
p.R303N,0.996127037
p.R303D,1.023604204
p.R303C,0.424954262
p.R303Q,0.948669629
p.R303E,0.975768751
p.R303G,0.996657332
p.R303H,0.732569438
p.R303I,0.985376396
p.R303L,1.003862567
p.R303K,0.924726346
p.R303M,1.216501304
p.R303F,0.996043071
p.R303P,0.787090072
p.R303S,1.031267291
p.R303X,-0.050202927
p.R303T,0.643016613
p.R303W,1.082110201
p.R303Y,0.527410542
p.R303V,0.919122322
p.R350R,1.00554437
p.R350A,1.011536199
p.R350N,1.039740786
p.R350D,1.072733151
p.R350C,1.188095621
p.R350Q,1.005429883
p.R350E,1.036381958
p.R350G,1.050302608
p.R350H,1.041707446
p.R350I,1.037938884
p.R350L,1.009742608
p.R350K,1.01291102
p.R350M,0.992763695
p.R350F,0.951415577
p.R350P,-0.040696808
p.R350S,0.987763299
p.R350X,-0.103874488
p.R350T,0.548675269
p.R350W,0.85642096
p.R350Y,1.046604224
p.R350V,1.058184366
p.R351R,0.819284628
p.R351A,0.16630292
p.R351N,0.875788739
p.R351D,1.049911011
p.R351C,1.001878454
p.R351Q,0.842761873
p.R351E,0.95120157
p.R351G,0.947949368
p.R351H,1.062906083
p.R351I,1.078764112
p.R351L,1.003317767
p.R351K,0.994739039
p.R351M,1.031521181
p.R351F,0.966280443
p.R351P,0.940870011
p.R351S,0.926837893
p.R351X,0.050226944
p.R351T,0.903607423
p.R351W,0.980483692
p.R351Y,1.278693744
p.R351V,0.952593919
p.R406R,0.937843063
p.R406A,-0.052528748
p.R406D,1.064133405
p.R406C,0.59998578
p.R406Q,0.989443408
p.R406E,0.982246288
p.R406G,0.262245381
p.R406L,0.990156858
p.R406M,0.374665897
p.R406F,-0.148215356
p.R406X,-0.160784069
p.R406W,0.121252641
p.R406Y,0.002723477
p.R406V,-0.090051783
p.R410R,0.334952527
p.R410A,0.992401854
p.R410N,0.036235778
p.R410C,1.135821417
p.R410E,1.009388003
p.R410G,0.903473821
p.R410H,1.209538833
p.R410I,0.990815212
p.R410L,0.983736425
p.R410K,-0.132484825
p.R410M,0.983160235
p.R410P,-0.055478606
p.R410S,1.093503558
p.R410X,-0.113330323
p.R410T,0.761527049
p.R410W,0.585318465
p.R410V,0.955154282
p.R416R,1.02717735
p.R416A,0.220529423
p.R416D,0.9836514
p.R416Q,1.114986239
p.R416G,0.997938396
p.R416I,0.876170148
p.R416L,1.041612277
p.R416M,0.193870073
p.R416F,1.167022131
p.R416P,0.08141321
p.R416X,-0.075486088
p.R416T,-0.099913106
p.R416W,0.736371555
p.R416V,0.972139996
p.R427R,0.976623805
p.R427C,0.306608955
p.R427Q,1.036325974
p.R427E,1.077429177
p.R427G,0.889817253
p.R427H,0.919579606
p.R427I,1.053879044
p.R427L,0.850708837
p.R427K,1.076306427
p.R427M,0.976683341
p.R427S,0.871846775
p.R427X,0.083442466
p.R427W,0.922714655
p.R427Y,1.060178841
p.R427V,1.001900479
p.R440R,0.962651797
p.R440A,1.07318839
p.R440N,0.923438953
p.R440D,-0.265233162
p.R440C,1.076019019
p.R440Q,0.979152237
p.R440E,1.017002217
p.R440G,0.864033351
p.R440I,0.973504226
p.R440L,0.742824401
p.R440K,1.103283126
p.R440M,0.978320411
p.R440F,1.130320518
p.R440S,1.007190717
p.R440X,0.703559318
p.R440W,0.388152857
p.R440Y,0.961672882
p.R440V,0.609916638
p.R449R,0.947419517
p.R449A,0.629219519
p.R449N,0.815247091
p.R449D,0.982670572
p.R449C,1.019180933
p.R449E,0.93751593
p.R449G,0.961761837
p.R449I,1.045347508
p.R449L,0.983223187
p.R449K,1.094760637
p.R449M,0.978479611
p.R449F,1.106933818
p.R449S,0.957510514
p.R449T,0.059128967
p.R449W,1.131466952
p.R449Y,1.077169972
p.R449V,1.057408607
p.R458R,0.874675258
p.R458A,0.943686815
p.R458N,1.152301945
p.R458D,0.756134326
p.R458C,0.348786816
p.R458Q,0.162800425
p.R458E,0.928353589
p.R458G,0.942308659
p.R458H,0.879660567
p.R458I,0.964993069
p.R458L,0.899547219
p.R458K,0.961732943
p.R458F,0.96926186
p.R458S,0.96569343
p.R458X,0.039172441
p.R458T,0.932223091
p.R458W,0.979631545
p.R458Y,0.332012463
p.R458V,0.693319644
p.R471R,0.677860001
p.R471A,-0.039709288
p.R471N,0.929374806
p.R471C,0.770528654
p.R471Q,0.513128471
p.R471G,0.700085178
p.R471I,1.235100879
p.R471L,1.023167167
p.R471K,-0.092362603
p.R471F,0.97933328
p.R471S,1.028278512
p.R471X,-0.156835316
p.R471T,0.942753553
p.R471W,1.083953455
p.R471Y,0.998873208
p.R471V,0.705367209
p.R508R,0.279513386
p.R508A,-0.2091535
p.R508N,0.733636027
p.R508D,-0.100144263
p.R508C,1.062226229
p.R508Q,0.081538519
p.R508E,1.041769687
p.R508G,0.94632412
p.R508I,1.06681097
p.R508L,0.59931466
p.R508K,0.190637757
p.R508M,0.972605516
p.R508F,1.153096181
p.R508P,1.124331056
p.R508S,0.549640483
p.R508X,-0.084961386
p.R508T,0.962308578
p.R508W,0.983708255
p.R508Y,0.879340018
p.R508V,0.738418095
p.R513R,1.076320624
p.R513A,1.077446558
p.R513N,1.114878653
p.R513D,0.96250865
p.R513C,1.00693505
p.R513Q,1.074588932
p.R513E,1.054272449
p.R513G,0.263620606
p.R513H,1.063026922
p.R513L,1.087029982
p.R513K,0.964296424
p.R513M,1.068003806
p.R513F,0.934180163
p.R513P,1.135950727
p.R513S,1.048779857
p.R513X,-0.208722911
p.R513T,-0.078580886
p.R513W,1.055837159
p.R513Y,1.028865103
p.R513V,0.952884501
p.R520R,1.090374809
p.R520A,0.988441562
p.R520N,1.016640307
p.R520C,1.049751638
p.R520Q,1.015442102
p.R520E,1.037694671
p.R520G,1.011072529
p.R520H,1.041934747
p.R520I,1.255093912
p.R520L,1.164419141
p.R520M,1.135903172
p.R520F,0.516024954
p.R520P,-0.012168192
p.R520S,1.06844019
p.R520X,-0.137439625
p.R520T,1.093433772
p.R520W,1.054854073
p.R520Y,0.904167103
p.R520V,1.055787075
p.R574R,1.022639205
p.R574A,1.061375681
p.R574N,1.31991211
p.R574D,0.300021583
p.R574C,0.860151263
p.R574G,1.02065309
p.R574H,1.014027774
p.R574I,0.889837248
p.R574L,1.066356692
p.R574K,0.969418083
p.R574M,0.961193688
p.R574F,0.957882572
p.R574P,0.720462103
p.R574S,1.085229511
p.R574X,-0.090049692
p.R574W,0.96131919
p.R574Y,0.999278773
p.R574V,1.02328853
p.R595R,0.783043048
p.R595A,1.03733201
p.R595N,0.274784827
p.R595D,0.841068578
p.R595C,1.012763624
p.R595Q,0.902142852
p.R595E,0.985871553
p.R595G,0.860872494
p.R595H,0.033206648
p.R595I,0.944843622
p.R595L,0.95794942
p.R595K,0.97760776
p.R595M,1.030567212
p.R595F,0.97421906
p.R595S,0.914438463
p.R595X,0.034156144
p.R595T,0.970253016
p.R595W,0.93701956
p.R595Y,0.899340478
p.R595V,0.981662254
p.R604R,0.976555874
p.R604A,0.983500242
p.R604N,1.007913467
p.R604D,0.983934631
p.R604C,1.028201707
p.R604Q,1.057144753
p.R604E,0.915214294
p.R604G,0.983648101
p.R604H,1.039638598
p.R604I,1.004989936
p.R604L,0.892961863
p.R604K,1.021556468
p.R604M,0.992829365
p.R604F,1.032826242
p.R604P,1.022554747
p.R604S,0.899352307
p.R604X,0.05250498
p.R604T,1.025629599
p.R604W,1.017103887
p.R604Y,1.013998278
p.R604V,1.000993389
p.R633R,0.77516966
p.R633A,1.003500934
p.R633D,-0.026214673
p.R633Q,0.895298663
p.R633E,0.858779465
p.R633G,0.967135387
p.R633H,0.47911851
p.R633L,1.019383582
p.R633K,0.955727817
p.R633M,1.128158951
p.R633F,1.005391279
p.R633P,0.930931685
p.R633S,0.967925561
p.R633X,0.264544069
p.R633W,1.158311371
p.R633V,1.033870968
p.R662R,1.072642561
p.R662N,0.830380773
p.R662D,-0.079064952
p.R662E,1.07280535
p.R662L,1.023579883
p.R662K,1.057925475
p.R662M,0.824341155
p.R662F,0.940959703
p.R662P,0.993340583
p.R662S,0.981318223
p.R662X,-0.019667666
p.R662W,0.964206772
p.R662V,0.860168681
p.R669R,0.983394553
p.R669A,1.052170532
p.R669D,0.091512771
p.R669C,1.088394158
p.R669G,0.97693327
p.R669H,0.865683202
p.R669I,1.083391986
p.R669L,1.007827524
p.R669K,0.760807737
p.R669M,0.913411331
p.R669S,1.046694256
p.R669X,0.099005602
p.R669T,0.783698032
p.R669W,1.044599093
p.R669V,0.975904195
p.R706R,1.011285636
p.R706A,0.991694616
p.R706N,0.26012784
p.R706Q,0.88209772
p.R706E,0.921787217
p.R706G,0.939119179
p.R706L,0.936729699
p.R706K,0.728376575
p.R706M,1.066210609
p.R706S,1.018177329
p.R706X,-0.1409313
p.R706T,0.909010348
p.R706W,0.975851795
p.R706Y,0.947279456
p.R706V,0.859933174
p.R709R,0.96966179
p.R709A,1.117997129
p.R709N,0.349866172
p.R709D,1.003574952
p.R709C,0.954120643
p.R709E,0.922548373
p.R709G,0.966959124
p.R709H,1.049735421
p.R709I,0.954937427
p.R709L,1.007186835
p.R709K,0.999583385
p.R709M,1.045955445
p.R709P,0.905719217
p.R709S,0.991240391
p.R709X,-0.006251591
p.R709T,0.507514932
p.R709W,0.959175562
p.R709Y,1.042448151
p.R709V,1.063139534
p.R728R,0.954652908
p.R728A,1.001435203
p.R728N,0.949693997
p.R728D,0.96763145
p.R728C,1.015669992
p.R728Q,0.910384601
p.R728E,0.956357851
p.R728G,0.970234631
p.R728H,1.045449731
p.R728I,1.012274122
p.R728L,0.561410598
p.R728K,0.981368902
p.R728M,0.988385123
p.R728F,1.075766814
p.R728P,0.920785946
p.R728S,0.948349014
p.R728X,0.130171304
p.R728T,1.030367786
p.R728W,0.998132047
p.R728Y,0.965464424
p.R728V,1.006641316
p.R737R,0.941785151
p.R737A,1.01260688
p.R737N,1.036531949
p.R737D,0.999348751
p.R737C,0.943500977
p.R737Q,1.030357074
p.R737E,1.003120152
p.R737G,1.048729904
p.R737H,1.031684146
p.R737I,0.99253549
p.R737L,0.992154817
p.R737K,1.013022218
p.R737M,0.76863693
p.R737F,1.017928923
p.R737P,0.944476288
p.R737S,0.850134284
p.R737X,-0.084373085
p.R737T,0.977719859
p.R737W,1.033802826
p.R737Y,1.036374786
p.R737V,1.02760182
p.R744R,1.036329818
p.R744A,0.613824542
p.R744N,0.974419321
p.R744D,0.897560026
p.R744C,1.008278335
p.R744Q,0.522621603
p.R744E,0.999113428
p.R744G,0.990527672
p.R744H,1.057374699
p.R744I,0.852861009
p.R744L,0.820302275
p.R744K,0.972847208
p.R744M,1.004481619
p.R744F,0.867984401
p.R744P,0.592344189
p.R744S,0.891758945
p.R744X,-0.154334751
p.R744T,0.910332323
p.R744W,1.003472893
p.R744Y,1.017492437
p.R744V,1.089132659
p.R751R,1.032671012
p.R751A,0.977674173
p.R751N,0.971203434
p.R751C,0.992803702
p.R751Q,0.881981261
p.R751E,1.009915494
p.R751G,0.660275815
p.R751H,1.052181559
p.R751I,0.483270192
p.R751L,0.982855647
p.R751K,1.017730481
p.R751M,1.048833858
p.R751F,1.066240927
p.R751P,0.380013871
p.R751S,0.916047723
p.R751X,-0.188466689
p.R751T,0.844920988
p.R751W,0.983014269
p.R751V,-0.050374861
p.R778R,1.090586827
p.R778A,1.00939631
p.R778N,0.995355618
p.R778D,1.024563595
p.R778C,0.993262824
p.R778Q,0.99245297
p.R778E,0.870440247
p.R778G,0.971836195
p.R778I,1.004741487
p.R778L,1.032220661
p.R778K,0.931073306
p.R778M,1.044512126
p.R778F,1.003882903
p.R778P,0.961881383
p.R778S,0.922658696
p.R778X,-0.118295634
p.R778T,0.699462739
p.R778W,0.965741999
p.R778Y,0.91736296
p.R778V,0.94124146
p.R78R,0.976311816
p.R788R,0.962595912
p.R788A,0.984816448
p.R788N,1.121977853
p.R788D,0.996584517
p.R788C,0.351480721
p.R788Q,1.001393539
p.R788E,0.990126071
p.R788G,0.955953917
p.R788H,0.228294356
p.R788I,1.081292837
p.R788L,0.993652666
p.R788K,1.033358467
p.R788M,1.029422067
p.R788F,0.966769898
p.R788P,0.949585899
p.R788S,1.03580123
p.R788X,-0.278643546
p.R788T,0.942247042
p.R788W,1.023010909
p.R788Y,1.022092145
p.R788V,0.940908661
p.R78A,0.872331036
p.R78N,1.093185447
p.R78D,1.061504915
p.R78C,0.979468436
p.R78Q,1.039382536
p.R78E,1.139755603
p.R78G,0.997503071
p.R78H,0.846961632
p.R78I,0.943493846
p.R78L,1.017910329
p.R78K,1.070982093
p.R78M,1.085817769
p.R78F,1.05261719
p.R78P,0.890468719
p.R78S,0.925481417
p.R78X,-0.005324924
p.R78T,0.836775723
p.R78W,0.898694294
p.R78Y,1.146623314
p.R78V,0.839400265
p.R81R,0.865403347
p.R814R,1.015869919
p.R814A,0.990908048
p.R814C,1.00659003
p.R814Q,1.02086997
p.R814E,0.97491863
p.R814G,1.0097589
p.R814L,0.953196134
p.R814M,0.961950818
p.R814F,0.957128022
p.R814P,1.014824673
p.R814S,0.965065148
p.R814X,0.750281822
p.R814W,1.029895532
p.R81A,1.075254403
p.R81N,0.993312904
p.R81D,1.034202732
p.R81C,0.887658756
p.R81Q,0.88401409
p.R81E,1.017547783
p.R81G,1.001531944
p.R81H,1.006245181
p.R81I,0.939482835
p.R81L,0.729958459
p.R81K,0.772789986
p.R81M,0.923119039
p.R81F,0.96206804
p.R81P,0.901137499
p.R81S,0.885174023
p.R81X,-0.065632775
p.R81T,1.090338151
p.R81W,0.986160077
p.R81Y,0.612467763
p.R81V,0.970531442
p.R850R,1.005184017
p.R850A,1.030141608
p.R850N,0.957081209
p.R850D,1.024862382
p.R850C,0.991196808
p.R850Q,1.025125857
p.R850E,1.027951749
p.R850G,0.987490506
p.R850H,1.012883596
p.R850I,0.956036705
p.R850L,1.055045786
p.R850K,1.034184061
p.R850M,1.038619147
p.R850F,1.00908736
p.R850P,1.050253682
p.R850S,1.013494518
p.R850X,0.882298494
p.R850T,0.930198816
p.R850W,0.910670027
p.R850Y,1.04842344
p.R850V,0.655751954
p.R88R,0.942379163
p.R88A,0.802021206
p.R88N,0.954945327
p.R88D,0.998980153
p.R88C,0.945669748
p.R88Q,1.00606927
p.R88E,1.060801416
p.R88G,1.00769946
p.R88I,0.919640037
p.R88L,0.963958231
p.R88K,1.016660641
p.R88M,0.746777743
p.R88F,1.03004612
p.R88P,0.96762861
p.R88S,1.054820322
p.R88X,0.125208287
p.R88T,0.488082297
p.R88W,0.832888587
p.R88Y,1.021602254
p.R88V,1.040805215
p.R9R,0.322442082
p.R9A,0.859430548
p.R9N,0.819619876
p.R9D,0.984312065
p.R9C,1.049046768
p.R9Q,0.932625869
p.R9E,1.055688663
p.R9G,1.026977446
p.R9H,0.965635696
p.R9I,1.125237242
p.R9L,0.959690109
p.R9K,0.976661079
p.R9M,0.533688371
p.R9F,0.866017044
p.R9P,0.955591274
p.R9S,1.119232839
p.R9X,-0.017936238
p.R9T,1.091015879
p.R9W,1.000988649
p.R9Y,1.033146506
p.R9V,0.761532224
p.N156N,1.001672386
p.N156A,0.935011478
p.N156R,0.799288051
p.N156D,0.824816207
p.N156C,0.911203594
p.N156Q,0.932934635
p.N156E,1.00709886
p.N156G,1.060060311
p.N156H,0.947795902
p.N156I,1.039912006
p.N156L,1.072710117
p.N156K,0.913322611
p.N156M,1.093311903
p.N156F,0.671132191
p.N156P,1.035808059
p.N156S,0.985326268
p.N156X,0.116147033
p.N156T,0.92677058
p.N156W,-0.076618267
p.N156Y,0.972358067
p.N156V,0.686516734
p.N169N,1.051903661
p.N169A,1.169679444
p.N169R,0.997550698
p.N169D,0.978765737
p.N169C,1.000989243
p.N169Q,0.899689979
p.N169E,1.055087931
p.N169G,0.978693502
p.N169H,0.761802408
p.N169I,0.997574098
p.N169L,1.041462398
p.N169K,1.011680786
p.N169M,1.03054967
p.N169F,0.942346273
p.N169P,0.977612349
p.N169S,1.030335775
p.N169X,0.179438047
p.N169T,0.872105517
p.N169W,1.054205562
p.N169Y,0.98504529
p.N169V,1.024120868
p.N230N,0.95057229
p.N230A,0.920753226
p.N230R,0.940514089
p.N230D,1.012287493
p.N230Q,0.978170933
p.N230E,0.983868067
p.N230G,1.010567568
p.N230H,-0.11460559
p.N230I,0.949404221
p.N230L,0.950621851
p.N230K,1.051877342
p.N230M,1.047176981
p.N230F,1.008794434
p.N230P,1.10079652
p.N230S,1.030417713
p.N230X,-0.054108388
p.N230T,0.972504876
p.N230W,0.83011903
p.N230Y,0.935385987
p.N230V,0.987682699
p.N247N,0.764127399
p.N247R,0.82931199
p.N247D,0.557898939
p.N247C,0.635278041
p.N247E,0.757214347
p.N247G,0.886596631
p.N247H,1.011550329
p.N247I,0.917469788
p.N247L,0.657801253
p.N247K,0.969477838
p.N247M,0.019268186
p.N247F,0.980607565
p.N247P,1.001923666
p.N247S,1.023202007
p.N247X,-0.054066858
p.N247T,1.049498207
p.N247W,1.02267973
p.N247Y,1.031379883
p.N247V,0.032050791
p.N272A,0.928313539
p.N272R,1.045172971
p.N272D,1.054497396
p.N272C,0.01659088
p.N272E,0.817579231
p.N272G,0.410562907
p.N272H,1.014213423
p.N272I,1.073478305
p.N272L,0.852259603
p.N272K,0.013257915
p.N272M,0.562742695
p.N272F,1.064722755
p.N272P,1.045861043
p.N272S,1.070667162
p.N272X,-0.120063281
p.N272T,1.01780192
p.N272Y,0.954358453
p.N272V,0.299106737
p.N280N,0.532775483
p.N280A,0.643687892
p.N280R,1.008230128
p.N280D,0.968222231
p.N280C,0.906798091
p.N280Q,0.982121176
p.N280E,0.986035486
p.N280G,0.963898672
p.N280H,0.998594499
p.N280I,0.948069928
p.N280L,0.937353801
p.N280K,0.99189983
p.N280M,0.808510914
p.N280F,1.1017341
p.N280P,0.956630296
p.N280S,1.093271904
p.N280X,0.126947937
p.N280T,0.909903682
p.N280W,0.996522978
p.N280Y,1.058026602
p.N280V,1.015532472
p.N297N,1.00033584
p.N297A,-0.148682096
p.N297R,-0.002793609
p.N297D,1.029545753
p.N297C,0.020591025
p.N297Q,-0.162292306
p.N297E,-0.138605058
p.N297G,-0.187147202
p.N297H,-0.058842123
p.N297I,-0.067313433
p.N297L,-0.109735859
p.N297K,0.092580059
p.N297M,-0.042442971
p.N297F,-0.232722064
p.N297P,0.009544087
p.N297S,-0.194951611
p.N297X,0.210839527
p.N297T,-0.199329263
p.N297W,0.056652919
p.N297Y,-0.208544686
p.N297V,-0.134515209
p.N30N,0.910215425
p.N30A,0.903302292
p.N30R,1.047577384
p.N30D,1.038310051
p.N30C,1.105230542
p.N30Q,1.021645081
p.N30E,0.300826798
p.N30G,0.97124192
p.N30H,0.96003075
p.N30I,1.148156157
p.N30L,1.023244884
p.N30K,0.960649131
p.N30M,1.095822808
p.N30F,0.997060037
p.N30P,1.025290218
p.N30S,0.968553946
p.N30X,0.086475938
p.N30T,1.019127223
p.N30W,1.102887421
p.N30Y,1.053710207
p.N30V,0.856606688
p.N316N,1.012168551
p.N316A,0.8045365
p.N316R,0.76454887
p.N316D,0.96639432
p.N316C,-0.019812117
p.N316Q,0.882461247
p.N316E,0.489561005
p.N316G,0.326000794
p.N316H,0.951542609
p.N316I,0.883417903
p.N316L,0.655121383
p.N316K,-0.077570078
p.N316M,0.906461332
p.N316F,0.697761423
p.N316P,0.453154021
p.N316S,0.896863087
p.N316X,0.019168657
p.N316T,0.64374756
p.N316W,0.622832586
p.N316Y,0.70493556
p.N316V,0.746039168
p.N321N,0.974061473
p.N321A,0.88127157
p.N321R,1.058527818
p.N321D,1.016492137
p.N321C,0.994130193
p.N321Q,0.928214398
p.N321E,-0.073058656
p.N321G,0.930919917
p.N321H,-0.006257156
p.N321I,1.018474108
p.N321L,0.915751672
p.N321K,0.98284364
p.N321M,0.890715856
p.N321F,1.039095414
p.N321P,0.048910923
p.N321S,1.008321804
p.N321X,-0.103796686
p.N321T,1.054895486
p.N321W,0.992462971
p.N321Y,1.007672585
p.N321V,0.916790411
p.N322N,0.145924965
p.N322A,0.710167936
p.N322R,0.962544104
p.N322D,0.976877234
p.N322C,0.312822797
p.N322Q,0.819668886
p.N322E,0.858141864
p.N322G,1.049505047
p.N322H,0.926531542
p.N322I,0.910672838
p.N322L,0.936446672
p.N322K,0.85006146
p.N322M,0.931146556
p.N322F,0.99329619
p.N322P,0.44757628
p.N322S,0.66315837
p.N322X,-0.092563051
p.N322T,0.829180065
p.N322W,1.017401623
p.N322Y,0.984019302
p.N322V,0.851041581
p.N330A,0.977757418
p.N330R,1.01322074
p.N330D,0.866437871
p.N330C,0.992859199
p.N330Q,1.096314109
p.N330E,1.003147767
p.N330G,1.015209818
p.N330H,1.04139031
p.N330I,1.041095774
p.N330L,1.108735657
p.N330K,1.032707191
p.N330M,0.775279413
p.N330F,0.950936854
p.N330P,-0.195807666
p.N330S,0.97350071
p.N330X,0.016032055
p.N330T,0.776287789
p.N330W,0.947790212
p.N330Y,0.993075973
p.N330V,0.790565668
p.N370N,1.011888228
p.N370A,1.185335266
p.N370R,1.025537132
p.N370D,0.509640403
p.N370C,0.008481058
p.N370Q,0.053750684
p.N370E,0.642940731
p.N370G,1.016614241
p.N370H,0.962823949
p.N370I,0.952018856
p.N370L,1.025427516
p.N370K,1.021948084
p.N370M,0.602788774
p.N370F,1.016408981
p.N370P,1.100265804
p.N370S,0.986274655
p.N370T,1.026393946
p.N370W,1.014815121
p.N370Y,1.083461707
p.N370V,0.998746092
p.N405N,1.04596767
p.N405D,1.039774019
p.N405C,1.192183312
p.N405E,0.984947394
p.N405H,0.857407389
p.N405I,1.172698152
p.N405L,1.068841307
p.N405K,0.28780446
p.N405F,0.997362459
p.N405P,-0.00701516
p.N405S,1.208342929
p.N405X,-0.043007371
p.N405W,1.046873708
p.N405Y,0.159527179
p.N405V,1.049225307
p.N425N,0.773659978
p.N425R,1.059537509
p.N425D,0.989085017
p.N425E,0.656434362
p.N425I,0.356825802
p.N425L,1.173336732
p.N425M,0.641365807
p.N425F,1.030187251
p.N425P,1.087360403
p.N425S,0.88780129
p.N425X,-0.146839642
p.N425T,-0.052272763
p.N425Y,0.975596418
p.N425V,-0.099913106
p.N428N,0.702150713
p.N428A,0.006224208
p.N428R,-0.120151729
p.N428C,0.800377821
p.N428E,0.999746753
p.N428H,1.043951398
p.N428I,0.825395808
p.N428L,-0.180412145
p.N428K,1.052581993
p.N428M,0.70893697
p.N428F,1.143612925
p.N428S,1.191765454
p.N428X,0.010714388
p.N428T,0.696493624
p.N428Y,0.966980682
p.N428V,-0.017611131
p.N439A,1.022019827
p.N439R,1.220418404
p.N439D,1.008449062
p.N439C,0.439516238
p.N439E,1.062906244
p.N439G,1.134023726
p.N439H,1.022804383
p.N439I,1.091517144
p.N439L,0.964456448
p.N439K,1.140499866
p.N439M,1.056167878
p.N439F,1.034056276
p.N439P,0.854170792
p.N439S,0.933552156
p.N439X,-0.097091472
p.N439T,1.014520531
p.N439W,0.692600662
p.N439Y,0.988059422
p.N439V,1.071100014
p.N487N,1.015681601
p.N487A,0.296410167
p.N487R,1.038691011
p.N487C,0.126703452
p.N487E,-0.276357347
p.N487H,1.002967726
p.N487I,0.575725052
p.N487L,0.257408806
p.N487K,1.162972298
p.N487M,0.837816488
p.N487F,1.038704093
p.N487S,0.175508869
p.N487X,0.189666515
p.N487W,0.9716869
p.N487Y,1.039030191
p.N487V,1.094681699
p.N515N,0.170540499
p.N515A,1.105666998
p.N515R,0.29993998
p.N515D,1.053938167
p.N515Q,0.825598422
p.N515E,1.072830249
p.N515G,0.843669627
p.N515I,0.88860795
p.N515K,0.477192409
p.N515M,1.034795292
p.N515P,1.052530884
p.N515S,1.043466347
p.N515T,0.414914154
p.N515W,-0.0409009
p.N515V,1.231937005
p.N548A,0.577946553
p.N548R,-0.097813376
p.N548D,0.943301189
p.N548C,1.002120049
p.N548Q,1.158999904
p.N548E,-0.026978122
p.N548G,0.252819281
p.N548H,1.093817247
p.N548I,0.291455327
p.N548L,0.328275977
p.N548K,0.430220694
p.N548M,0.099366516
p.N548F,0.192510466
p.N548P,0.950512946
p.N548S,1.103771537
p.N548X,0.191853785
p.N548T,1.009836046
p.N548W,0.156099868
p.N548Y,0.049349659
p.N548V,0.683479976
p.N559N,1.007170349
p.N559R,0.564852697
p.N559D,0.982653948
p.N559G,0.340029909
p.N559K,1.174682143
p.N559M,0.819153277
p.N559F,0.98092792
p.N559S,1.002653454
p.N559W,0.933778018
p.N559Y,0.853499719
p.N559V,0.899852917
p.N564A,0.841935318
p.N564R,1.068528317
p.N564D,1.044255895
p.N564C,0.989907664
p.N564E,0.968461999
p.N564G,1.010869097
p.N564H,0.867194622
p.N564I,0.97907823
p.N564L,1.045139941
p.N564K,0.991083718
p.N564M,0.982828988
p.N564F,1.020917636
p.N564P,0.786987281
p.N564S,0.992213396
p.N564X,0.317597916
p.N564T,1.031819256
p.N564Y,1.001596269
p.N564V,0.979490283
p.N591A,0.934148553
p.N591R,0.999773249
p.N591D,1.165936428
p.N591C,0.892437854
p.N591Q,1.070070901
p.N591E,0.846063782
p.N591G,0.982021781
p.N591H,0.956756846
p.N591I,0.912661354
p.N591L,0.95608039
p.N591K,1.049346384
p.N591M,1.000859656
p.N591F,0.90971214
p.N591P,1.009745329
p.N591S,1.121892081
p.N591X,-0.002040908
p.N591T,0.970472115
p.N591V,0.824664678
p.N594N,1.001490012
p.N594A,1.0107737
p.N594R,1.016604571
p.N594D,0.952047338
p.N594E,1.071054587
p.N594G,0.861341273
p.N594H,0.927257729
p.N594I,1.010203366
p.N594L,0.897458162
p.N594K,1.000650907
p.N594M,0.880256471
p.N594F,0.950361989
p.N594P,0.843918541
p.N594S,0.965315865
p.N594X,-0.055254954
p.N594T,1.027651783
p.N594W,0.205707418
p.N594Y,0.994303549
p.N594V,0.854177267
p.N625N,0.987659874
p.N625A,1.005190205
p.N625R,0.97030421
p.N625D,0.23587207
p.N625C,0.981496858
p.N625Q,0.897200739
p.N625E,0.975239651
p.N625G,0.240491152
p.N625H,0.354136477
p.N625I,1.062034705
p.N625L,0.663201098
p.N625K,0.754936848
p.N625F,1.01267355
p.N625P,-0.033740784
p.N625S,1.119998969
p.N625X,-0.00769589
p.N625T,1.012505424
p.N625W,-0.010067975
p.N625V,1.071254481
p.N632N,0.99457619
p.N632A,0.543944273
p.N632R,0.926748604
p.N632D,1.027874714
p.N632C,1.014235961
p.N632Q,0.874449
p.N632E,0.998606506
p.N632G,1.073690199
p.N632H,1.014150086
p.N632I,0.936793112
p.N632L,1.013766826
p.N632K,0.873176231
p.N632M,1.038400246
p.N632F,0.932147827
p.N632P,1.013896814
p.N632S,1.009231402
p.N632T,1.004151932
p.N632Y,1.041274588
p.N632V,1.001276209
p.N640N,1.008943904
p.N640A,1.020973833
p.N640R,1.054945524
p.N640D,0.856150569
p.N640C,1.054181089
p.N640Q,0.960862594
p.N640E,0.830849957
p.N640G,0.98640457
p.N640H,-0.024080321
p.N640I,1.088033988
p.N640L,0.882444677
p.N640K,0.960459713
p.N640M,0.735886154
p.N640F,1.02951364
p.N640P,-0.014818765
p.N640S,0.939412254
p.N640X,-0.127192534
p.N640T,0.944139807
p.N640W,1.053763977
p.N640Y,0.991706354
p.N640V,0.890647777
p.N645N,1.134625169
p.N645A,1.138093257
p.N645R,1.072883482
p.N645D,0.593980312
p.N645C,0.975143778
p.N645G,1.026234926
p.N645H,0.939810454
p.N645I,0.866728984
p.N645L,0.959286575
p.N645K,1.027324867
p.N645M,0.967118952
p.N645F,0.909982054
p.N645P,0.986132282
p.N645S,0.992018213
p.N645X,-0.075319695
p.N645T,0.953845446
p.N645W,0.988260167
p.N645Y,1.063935216
p.N645V,1.148943126
p.N657N,1.023600123
p.N657D,0.365955503
p.N657C,-0.127296894
p.N657Q,0.078920727
p.N657E,0.080165208
p.N657G,0.840112014
p.N657I,1.040174379
p.N657L,-0.104524958
p.N657K,0.017961364
p.N657P,0.037005131
p.N657S,1.057825308
p.N657V,0.037424955
p.N665N,0.988070281
p.N665A,0.936271155
p.N665R,0.722466179
p.N665D,0.900497469
p.N665C,1.031247013
p.N665Q,1.002130341
p.N665E,0.396881789
p.N665G,0.69092737
p.N665H,0.165085141
p.N665I,0.577551435
p.N665L,0.915481068
p.N665K,-0.110589289
p.N665M,1.004076667
p.N665F,0.695410253
p.N665P,0.993890048
p.N665S,0.959536981
p.N665X,-0.187755844
p.N665T,0.933930084
p.N665W,-0.137298203
p.N665Y,0.054361146
p.N665V,0.982207008
p.N674A,0.895484873
p.N674R,0.991859239
p.N674D,1.021134822
p.N674C,1.011945717
p.N674Q,0.823342449
p.N674E,0.941514016
p.N674G,0.986958907
p.N674H,0.915840369
p.N674I,1.027299247
p.N674L,0.997699826
p.N674K,0.239162341
p.N674M,1.00346158
p.N674F,1.016747264
p.N674P,1.020562253
p.N674S,0.940139544
p.N674T,1.029228832
p.N674W,0.091774933
p.N674Y,0.981301316
p.N674V,1.045051282
p.N688N,1.02439119
p.N688A,1.029804638
p.N688R,0.93333737
p.N688D,1.067860025
p.N688C,0.86619678
p.N688Q,0.926538874
p.N688E,0.942153245
p.N688G,0.96629362
p.N688H,0.97025005
p.N688I,0.986103393
p.N688L,0.974777802
p.N688K,1.044084813
p.N688M,0.976061999
p.N688F,1.084271547
p.N688P,0.942491857
p.N688S,1.026220682
p.N688X,-0.056092758
p.N688T,0.981340579
p.N688W,0.965022363
p.N688Y,1.10728337
p.N688V,1.00984505
p.N780A,1.034769179
p.N780R,0.499260549
p.N780D,1.065321065
p.N780C,0.463511266
p.N780Q,0.961663681
p.N780E,1.022689831
p.N780G,1.010882486
p.N780H,0.912666504
p.N780I,0.99961771
p.N780L,0.878979473
p.N780K,0.963306748
p.N780M,0.337082642
p.N780F,0.85102949
p.N780P,0.770451316
p.N780S,0.975150665
p.N780T,0.997672344
p.N780Y,1.102711975
p.N780V,1.01564154
p.N80N,1.064964577
p.N80A,1.083561727
p.N80R,0.986622173
p.N80D,1.026600691
p.N80C,0.967847561
p.N80Q,1.066515401
p.N80E,1.068254915
p.N80G,0.981677052
p.N80H,1.001091439
p.N80I,0.728609881
p.N80L,0.98540692
p.N80K,1.035885053
p.N80M,0.94770133
p.N80F,1.019900274
p.N80P,0.99209971
p.N80S,0.971491385
p.N80X,-0.009863203
p.N80T,0.762058656
p.N80W,0.975686767
p.N80Y,1.013230166
p.N80V,0.862047412
p.N812N,1.056456766
p.N812A,0.994970129
p.N812R,1.020079037
p.N812D,0.526020655
p.N812E,-0.301132108
p.N812G,0.992925929
p.N812I,1.005046615
p.N812L,1.041700092
p.N812K,1.028407576
p.N812M,0.839509995
p.N812F,0.755637265
p.N812P,1.029130358
p.N812S,0.880467614
p.N812T,1.008387967
p.N812W,0.782431747
p.N812Y,0.964520412
p.N812V,1.04278994
p.N817N,1.019115868
p.N817A,0.972826535
p.N817R,0.970094433
p.N817D,1.0274778
p.N817C,1.0236617
p.N817Q,1.01091248
p.N817E,1.024280278
p.N817G,0.645939243
p.N817H,1.103217493
p.N817I,0.963847257
p.N817L,1.048173069
p.N817K,0.970696696
p.N817M,1.039708612
p.N817F,1.049253212
p.N817P,0.941877848
p.N817S,0.994003295
p.N817X,1.115200663
p.N817T,1.029094911
p.N817W,0.913798234
p.N817Y,0.23701568
p.N817V,1.001454999
p.N819A,0.905481786
p.N819R,0.985814208
p.N819D,0.96078238
p.N819C,-0.08405601
p.N819Q,0.958005616
p.N819E,1.094211959
p.N819G,0.717481068
p.N819H,0.990772953
p.N819I,0.905318962
p.N819L,1.020654179
p.N819K,1.006506974
p.N819M,0.959172132
p.N819F,0.740926514
p.N819P,0.986533888
p.N819S,0.95733626
p.N819X,0.577711783
p.N819T,1.006624821
p.N819W,1.070550019
p.N819Y,0.943520919
p.N819V,1.030235621
p.N822N,1.021344192
p.N822A,0.900926321
p.N822R,1.029530505
p.N822D,1.018300778
p.N822C,1.024289307
p.N822Q,0.8753814
p.N822E,0.534882206
p.N822G,1.0119676
p.N822I,0.986174671
p.N822L,1.025738873
p.N822K,1.100506988
p.N822M,-0.230039657
p.N822F,0.732873759
p.N822P,0.998161114
p.N822S,0.865338648
p.N822X,0.516051703
p.N822T,0.362389841
p.N822W,1.049083112
p.N822Y,0.94446646
p.N822V,0.992638661
p.N825N,0.978898935
p.N825A,0.547822912
p.N825R,1.065431629
p.N825D,0.983694958
p.N825C,1.05559232
p.N825Q,1.047776925
p.N825E,1.153586996
p.N825G,0.932732828
p.N825H,1.047177473
p.N825I,1.072229833
p.N825L,1.02809752
p.N825K,1.077899641
p.N825M,1.079412452
p.N825P,1.090941948
p.N825S,1.042838175
p.N825X,1.036553338
p.N825T,1.007875312
p.N825W,1.169742265
p.N825Y,1.08109914
p.N825V,1.110261737
p.N841N,0.992685263
p.N841A,1.03044784
p.N841R,1.080531985
p.N841D,1.052216909
p.N841C,1.000436607
p.N841Q,1.030002908
p.N841E,1.036425597
p.N841G,1.000872381
p.N841H,1.002432749
p.N841I,0.930770777
p.N841L,0.965575307
p.N841K,1.0222593
p.N841M,0.998021041
p.N841F,0.996703313
p.N841P,0.579378791
p.N841S,1.01056728
p.N841X,1.041945057
p.N841T,0.885670452
p.N841W,1.015883153
p.N841Y,0.977343684
p.N841V,0.993005907
p.N97N,1.042552856
p.N97A,0.955187628
p.N97R,1.032499396
p.N97D,0.959534654
p.N97C,0.935741631
p.N97Q,0.912998614
p.N97E,1.065901233
p.N97G,0.968541226
p.N97H,0.947012666
p.N97I,0.975865929
p.N97L,0.991188889
p.N97K,0.756871882
p.N97M,0.979493699
p.N97F,1.01737848
p.N97P,1.13987322
p.N97S,1.00551976
p.N97X,-0.048223126
p.N97T,1.006637967
p.N97W,0.305681041
p.N97Y,1.001552912
p.N97V,0.968136784
p.D100D,1.075092503
p.D100A,0.970347955
p.D100R,0.882476325
p.D100N,1.01128851
p.D100C,0.907007257
p.D100Q,0.985760638
p.D100E,1.034406656
p.D100G,0.890201021
p.D100H,1.119518973
p.D100I,1.114271074
p.D100L,0.899237527
p.D100K,0.989228429
p.D100M,1.015059107
p.D100F,0.918421511
p.D100P,1.035008439
p.D100S,0.968513958
p.D100X,0.107239648
p.D100T,1.032619608
p.D100Y,0.869228558
p.D100V,0.961615427
p.D112D,1.025224176
p.D112A,0.967738862
p.D112R,1.070229533
p.D112N,0.95454717
p.D112C,0.957617179
p.D112Q,1.088684586
p.D112E,1.036597505
p.D112G,0.92299791
p.D112H,0.984905095
p.D112I,1.084167703
p.D112L,0.896118013
p.D112K,0.988243238
p.D112M,0.971959292
p.D112F,0.897933536
p.D112P,1.029816753
p.D112S,1.115824817
p.D112X,-0.131146724
p.D112T,0.96688892
p.D112W,1.19104234
p.D112Y,1.011773972
p.D112V,1.00436979
p.D118A,1.004630327
p.D118R,0.970951401
p.D118N,1.109246535
p.D118C,1.067596536
p.D118Q,1.118215332
p.D118E,0.87411494
p.D118G,1.115710116
p.D118H,0.978382968
p.D118I,0.989039364
p.D118L,0.939898647
p.D118K,1.066386222
p.D118M,1.097853758
p.D118F,1.111133384
p.D118P,1.026304505
p.D118S,1.043969293
p.D118X,-0.09514309
p.D118T,1.003128451
p.D118W,0.899108943
p.D118Y,1.058351095
p.D118V,0.973605259
p.D129D,0.944994677
p.D129A,1.003501563
p.D129R,1.043564317
p.D129N,1.085314945
p.D129Q,0.98746197
p.D129E,1.027146077
p.D129G,1.035594671
p.D129H,1.038836107
p.D129I,1.107838521
p.D129L,1.047777401
p.D129K,1.136002762
p.D129M,1.115954342
p.D129F,1.064433198
p.D129P,1.29365944
p.D129S,1.01362339
p.D129X,0.0026003
p.D129T,1.072404872
p.D129W,1.089823275
p.D129Y,1.183018046
p.D129V,1.073724152
p.D131D,1.048564323
p.D131A,1.03080985
p.D131R,0.856004403
p.D131N,0.964518236
p.D131C,1.087365524
p.D131Q,1.151226182
p.D131E,1.067380767
p.D131G,0.635696827
p.D131H,0.985890423
p.D131I,1.045005171
p.D131L,1.301941871
p.D131K,1.052431882
p.D131M,0.86301183
p.D131F,0.993430217
p.D131P,1.05815512
p.D131S,1.035970548
p.D131X,-0.152562578
p.D131T,0.919751426
p.D131W,0.948386635
p.D131Y,1.03374281
p.D131V,1.003774673
p.D133D,0.84456361
p.D133A,0.979787322
p.D133R,1.116418945
p.D133N,1.047551099
p.D133C,0.969964655
p.D133Q,1.011380321
p.D133E,0.625124541
p.D133G,1.087576474
p.D133I,1.12812777
p.D133L,1.053955566
p.D133K,0.987581702
p.D133M,1.036033012
p.D133F,0.941591522
p.D133P,1.061416755
p.D133S,1.033654329
p.D133X,0.367565849
p.D133T,1.004534142
p.D133W,1.072731148
p.D133Y,1.010465105
p.D133V,1.049600918
p.D136D,0.997948299
p.D136A,1.035839272
p.D136R,0.918275475
p.D136N,0.701798678
p.D136C,0.879138564
p.D136Q,1.094682088
p.D136E,1.033765295
p.D136G,1.098873543
p.D136H,1.079161354
p.D136I,0.955853149
p.D136L,0.916949611
p.D136K,1.259918282
p.D136M,1.071034025
p.D136F,0.994333886
p.D136P,1.099736448
p.D136S,1.01753651
p.D136X,0.105064297
p.D136T,1.113691114
p.D136W,0.944644585
p.D136Y,1.028109632
p.D136V,1.034711548
p.D139D,1.022008911
p.D139A,1.066937527
p.D139R,0.970930475
p.D139N,1.064245339
p.D139C,1.029852995
p.D139E,0.960000488
p.D139G,1.064015827
p.D139H,1.024969159
p.D139I,0.771683047
p.D139L,1.106978102
p.D139K,1.013886488
p.D139M,1.035325786
p.D139F,1.025352086
p.D139P,1.073883834
p.D139S,1.083995244
p.D139X,-0.11144879
p.D139T,1.105803409
p.D139W,1.134897267
p.D139Y,0.987963646
p.D139V,0.931212903
p.D168D,1.146975351
p.D168A,1.061313688
p.D168R,1.039641892
p.D168N,1.102619312
p.D168C,0.911371009
p.D168Q,1.066178417
p.D168E,1.086513463
p.D168G,1.05163195
p.D168H,1.107267771
p.D168I,1.001788125
p.D168L,1.069760137
p.D168K,1.039761659
p.D168M,1.129762136
p.D168F,0.957755831
p.D168P,1.088006059
p.D168S,1.076552641
p.D168X,-0.084336505
p.D168T,0.756440956
p.D168W,1.007297491
p.D168Y,0.903213239
p.D168V,1.002739169
p.D170D,0.978774083
p.D170A,1.037816051
p.D170R,1.019468851
p.D170N,0.946925674
p.D170C,1.01590049
p.D170Q,1.088085544
p.D170E,0.933781982
p.D170G,0.956449932
p.D170H,1.051573633
p.D170I,0.859051111
p.D170L,0.969876758
p.D170K,1.004197187
p.D170M,0.9825654
p.D170F,0.999873592
p.D170P,1.092518595
p.D170S,1.060378228
p.D170X,-0.013572033
p.D170T,1.047599721
p.D170W,0.76477175
p.D170Y,0.875717454
p.D170V,1.040746953
p.D172D,1.041274677
p.D172A,1.111767546
p.D172R,0.975760055
p.D172N,0.80655863
p.D172C,0.953125597
p.D172Q,1.106275071
p.D172E,0.981899263
p.D172G,1.037139337
p.D172H,1.042635749
p.D172I,1.033324626
p.D172L,1.008633982
p.D172K,0.86137633
p.D172M,1.054298557
p.D172F,1.005206378
p.D172P,1.149134531
p.D172S,1.058508719
p.D172X,-0.042386944
p.D172T,1.090172874
p.D172W,0.947312239
p.D172Y,1.019985117
p.D172V,1.005560288
p.D175A,0.926336506
p.D175R,1.160083219
p.D175N,0.968025621
p.D175C,1.048986825
p.D175E,0.935094201
p.D175G,1.004323665
p.D175H,0.981711048
p.D175I,1.034981022
p.D175L,1.066194658
p.D175K,1.10146401
p.D175M,0.985034058
p.D175F,1.031629001
p.D175P,0.954528375
p.D175S,1.029879799
p.D175X,0.082334898
p.D175T,1.03180991
p.D175W,1.107267878
p.D175Y,1.015591216
p.D175V,0.995710372
p.D178A,0.963352075
p.D178R,1.066835942
p.D178N,1.040765867
p.D178C,1.052642998
p.D178Q,1.050406332
p.D178E,1.001262216
p.D178G,0.945871312
p.D178H,1.03567356
p.D178I,0.987694484
p.D178L,0.958666941
p.D178K,0.922627433
p.D178M,1.00949148
p.D178F,1.048373068
p.D178P,1.051021647
p.D178S,1.077298588
p.D178X,-0.189745389
p.D178T,0.923980372
p.D178W,0.936756851
p.D178Y,0.877595577
p.D178V,0.975771297
p.D193D,0.99378659
p.D193R,1.080438854
p.D193N,0.890712758
p.D193C,1.131899973
p.D193E,0.997320871
p.D193G,0.919851465
p.D193H,0.18090394
p.D193I,0.874608227
p.D193L,1.015512858
p.D193K,1.058785652
p.D193M,-0.356023752
p.D193F,1.083812368
p.D193P,0.963880818
p.D193S,1.033141152
p.D193X,0.158685543
p.D193T,0.941057291
p.D193W,0.99243287
p.D193Y,0.971529146
p.D193V,0.896979127
p.D217A,1.002514404
p.D217R,0.82294881
p.D217N,1.032707217
p.D217C,0.914690453
p.D217Q,0.989085392
p.D217E,0.773937988
p.D217G,1.189053624
p.D217H,0.178440969
p.D217I,1.020978727
p.D217L,0.89541786
p.D217K,1.031510005
p.D217M,1.002204947
p.D217F,0.879075541
p.D217P,0.978338534
p.D217S,1.049289458
p.D217X,-0.194353898
p.D217T,0.964931501
p.D217W,1.046299189
p.D217Y,1.033561135
p.D217V,1.008882713
p.D221D,0.976151688
p.D221A,0.892678269
p.D221R,0.782708871
p.D221N,1.045879805
p.D221C,-0.275414255
p.D221Q,1.088593034
p.D221E,1.001620672
p.D221G,1.217145762
p.D221H,0.958092496
p.D221I,0.960490459
p.D221L,1.029431154
p.D221K,-0.152189456
p.D221F,0.98317759
p.D221P,1.039316963
p.D221S,0.90007372
p.D221X,0.007132361
p.D221T,-0.285483274
p.D221W,0.006179493
p.D221Y,0.4302674
p.D221V,0.907620498
p.D224D,1.038381772
p.D224A,0.990120929
p.D224R,1.002952134
p.D224N,0.900588828
p.D224C,1.074274323
p.D224Q,0.891762978
p.D224E,1.038637933
p.D224G,0.980085745
p.D224H,1.02216689
p.D224I,1.051974814
p.D224L,0.966265884
p.D224K,0.560701795
p.D224M,0.996647352
p.D224F,1.080212808
p.D224P,0.046969419
p.D224S,1.087641797
p.D224X,-0.100567855
p.D224T,0.896047588
p.D224W,0.849345178
p.D224Y,0.879172946
p.D224V,0.792203329
p.D227A,0.905810593
p.D227R,1.035583509
p.D227C,-0.043878176
p.D227Q,0.776661953
p.D227E,0.993280495
p.D227G,1.033409517
p.D227I,0.992817253
p.D227L,0.939012298
p.D227K,0.891363093
p.D227M,-0.123830521
p.D227F,1.059116018
p.D227P,0.984450591
p.D227S,1.045366263
p.D227X,-0.167495713
p.D227T,0.799632783
p.D227W,1.054608762
p.D227Y,1.30290283
p.D227V,1.045714705
p.D239D,0.118350245
p.D239A,0.996415291
p.D239R,1.076466179
p.D239N,0.57031047
p.D239C,1.168067458
p.D239Q,1.041074544
p.D239E,1.048303211
p.D239G,0.999635857
p.D239H,0.579110421
p.D239I,0.879014987
p.D239L,0.995162166
p.D239K,0.968367868
p.D239M,1.023360376
p.D239F,0.535522759
p.D239P,1.0778225
p.D239S,0.977436436
p.D239X,-0.031045746
p.D239T,1.044425014
p.D239W,1.077239481
p.D239Y,0.988303875
p.D239V,0.936461027
p.D245D,1.024165726
p.D245A,0.995983389
p.D245R,1.037587649
p.D245N,0.852654849
p.D245C,0.946588413
p.D245Q,1.12617659
p.D245E,1.000297848
p.D245G,1.086021473
p.D245H,1.016214818
p.D245I,1.057249482
p.D245L,1.047581885
p.D245K,0.854061537
p.D245M,0.573477667
p.D245F,0.427806003
p.D245P,1.08502175
p.D245S,0.948053785
p.D245X,-0.112056699
p.D245W,1.072229084
p.D245Y,1.017402049
p.D245V,1.015506795
p.D25D,1.045404747
p.D256D,1.058296987
p.D256A,0.995308622
p.D256R,0.993685695
p.D256N,0.923480744
p.D256C,0.582632119
p.D256Q,0.298878644
p.D256E,0.909952973
p.D256G,0.989151909
p.D256H,0.840035289
p.D256I,0.971275235
p.D256L,0.758540758
p.D256K,1.082776278
p.D256M,1.140077913
p.D256F,0.852625097
p.D256P,1.02823987
p.D256S,1.10391023
p.D256X,-0.07292474
p.D256T,1.098707209
p.D256W,1.001151102
p.D256Y,0.915080457
p.D256V,1.027086936
p.D25A,1.060865625
p.D25R,1.0361944
p.D25N,1.11302873
p.D25C,0.813843855
p.D25Q,0.988894207
p.D25E,0.854984195
p.D25G,1.023392287
p.D25H,0.854019931
p.D25I,1.074694614
p.D25L,1.073776751
p.D25K,1.054783004
p.D25M,1.050880744
p.D25F,1.110273658
p.D25P,0.97905461
p.D25S,1.004502972
p.D25X,-0.026301014
p.D25T,0.891233822
p.D25W,0.992624729
p.D25Y,0.939676974
p.D25V,0.882716626
p.D260D,0.89524422
p.D260A,1.052875788
p.D260R,1.07168685
p.D260N,0.876554402
p.D260C,1.022405503
p.D260Q,0.97645126
p.D260E,1.050531896
p.D260G,1.10005297
p.D260H,1.006026048
p.D260I,0.658888974
p.D260L,1.016738614
p.D260K,0.966267874
p.D260M,0.96003708
p.D260F,1.036951516
p.D260P,0.509643312
p.D260S,0.994080946
p.D260X,0.145182787
p.D260T,0.898647274
p.D260W,0.987492971
p.D260Y,1.050054855
p.D260V,1.080892611
p.D263D,0.968887592
p.D263A,1.049510734
p.D263R,0.965460515
p.D263N,0.969729453
p.D263C,1.038812303
p.D263Q,1.123569376
p.D263E,0.967967599
p.D263G,0.950730076
p.D263I,1.103051769
p.D263L,1.017226818
p.D263K,1.002405929
p.D263M,1.082510527
p.D263F,1.168021767
p.D263P,1.171831531
p.D263S,0.822056159
p.D263X,-0.073382325
p.D263T,0.984908791
p.D263W,1.096110078
p.D263Y,0.967678731
p.D263V,1.012302465
p.D266A,1.051079988
p.D266R,0.982645263
p.D266N,1.220275958
p.D266C,1.022474538
p.D266Q,-0.026542397
p.D266E,0.809387336
p.D266G,1.079916686
p.D266H,1.058795627
p.D266I,0.764440818
p.D266L,1.056253094
p.D266K,1.002747977
p.D266M,1.163214945
p.D266F,1.015735925
p.D266P,1.084048067
p.D266S,1.040560035
p.D266X,0.228088927
p.D266T,1.032983139
p.D266W,0.907269509
p.D266Y,1.049419377
p.D266V,0.833385964
p.D293D,1.040248656
p.D293A,0.86020139
p.D293R,0.787105016
p.D293N,1.030822848
p.D293C,-0.004442121
p.D293E,0.978139677
p.D293G,1.005057841
p.D293H,0.823918164
p.D293I,0.905212589
p.D293L,1.056295141
p.D293K,0.876714225
p.D293M,0.852579172
p.D293F,0.976346712
p.D293P,0.338461648
p.D293S,1.000940365
p.D293X,-0.09643209
p.D293T,0.393236575
p.D293W,0.900344601
p.D293Y,0.916569706
p.D293V,0.923735514
p.D301D,0.962574092
p.D301A,-0.118659123
p.D301R,-0.058960646
p.D301N,0.085228208
p.D301C,0.059886764
p.D301Q,0.006865756
p.D301E,1.033591995
p.D301G,0.448480838
p.D301I,-0.038053029
p.D301L,0.287326278
p.D301K,-0.104883477
p.D301M,-0.269744554
p.D301F,-0.197441876
p.D301S,0.024608751
p.D301X,0.007722841
p.D301T,-0.05227679
p.D301W,-0.211555346
p.D301Y,0.005366573
p.D301V,0.008484689
p.D304D,0.998774196
p.D304A,-0.045760705
p.D304R,-0.100810675
p.D304N,0.04250411
p.D304C,-0.141467423
p.D304Q,-0.016508193
p.D304E,0.466757475
p.D304G,-0.089514841
p.D304H,0.166327786
p.D304I,-0.156576256
p.D304L,-0.20057123
p.D304K,-0.104404657
p.D304M,-0.098833488
p.D304F,-0.032917818
p.D304P,-0.115288582
p.D304S,0.146888343
p.D304X,-0.118911297
p.D304T,-0.206299224
p.D304W,-0.122657732
p.D304Y,-0.096544781
p.D304V,-0.038463176
p.D307A,0.206997209
p.D307R,-0.057787223
p.D307N,-0.081397546
p.D307C,-0.121495113
p.D307Q,-0.1674183
p.D307E,0.124960298
p.D307G,-0.046550894
p.D307H,-0.327544383
p.D307I,0.040276313
p.D307L,-0.111446026
p.D307K,0.032525756
p.D307M,0.012538837
p.D307F,-0.097122988
p.D307P,-0.04098247
p.D307S,-0.075922364
p.D307X,0.004617773
p.D307T,-0.193769584
p.D307W,-0.045595011
p.D307Y,-0.222922441
p.D307V,0.019634219
p.D320D,0.950366295
p.D320A,0.986842975
p.D320R,0.887392001
p.D320N,1.289916026
p.D320C,0.93310589
p.D320E,1.030368843
p.D320G,1.005032417
p.D320H,0.758527446
p.D320I,1.019930109
p.D320L,1.024168958
p.D320K,0.985283496
p.D320M,0.979620185
p.D320F,0.996532851
p.D320P,-0.042942539
p.D320S,0.681870569
p.D320X,-0.069316119
p.D320T,0.765185657
p.D320W,1.020801709
p.D320Y,0.987772669
p.D320V,0.821442844
p.D331D,0.986101542
p.D331A,0.094458267
p.D331R,0.879476082
p.D331N,1.012620331
p.D331C,0.106799973
p.D331Q,0.503028291
p.D331E,0.885804719
p.D331G,0.173061343
p.D331H,1.009414202
p.D331I,-0.038191791
p.D331L,0.075375423
p.D331K,0.952193774
p.D331M,0.041369525
p.D331F,0.338298832
p.D331S,0.965660208
p.D331X,-0.07769435
p.D331T,0.424738205
p.D331W,0.115852233
p.D331Y,0.834292398
p.D331V,0.627080576
p.D342D,0.299500647
p.D342A,0.958263456
p.D342R,0.944174355
p.D342N,1.011380039
p.D342C,1.051569766
p.D342Q,0.992911641
p.D342E,0.994477174
p.D342G,0.774277777
p.D342H,1.040079998
p.D342I,1.062117421
p.D342L,1.034962238
p.D342K,0.98561468
p.D342M,1.06475556
p.D342F,0.985728479
p.D342P,1.147098551
p.D342S,0.968853669
p.D342X,-0.235471393
p.D342T,0.991305404
p.D342W,1.013817086
p.D342Y,0.87504707
p.D342V,0.990595459
p.D354A,0.93625415
p.D354R,1.093278336
p.D354N,0.888209868
p.D354C,0.940930465
p.D354Q,1.056638811
p.D354E,1.064873221
p.D354G,1.017949662
p.D354H,1.043961748
p.D354I,1.028309444
p.D354L,0.920205973
p.D354K,1.010623374
p.D354M,1.07406591
p.D354F,0.981603324
p.D354P,-0.048004101
p.D354S,0.989209898
p.D354X,-0.163998411
p.D354T,1.108428627
p.D354W,1.035986023
p.D354Y,0.983183296
p.D354V,1.055898282
p.D356A,0.800854816
p.D356R,1.066381425
p.D356N,1.018258932
p.D356C,0.943260921
p.D356Q,1.04188579
p.D356E,1.010841911
p.D356G,1.052366563
p.D356H,1.098657176
p.D356I,1.10357564
p.D356L,0.988149115
p.D356K,0.999702547
p.D356M,1.02070142
p.D356F,1.028217538
p.D356P,1.122933462
p.D356S,0.94799385
p.D356X,0.101271027
p.D356T,1.075859898
p.D356W,0.229217815
p.D356Y,1.017496633
p.D356V,1.002318434
p.D36D,0.869151129
p.D360A,0.976137576
p.D360R,0.61127406
p.D360N,0.957402652
p.D360C,1.085035243
p.D360Q,1.050476418
p.D360E,1.169367102
p.D360G,1.005048718
p.D360H,0.793317043
p.D360I,0.637534919
p.D360L,0.596460243
p.D360K,0.902618949
p.D360M,1.035419446
p.D360F,0.641215822
p.D360S,0.643528623
p.D360X,-0.161657185
p.D360T,1.023452856
p.D360W,1.011177458
p.D360Y,0.146839268
p.D360V,0.973794408
p.D362D,1.137042918
p.D362A,1.069876628
p.D362R,1.13158584
p.D362N,0.953158124
p.D362C,0.917552708
p.D362E,0.314329704
p.D362G,1.036614176
p.D362H,1.03235026
p.D362I,1.078774438
p.D362L,0.396277132
p.D362K,0.688633042
p.D362M,1.126830095
p.D362F,0.978007912
p.D362S,1.026559863
p.D362X,-0.08501742
p.D362T,1.01526272
p.D362W,1.0168674
p.D362Y,0.312997234
p.D362V,1.019083266
p.D36A,0.972766327
p.D36R,1.042882106
p.D36N,0.801097297
p.D36C,1.032431091
p.D36Q,1.034011039
p.D36E,0.966504098
p.D36G,0.96440029
p.D36H,0.996481521
p.D36I,0.965882565
p.D36L,0.731025754
p.D36K,0.976219195
p.D36M,1.125709493
p.D36F,1.035449651
p.D36P,1.016895194
p.D36S,0.91552398
p.D36X,0.033667476
p.D36T,0.975188453
p.D36W,1.075161759
p.D36Y,0.957684644
p.D36V,0.919876793
p.D386D,1.065274969
p.D386A,1.007480087
p.D386R,0.795592538
p.D386N,0.961094086
p.D386C,0.132025647
p.D386E,0.966227325
p.D386G,0.921109808
p.D386I,1.110363299
p.D386L,1.002530908
p.D386F,1.122245935
p.D386S,0.938509155
p.D386X,0.759652876
p.D386T,1.093497095
p.D386W,0.198513958
p.D386Y,1.038004706
p.D386V,0.161635762
p.D415D,0.739991099
p.D415A,0.97266433
p.D415N,0.942365154
p.D415C,0.150830197
p.D415G,0.994922373
p.D415K,0.708550807
p.D415F,1.050035103
p.D415S,1.109423074
p.D415X,-0.026157819
p.D415W,0.909392697
p.D415V,-0.138771957
p.D433A,0.96598571
p.D433R,0.072840622
p.D433N,1.168726403
p.D433E,0.927687199
p.D433G,0.740434985
p.D433I,1.16432332
p.D433L,0.371020531
p.D433M,0.717643961
p.D433F,0.996937302
p.D433S,0.119089442
p.D433X,0.562118534
p.D433T,1.116223578
p.D433Y,1.110841227
p.D433V,1.360644198
p.D445R,0.827680268
p.D445N,-0.162707466
p.D445C,1.094238398
p.D445E,-0.202442743
p.D445G,1.001690778
p.D445H,1.001113727
p.D445M,0.882153481
p.D445W,0.962122797
p.D445Y,1.150927183
p.D445V,1.103900465
p.D457D,1.123171125
p.D457A,0.986989412
p.D457R,0.993802634
p.D457N,1.056289144
p.D457Q,1.043900872
p.D457E,0.811876767
p.D457G,0.989000159
p.D457I,1.038742397
p.D457L,0.986834547
p.D457K,1.11066116
p.D457M,0.969118574
p.D457F,0.869821553
p.D457P,1.000240227
p.D457S,0.974365206
p.D457X,0.187816867
p.D457T,1.183878513
p.D457W,0.849211298
p.D457Y,0.186193544
p.D457V,1.029165171
p.D466D,1.002370543
p.D466A,0.978247383
p.D466R,0.926425269
p.D466N,0.982611195
p.D466G,0.945860365
p.D466I,0.896535849
p.D466L,0.970797638
p.D466K,0.843621903
p.D466M,0.005581951
p.D466F,0.135113944
p.D466S,0.911561064
p.D466W,0.944178756
p.D466Y,1.070958312
p.D466V,1.013962121
p.D472D,0.454425428
p.D472R,1.041451814
p.D472N,1.049019348
p.D472C,1.05444402
p.D472E,0.985768577
p.D472G,0.913527155
p.D472I,1.048831207
p.D472L,0.153017372
p.D472F,0.591704353
p.D472S,0.570298597
p.D472X,-0.068013461
p.D472Y,0.808275969
p.D472V,0.987028375
p.D477N,1.211269658
p.D477G,1.065443892
p.D47A,1.048141215
p.D47R,1.036040883
p.D47C,1.090178563
p.D47E,0.986973106
p.D47G,0.875038595
p.D47H,0.997101577
p.D47L,1.096046913
p.D47K,1.014873023
p.D47M,0.951235433
p.D47F,1.021081261
p.D47S,1.015795428
p.D47T,1.104605047
p.D47W,1.048972019
p.D47Y,0.432917819
p.D47V,1.061738401
p.D482D,0.616449878
p.D482A,-0.017963248
p.D482N,1.169309435
p.D482C,-0.036681012
p.D482Q,-0.029491615
p.D482G,-0.128086355
p.D482I,0.050987112
p.D482F,0.093509584
p.D482S,0.386288434
p.D482X,-0.161548681
p.D482W,0.926425269
p.D482V,0.484113076
p.D492D,0.663063214
p.D492A,0.550338774
p.D492R,1.003280404
p.D492E,0.933725822
p.D492G,0.964748897
p.D492H,0.782401021
p.D492L,1.014613394
p.D492P,0.001324248
p.D492Y,0.928024882
p.D492V,0.928929572
p.D502A,1.030058834
p.D502R,1.113128169
p.D502N,-0.209909486
p.D502C,1.041983923
p.D502Q,0.975398058
p.D502E,-0.170017703
p.D502G,1.051534338
p.D502H,0.170255241
p.D502L,0.99116342
p.D502S,0.541151396
p.D502X,0.041090237
p.D502T,0.721604403
p.D502Y,1.039834466
p.D502V,1.19074652
p.D525A,1.100011528
p.D525R,0.799382702
p.D525N,0.73499411
p.D525C,1.013210504
p.D525Q,0.980350256
p.D525E,0.917165664
p.D525G,1.005298811
p.D525H,0.977175549
p.D525I,0.887935056
p.D525L,0.888258948
p.D525M,1.105509416
p.D525F,0.804375783
p.D525S,0.929919227
p.D525X,0.269035263
p.D525T,0.959441751
p.D525W,0.033191996
p.D525Y,1.018928346
p.D525V,1.000860295
p.D535D,1.273746521
p.D535A,1.028403934
p.D535R,0.940096339
p.D535N,-0.067414023
p.D535C,0.286102753
p.D535Q,0.832542266
p.D535E,1.020029884
p.D535G,0.498877278
p.D535H,0.265800416
p.D535I,0.927348651
p.D535L,0.964288584
p.D535K,1.105159378
p.D535M,1.00514217
p.D535F,1.043685818
p.D535S,0.93991682
p.D535X,-0.013255677
p.D535T,0.943926635
p.D535W,1.014506208
p.D535Y,1.114301479
p.D535V,0.970168731
p.D54A,1.071668155
p.D54R,1.053670412
p.D54N,1.169504502
p.D54C,1.087082792
p.D54E,1.20780074
p.D54G,0.699176189
p.D54H,1.088079191
p.D54I,1.106157762
p.D54L,0.995219988
p.D54K,0.969074239
p.D54M,0.922973501
p.D54F,0.898054943
p.D54P,1.040773
p.D54S,1.035806441
p.D54X,-0.097045057
p.D54T,1.032686643
p.D54W,1.045075001
p.D54Y,0.954721343
p.D54V,1.047940678
p.D551D,0.727391004
p.D551R,0.771778396
p.D551N,1.063732151
p.D551C,0.889410765
p.D551Q,1.096184794
p.D551E,0.863953774
p.D551G,1.089239498
p.D551H,1.021785532
p.D551I,1.020976535
p.D551L,0.940669189
p.D551F,1.034600039
p.D551S,0.554795495
p.D551X,0.876805586
p.D551T,1.052888246
p.D551W,0.930892324
p.D551Y,0.93794861
p.D551V,0.917626887
p.D569A,0.953999087
p.D569R,-0.050245857
p.D569N,1.036721629
p.D569C,0.986871268
p.D569E,1.024579859
p.D569G,0.854970114
p.D569I,0.228183519
p.D569L,0.90178912
p.D569K,-0.134190132
p.D569M,0.521505682
p.D569F,0.100513745
p.D569P,0.492732176
p.D569S,0.930827168
p.D569X,-0.029989106
p.D569T,0.40487366
p.D569W,1.003052764
p.D569Y,0.044289357
p.D569V,0.836476001
p.D57D,0.96072348
p.D579D,0.441859816
p.D579A,-0.227147064
p.D579R,0.010761164
p.D579N,0.853593587
p.D579C,0.950794407
p.D579Q,-0.212722483
p.D579E,0.742151865
p.D579G,-0.034371611
p.D579H,0.067510418
p.D579I,0.057253285
p.D579L,0.190205213
p.D579K,-0.039256522
p.D579F,-0.060847541
p.D579P,-0.08685995
p.D579S,0.508620147
p.D579T,0.294372224
p.D579W,-0.011570548
p.D579Y,-0.157457261
p.D579V,-0.043458387
p.D57A,1.065526669
p.D57R,1.104601119
p.D57N,0.947625538
p.D57C,1.054070496
p.D57Q,1.021260226
p.D57E,0.903412899
p.D57G,0.80411829
p.D57H,1.012685206
p.D57I,0.921818708
p.D57L,1.055500245
p.D57K,1.133236777
p.D57M,0.818667117
p.D57F,1.016280303
p.D57P,0.670569474
p.D57S,1.005112983
p.D57X,0.240811388
p.D57T,1.105605252
p.D57W,1.280409343
p.D57Y,0.947365763
p.D57V,1.034988679
p.D589A,1.026612844
p.D589R,0.991713857
p.D589N,0.908357371
p.D589C,0.971422551
p.D589Q,1.048059856
p.D589G,0.946648287
p.D589H,0.3903005
p.D589I,-0.114331198
p.D589L,1.022571212
p.D589K,1.091948833
p.D589M,1.0101209
p.D589F,1.165684646
p.D589P,0.958355391
p.D589S,1.030637757
p.D589X,-0.065434921
p.D589T,1.000650944
p.D589W,1.0158429
p.D589Y,0.982245139
p.D589V,1.000077716
p.D601A,0.983824592
p.D601R,1.038042214
p.D601N,0.979132512
p.D601C,0.361718125
p.D601E,1.010023816
p.D601G,0.955983818
p.D601H,0.968752958
p.D601I,0.975720002
p.D601L,0.95670118
p.D601K,1.050570541
p.D601M,0.917571327
p.D601F,0.923718461
p.D601P,0.937684214
p.D601S,0.828996756
p.D601X,0.00782745
p.D601T,0.919626788
p.D601W,0.246072212
p.D601Y,0.941169606
p.D601V,0.963868852
p.D616D,0.739761485
p.D616A,0.932014877
p.D616R,1.017664504
p.D616C,0.865632873
p.D616E,1.345906804
p.D616G,0.986556501
p.D616L,1.000983135
p.D616K,0.998905358
p.D616F,0.527849684
p.D616P,0.406058503
p.D616S,1.086379072
p.D616X,0.001046561
p.D616T,1.045643303
p.D616Y,0.996759306
p.D616V,0.92130468
p.D622A,-2.22E-05
p.D622R,-0.024943066
p.D622N,0.048432058
p.D622C,0.996928716
p.D622E,1.003829775
p.D622G,0.275906754
p.D622H,-0.030040241
p.D622I,0.02280863
p.D622L,0.151879072
p.D622K,0.067597892
p.D622F,0.60117404
p.D622S,0.892318043
p.D622X,0.011839269
p.D622W,-0.099648535
p.D622Y,0.032385026
p.D622V,0.019458091
p.D638A,1.020490394
p.D638R,0.970662958
p.D638N,1.135872343
p.D638C,0.968517146
p.D638Q,0.996588973
p.D638E,0.793319014
p.D638G,0.993600666
p.D638H,0.972082016
p.D638L,0.982160391
p.D638K,0.998057058
p.D638M,1.001789054
p.D638F,0.906544942
p.D638P,1.09344516
p.D638S,1.011151522
p.D638X,-0.034361383
p.D638T,0.947350646
p.D638W,0.283269402
p.D638Y,0.979803602
p.D638V,0.939127383
p.D651A,0.977515376
p.D651R,0.938976162
p.D651N,1.020895216
p.D651C,1.052392888
p.D651Q,0.083050853
p.D651E,0.494117705
p.D651G,0.927390618
p.D651I,0.971817793
p.D651L,0.777939339
p.D651M,0.467438379
p.D651F,-0.03405313
p.D651S,1.009339287
p.D651T,0.357817141
p.D651W,0.824504583
p.D651Y,0.875523089
p.D651V,0.991097283
p.D700D,0.987784405
p.D700A,0.99525257
p.D700N,1.041115204
p.D700C,0.920544221
p.D700E,1.035717493
p.D700G,0.746399669
p.D700L,0.824073109
p.D700M,-0.129490793
p.D700P,0.693379949
p.D700S,0.972709727
p.D700X,0.019701884
p.D700Y,0.178103765
p.D700V,0.863943961
p.D707D,0.89687578
p.D707A,0.612977132
p.D707R,-0.028058446
p.D707N,1.05615393
p.D707E,0.992646043
p.D707G,1.00845789
p.D707H,0.854519018
p.D707I,-0.025103785
p.D707L,-0.015696098
p.D707K,0.889832731
p.D707M,-0.031202951
p.D707F,-0.041360907
p.D707S,1.00035106
p.D707X,-0.049285379
p.D707T,0.98654871
p.D707Y,-0.032683229
p.D707V,-0.056856145
p.D72D,1.027337186
p.D72A,0.516737591
p.D72R,1.067623452
p.D72N,0.949804507
p.D72C,1.133775083
p.D72E,0.916184237
p.D72G,0.97010686
p.D72H,0.910344028
p.D72I,1.009570444
p.D72L,0.98922637
p.D72K,0.967496458
p.D72M,0.841479279
p.D72F,1.006450262
p.D72P,1.150517697
p.D72S,1.019671733
p.D72X,0.071999475
p.D72T,1.025913116
p.D72W,0.930372117
p.D72Y,1.150162334
p.D72V,1.052681023
p.D748D,0.972345992
p.D748A,0.989153865
p.D748R,0.997201036
p.D748N,0.215323896
p.D748C,0.237868959
p.D748Q,0.7335944
p.D748E,0.929026126
p.D748G,1.085073762
p.D748H,0.989558322
p.D748I,1.014057127
p.D748L,0.655218945
p.D748K,0.974013831
p.D748M,0.966582803
p.D748F,0.984205716
p.D748P,0.794974926
p.D748S,1.017531991
p.D748X,-0.241822224
p.D748T,1.018200626
p.D748W,0.910830593
p.D748Y,0.82587408
p.D748V,1.00301146
p.D774D,1.043395994
p.D774A,0.952249998
p.D774R,0.380370541
p.D774N,1.005935115
p.D774C,0.958051564
p.D774Q,0.802209927
p.D774E,0.897616005
p.D774G,0.997353468
p.D774H,0.98596809
p.D774I,0.951103398
p.D774L,1.091593064
p.D774K,0.268936073
p.D774M,0.404862902
p.D774F,0.827973911
p.D774P,0.989394697
p.D774S,0.996112309
p.D774X,-0.279299507
p.D774T,0.762891662
p.D774W,0.998154826
p.D774Y,0.838504874
p.D774V,0.998772783
p.D824D,0.909498767
p.D824A,-0.285709034
p.D824R,1.048012257
p.D824C,1.034153765
p.D824Q,0.327234626
p.D824E,0.924505582
p.D824G,0.652247963
p.D824I,1.141905456
p.D824L,0.988429191
p.D824K,1.044670243
p.D824M,1.269019632
p.D824F,1.08599756
p.D824S,1.053148587
p.D824X,1.090898216
p.D824T,0.976852973
p.D824W,1.07662774
p.D824V,1.006956255
p.D834A,0.912976266
p.D834R,0.881813964
p.D834N,1.00955472
p.D834C,0.971791833
p.D834Q,0.061424099
p.D834E,1.056736368
p.D834G,0.988492351
p.D834H,0.9280235
p.D834I,-0.313789841
p.D834L,-0.103080906
p.D834K,0.896466103
p.D834M,0.950793212
p.D834F,0.731838903
p.D834S,0.824870261
p.D834X,0.990583418
p.D834T,1.049940639
p.D834W,0.086573415
p.D834Y,1.02819987
p.D834V,0.407949206
p.D843D,0.981790485
p.D843A,0.962761277
p.D843R,1.09833797
p.D843N,1.0069876
p.D843C,1.002753106
p.D843Q,1.000242939
p.D843E,0.330231863
p.D843G,1.014309108
p.D843H,1.037659828
p.D843I,0.967272868
p.D843L,0.808089861
p.D843K,0.969980026
p.D843M,1.040283725
p.D843F,0.95332306
p.D843P,1.024462654
p.D843S,1.031617249
p.D843X,1.013766664
p.D843T,0.572906722
p.D843W,1.000773445
p.D843Y,0.055879483
p.D843V,1.049875973
p.D857A,0.996822263
p.D857R,1.011509
p.D857N,1.143453004
p.D857C,1.031418882
p.D857Q,0.96219901
p.D857E,0.982535507
p.D857G,0.980045325
p.D857H,1.014577284
p.D857I,0.9938132
p.D857L,1.060279019
p.D857K,0.903024119
p.D857M,0.963197866
p.D857F,0.288416799
p.D857P,1.012429789
p.D857S,0.996158662
p.D857X,0.988500395
p.D857T,0.96866971
p.D857W,0.915980785
p.D857Y,0.973168671
p.D857V,0.968078579
p.D858D,0.722152209
p.D858A,1.104667882
p.D858R,1.011596211
p.D858N,0.979818457
p.D858C,0.327166404
p.D858Q,0.941439524
p.D858E,0.995084317
p.D858G,1.015483338
p.D858H,0.9589381
p.D858I,1.066325677
p.D858L,0.997060601
p.D858K,0.989712979
p.D858M,0.813339733
p.D858F,0.945140352
p.D858P,0.911503857
p.D858S,1.041518019
p.D858T,1.010647088
p.D858W,0.871353235
p.D858V,0.326820422
p.D90A,0.995417817
p.D90R,0.962487221
p.D90N,1.107656066
p.D90C,0.570288367
p.D90Q,0.981879421
p.D90E,0.553303351
p.D90G,1.036774973
p.D90H,1.18851132
p.D90I,0.924005525
p.D90L,1.020684014
p.D90K,0.862349225
p.D90M,1.050935994
p.D90F,1.009577163
p.D90P,0.929448495
p.D90S,0.820791941
p.D90X,-0.173295117
p.D90T,1.071230172
p.D90W,0.984752661
p.D90Y,0.921830999
p.D90V,0.528696011
p.D94D,1.020335095
p.D94A,0.882488001
p.D94R,0.852448165
p.D94N,0.968812675
p.D94C,0.808015648
p.D94Q,1.09125925
p.D94E,0.993809553
p.D94G,0.923266743
p.D94H,1.202997415
p.D94I,1.037993587
p.D94L,0.822232442
p.D94K,0.98787494
p.D94M,-0.022725514
p.D94F,1.053872317
p.D94P,1.407075246
p.D94S,0.90495297
p.D94X,-0.048561143
p.D94T,0.811138726
p.D94W,1.042825574
p.D94Y,0.31296157
p.D94V,1.031006286
p.D96D,1.045956673
p.D96A,1.047138921
p.D96R,0.063986472
p.D96N,0.969738396
p.D96C,1.121953518
p.D96Q,1.020301781
p.D96E,0.911056449
p.D96G,1.036080708
p.D96H,0.709653692
p.D96I,0.414948866
p.D96L,1.007728187
p.D96K,1.044093566
p.D96M,1.144840017
p.D96F,1.020992574
p.D96P,0.835178724
p.D96S,1.037056069
p.D96X,0.106105514
p.D96T,1.242708841
p.D96W,0.969832033
p.D96Y,0.972725374
p.D96V,0.948685251
p.C104C,1.213545284
p.C104A,0.975025779
p.C104R,0.72744388
p.C104N,0.971979743
p.C104D,1.058397419
p.C104Q,0.933512212
p.C104E,0.954270606
p.C104G,1.019950702
p.C104H,0.934308246
p.C104I,0.926441257
p.C104L,0.911109064
p.C104K,1.068889678
p.C104M,0.936879607
p.C104F,0.928294754
p.C104P,0.730034335
p.C104S,0.961419025
p.C104X,-0.071766219
p.C104T,0.683083252
p.C104W,0.932832046
p.C104Y,0.91181589
p.C104V,1.085061974
p.C109C,0.861393323
p.C109A,1.040442706
p.C109R,0.954824384
p.C109N,1.140609033
p.C109D,1.03953288
p.C109Q,0.987647336
p.C109E,0.24995981
p.C109G,1.006410262
p.C109H,0.811529451
p.C109I,1.021448183
p.C109L,0.949889288
p.C109K,1.029994858
p.C109M,1.114445218
p.C109F,1.033832479
p.C109P,0.949201159
p.C109S,1.070589555
p.C109X,-0.076157238
p.C109T,1.105269139
p.C109W,0.979947915
p.C109Y,1.031596425
p.C109V,0.920930463
p.C116C,0.896496403
p.C116A,1.084675135
p.C116R,1.058254244
p.C116N,0.914842011
p.C116D,0.987092618
p.C116Q,0.827853542
p.C116E,0.977645565
p.C116G,1.006386625
p.C116H,1.070461888
p.C116I,1.064013114
p.C116L,1.064379329
p.C116K,1.061944828
p.C116M,1.054796587
p.C116F,1.045010733
p.C116P,1.072686835
p.C116S,1.040226802
p.C116X,-0.038652245
p.C116T,0.987531796
p.C116W,1.011469513
p.C116Y,1.023450407
p.C116V,1.049701148
p.C121C,1.00178976
p.C121A,1.000843465
p.C121R,0.914792475
p.C121N,1.012994661
p.C121D,0.973178546
p.C121Q,0.977829505
p.C121E,0.989629979
p.C121G,0.988591167
p.C121H,1.060061818
p.C121I,0.93165307
p.C121L,0.984127812
p.C121K,0.915548021
p.C121M,1.024091082
p.C121F,1.051925353
p.C121P,1.167024832
p.C121S,1.002850187
p.C121X,0.338160926
p.C121T,1.074157541
p.C121W,0.912467198
p.C121Y,0.96213413
p.C121V,1.001552335
p.C128A,1.039644715
p.C128R,0.967370065
p.C128N,1.016335603
p.C128D,1.117580538
p.C128Q,1.046418612
p.C128G,1.069278131
p.C128H,1.124030189
p.C128I,1.071796391
p.C128L,1.024900806
p.C128K,0.573853881
p.C128M,0.992182641
p.C128F,0.671113514
p.C128P,1.101394715
p.C128S,1.095012928
p.C128X,0.030044011
p.C128T,1.075793189
p.C128W,1.061017143
p.C128Y,0.921501446
p.C128V,1.126643732
p.C134C,0.97093899
p.C134A,1.026399136
p.C134R,1.021302568
p.C134N,1.141113963
p.C134D,1.00374999
p.C134Q,0.893846166
p.C134E,1.088993154
p.C134G,1.053436872
p.C134H,1.10440908
p.C134I,1.03288951
p.C134L,0.981987399
p.C134K,1.307907724
p.C134M,1.02794278
p.C134F,0.892065032
p.C134P,1.059378289
p.C134S,0.986412492
p.C134X,0.01233211
p.C134T,1.095449891
p.C134W,0.967992545
p.C134Y,1.016428622
p.C134V,1.063667786
p.C143C,1.105346633
p.C143A,0.992632545
p.C143R,1.043357716
p.C143N,1.054206179
p.C143D,0.973062229
p.C143Q,1.119997006
p.C143E,0.899728427
p.C143G,1.170356166
p.C143H,1.022524371
p.C143I,1.012253688
p.C143L,1.026020774
p.C143K,1.046112913
p.C143M,1.116404001
p.C143F,1.090859886
p.C143P,1.153844218
p.C143S,1.019541818
p.C143X,-0.167363376
p.C143T,0.983692659
p.C143W,1.236457435
p.C143Y,1.054894615
p.C143V,1.07299788
p.C148A,0.871099025
p.C148R,0.929080162
p.C148N,0.887109693
p.C148D,1.106848613
p.C148Q,1.068454417
p.C148E,1.041547306
p.C148G,0.887903428
p.C148H,0.988976539
p.C148I,0.967437522
p.C148L,0.863495738
p.C148K,1.061293203
p.C148M,0.944124378
p.C148F,0.729715757
p.C148P,1.046607334
p.C148S,1.039982319
p.C148X,-0.111620529
p.C148T,1.046094914
p.C148W,1.007860812
p.C148Y,0.748306787
p.C148V,1.078566953
p.C155C,1.015271636
p.C155A,0.906986995
p.C155R,0.516869911
p.C155N,0.980675104
p.C155D,0.972221623
p.C155Q,1.158323735
p.C155E,1.017254356
p.C155G,0.957770716
p.C155H,0.511707115
p.C155I,0.929424043
p.C155L,0.664540158
p.C155K,0.884339432
p.C155M,0.932586164
p.C155F,0.704549191
p.C155P,0.998234197
p.C155S,0.94766925
p.C155X,0.094873976
p.C155T,0.674860748
p.C155W,0.547101534
p.C155Y,1.087900475
p.C155V,0.78044515
p.C160C,0.837114201
p.C160A,1.020977238
p.C160R,1.006763781
p.C160N,0.974265597
p.C160D,1.017015942
p.C160Q,1.115388311
p.C160E,1.315887929
p.C160G,0.671962453
p.C160H,1.11242059
p.C160I,0.963240603
p.C160L,1.050834034
p.C160K,1.142844246
p.C160M,0.845812439
p.C160F,1.035304225
p.C160P,1.053667683
p.C160S,1.05657948
p.C160X,-0.149192453
p.C160T,0.983199394
p.C160W,1.021362282
p.C160Y,0.937751099
p.C160V,0.895007906
p.C167C,1.030483853
p.C167A,1.081392875
p.C167R,0.889716316
p.C167N,1.007654809
p.C167D,1.049078834
p.C167Q,1.179928922
p.C167E,1.064874083
p.C167G,1.033378164
p.C167H,0.98040418
p.C167I,0.889496096
p.C167L,0.977365795
p.C167K,0.576185869
p.C167M,1.038479701
p.C167F,1.009087354
p.C167P,1.00996082
p.C167S,1.029227709
p.C167X,-0.079409917
p.C167T,0.706808839
p.C167W,0.833257982
p.C167Y,0.972903867
p.C167V,0.993221458
p.C173C,1.009099961
p.C173A,1.162437413
p.C173R,0.910544945
p.C173N,0.515789001
p.C173D,1.146289795
p.C173Q,1.045269459
p.C173E,1.084218674
p.C173G,0.40751959
p.C173H,0.484516789
p.C173I,0.930352869
p.C173L,0.805644391
p.C173K,0.973048632
p.C173M,0.931477635
p.C173F,1.031888945
p.C173P,0.826211404
p.C173S,0.886296501
p.C173X,0.030968085
p.C173T,0.543590709
p.C173W,0.979283522
p.C173Y,0.703480145
p.C173V,0.660286836
p.C184C,1.126811115
p.C184A,0.82253299
p.C184R,0.847750557
p.C184N,1.126297991
p.C184D,1.045257398
p.C184Q,1.011128872
p.C184E,1.012962367
p.C184G,1.033932401
p.C184H,1.043873927
p.C184I,1.020259197
p.C184L,0.874151779
p.C184K,0.959607101
p.C184M,0.995571047
p.C184F,0.830754193
p.C184P,0.997677386
p.C184S,1.018552708
p.C184X,0.074206729
p.C184T,1.133193277
p.C184W,0.771588429
p.C184Y,0.98831014
p.C184V,1.079494505
p.C197C,1.036529307
p.C197A,0.297152592
p.C197R,1.028546996
p.C197N,1.04019668
p.C197D,0.99954563
p.C197Q,0.98119359
p.C197E,0.473641585
p.C197G,1.025353524
p.C197I,0.959682832
p.C197L,1.089843983
p.C197K,1.110415974
p.C197M,0.947448775
p.C197F,0.908831639
p.C197S,1.017139032
p.C197X,-0.053805124
p.C197T,1.056977162
p.C197W,0.865196917
p.C197Y,0.986553419
p.C197V,1.02897452
p.C204C,1.025617942
p.C204A,1.053263737
p.C204R,1.151436653
p.C204D,1.046256029
p.C204E,0.998008362
p.C204G,0.793138761
p.C204I,0.051993878
p.C204L,0.622489794
p.C204K,0.938969578
p.C204M,0.983184938
p.C204F,0.962307377
p.C204P,0.054771557
p.C204S,1.00656054
p.C204X,-0.074829033
p.C204W,0.922280494
p.C204Y,0.146933687
p.C204V,1.018379433
p.C209C,0.839396957
p.C209A,0.513334851
p.C209R,0.950873887
p.C209G,1.14480725
p.C209I,0.988038659
p.C209L,0.76728437
p.C209F,1.293111842
p.C209S,0.520530761
p.C209X,-0.19651987
p.C209W,0.08570056
p.C209Y,0.950071344
p.C209V,0.884239873
p.C216C,0.097851667
p.C216R,1.051384537
p.C216N,1.06942674
p.C216D,-0.094103696
p.C216Q,0.967124133
p.C216E,1.014601094
p.C216G,1.03630181
p.C216H,1.08381754
p.C216I,0.884794231
p.C216L,0.876230462
p.C216K,0.944134412
p.C216M,1.067873745
p.C216F,0.545712946
p.C216P,0.910234699
p.C216S,1.031031836
p.C216X,-0.162529984
p.C216W,0.846056777
p.C216Y,0.957037373
p.C216V,0.940197687
p.C222C,0.871493533
p.C222A,0.742438747
p.C222R,0.981042838
p.C222N,0.97109557
p.C222D,0.617067545
p.C222E,1.158654894
p.C222G,0.941205498
p.C222H,-0.013138888
p.C222I,1.035237234
p.C222L,1.006866327
p.C222K,0.130482119
p.C222M,0.873858396
p.C222F,0.350154632
p.C222P,0.96829051
p.C222S,0.895005757
p.C222X,0.005489796
p.C222T,1.112070662
p.C222W,0.883559059
p.C222Y,0.74186491
p.C222V,1.097925353
p.C231C,0.877539486
p.C231A,0.993928727
p.C231R,1.093479684
p.C231N,1.03299987
p.C231D,1.082587656
p.C231Q,-0.016862098
p.C231E,0.501863718
p.C231G,1.113628696
p.C231I,1.056623338
p.C231L,1.017734924
p.C231K,0.933787061
p.C231M,1.002697529
p.C231F,0.970525841
p.C231P,0.882300171
p.C231S,0.946089057
p.C231X,-0.058396775
p.C231T,0.991598961
p.C231W,0.958412405
p.C231Y,1.007909113
p.C231V,0.954141626
p.C236A,1.104008214
p.C236R,0.935409316
p.C236D,1.023024739
p.C236E,1.054215477
p.C236G,0.97318896
p.C236H,0.951439347
p.C236I,1.042522982
p.C236L,0.622969639
p.C236K,1.034214682
p.C236M,0.65809898
p.C236F,1.005592002
p.C236P,0.993050255
p.C236S,1.041280535
p.C236X,-0.041350124
p.C236T,1.001548988
p.C236W,1.15403448
p.C236Y,1.016362203
p.C236V,1.066833467
p.C243C,1.019851734
p.C243A,1.178149135
p.C243R,1.041953855
p.C243D,1.071372622
p.C243Q,1.046605562
p.C243E,1.031640421
p.C243G,1.059012733
p.C243H,0.169947897
p.C243L,1.067363702
p.C243K,1.052196996
p.C243M,1.023745191
p.C243F,1.087278613
p.C243S,1.021240382
p.C243X,-0.167292351
p.C243T,1.052136626
p.C243W,0.935943199
p.C243Y,1.094913918
p.C243V,1.047396101
p.C248C,0.944223702
p.C248A,1.074371031
p.C248R,1.074822673
p.C248N,1.027223663
p.C248D,1.013571649
p.C248E,1.037405051
p.C248G,1.033572286
p.C248H,0.229060318
p.C248I,0.757998055
p.C248L,1.06279755
p.C248K,0.905377833
p.C248M,1.11092935
p.C248F,0.931677436
p.C248P,0.326682872
p.C248S,1.177316361
p.C248X,-0.053381832
p.C248T,0.911921948
p.C248W,1.018657273
p.C248Y,1.177690972
p.C248V,1.008205972
p.C255A,1.059882534
p.C255R,1.044092675
p.C255N,0.944291045
p.C255D,1.066408166
p.C255Q,1.093498819
p.C255E,0.988119834
p.C255G,1.059270836
p.C255H,1.047149878
p.C255I,0.768898079
p.C255L,1.065786386
p.C255K,1.038134585
p.C255M,0.933035593
p.C255F,1.017978445
p.C255P,1.224443334
p.C255S,1.012131053
p.C255X,-0.097564308
p.C255T,1.019438184
p.C255W,0.968249141
p.C255Y,1.078019194
p.C255V,1.038781435
p.C261C,0.986185882
p.C261A,0.628235448
p.C261R,0.925920544
p.C261N,1.013624783
p.C261D,1.064350631
p.C261Q,1.080490958
p.C261E,0.943803061
p.C261G,1.021187666
p.C261H,0.731366296
p.C261I,1.052763949
p.C261L,1.047640195
p.C261K,0.258392733
p.C261M,1.049670251
p.C261F,0.731345552
p.C261P,0.414037774
p.C261S,1.088601617
p.C261X,0.003417109
p.C261T,0.997232527
p.C261W,1.095887926
p.C261Y,0.99754348
p.C261V,1.028092977
p.C270C,0.972058686
p.C270A,1.114874403
p.C270R,0.75812877
p.C270N,-0.364952351
p.C270D,0.970540274
p.C270Q,0.937059073
p.C270E,1.09174106
p.C270G,1.057894084
p.C270H,1.048359639
p.C270I,1.005804011
p.C270L,0.94382867
p.C270K,1.068633775
p.C270M,0.974503047
p.C270F,1.080957569
p.C270P,1.00272125
p.C270S,1.033856177
p.C270X,-0.044892397
p.C270T,0.946544069
p.C270W,1.052527682
p.C270Y,1.077129252
p.C270V,1.055238117
p.C276C,0.73201182
p.C276A,0.041329543
p.C276R,-0.005464292
p.C276N,0.023551744
p.C276D,0.119243721
p.C276Q,-0.029779857
p.C276E,-0.077916424
p.C276G,-0.13663798
p.C276H,-0.146178603
p.C276I,0.078139543
p.C276L,0.206807938
p.C276K,0.11541638
p.C276M,0.162030519
p.C276F,0.029170457
p.C276P,-0.194239494
p.C276S,-0.110255986
p.C276X,-0.09339734
p.C276T,0.236863547
p.C276W,-0.055852836
p.C276Y,-0.192342997
p.C276V,0.044071141
p.C27A,1.061964989
p.C27R,0.949853857
p.C27N,1.013590193
p.C27D,1.059100053
p.C27Q,1.008422952
p.C27E,1.021905263
p.C27G,0.919070584
p.C27H,1.122304651
p.C27I,1.057813132
p.C27L,0.667483709
p.C27K,1.367327842
p.C27M,0.974463562
p.C27F,0.998379945
p.C27S,0.915613179
p.C27X,-0.044659742
p.C27T,1.042368073
p.C27W,1.012849305
p.C27Y,0.964647488
p.C27V,1.098947392
p.C284C,0.844959661
p.C284A,-0.033272951
p.C284R,-0.166401168
p.C284N,-0.125409574
p.C284D,-0.202716075
p.C284E,0.005482867
p.C284G,-0.091258406
p.C284H,-0.099977021
p.C284I,0.219365175
p.C284L,-0.143342818
p.C284K,-0.279859171
p.C284M,0.120773209
p.C284F,-0.00392553
p.C284P,-0.04983023
p.C284S,-0.069178364
p.C284X,-0.007676937
p.C284T,0.055164182
p.C284W,-0.052443327
p.C284Y,0.111814747
p.C284V,-0.125437975
p.C289C,0.740062163
p.C289A,-0.096198591
p.C289R,0.060184578
p.C289N,-0.110492284
p.C289D,-0.014568966
p.C289Q,-0.037051473
p.C289E,0.69407634
p.C289G,-0.098750648
p.C289H,-0.007473248
p.C289I,0.103912849
p.C289L,0.756821591
p.C289K,0.081939931
p.C289M,0.111443113
p.C289F,0.801467371
p.C289P,0.046508152
p.C289S,0.149810593
p.C289X,0.044779183
p.C289T,0.78291516
p.C289W,0.718603567
p.C289Y,0.799166859
p.C289V,0.715871309
p.C296C,0.986782056
p.C296A,-0.224987124
p.C296R,-0.139204996
p.C296N,0.167330583
p.C296D,0.064758741
p.C296E,0.185466994
p.C296G,-0.015682304
p.C296H,-0.322173704
p.C296I,-0.100730993
p.C296L,-0.080358101
p.C296K,-0.201303171
p.C296M,-0.036443357
p.C296F,-0.026653842
p.C296P,-0.078412309
p.C296S,-0.117259419
p.C296T,-0.318034564
p.C296W,-0.073886762
p.C296Y,-0.315512994
p.C296V,-0.149216582
p.C302C,0.988731183
p.C302A,-0.074788288
p.C302R,-0.231347804
p.C302N,-0.085819777
p.C302D,-0.069029557
p.C302Q,0.667539956
p.C302E,-0.049770957
p.C302G,-0.149270011
p.C302H,-0.017232418
p.C302I,0.102803136
p.C302L,-0.039137206
p.C302K,-0.138151353
p.C302M,-0.032295165
p.C302F,-0.095026543
p.C302P,-0.097079371
p.C302S,-0.127527599
p.C302X,-0.032479999
p.C302T,-0.182452727
p.C302W,-0.036357991
p.C302Y,-0.046517349
p.C302V,-0.018833323
p.C313C,1.035822795
p.C313A,-0.063804796
p.C313R,-0.086686317
p.C313D,0.14356697
p.C313Q,0.063283161
p.C313E,-0.146688887
p.C313G,-0.02034011
p.C313I,-0.075105009
p.C313L,0.202408256
p.C313F,0.040395556
p.C313P,-0.203016178
p.C313S,-0.115544465
p.C313X,-0.068557319
p.C313T,-0.205579081
p.C313W,-0.162692143
p.C313Y,0.084012567
p.C313V,-0.015832946
p.C318C,0.981973662
p.C318A,0.023045057
p.C318R,-0.141660997
p.C318N,-0.075265085
p.C318D,-0.085121455
p.C318G,-0.175370435
p.C318H,-0.071330899
p.C318I,0.054400064
p.C318L,-0.038114365
p.C318K,-0.055417567
p.C318F,0.018508439
p.C318P,-0.249251359
p.C318S,-0.055686685
p.C318X,0.169505761
p.C318T,-0.01404708
p.C318W,0.158771559
p.C318Y,-0.070314162
p.C318V,0.028218182
p.C325C,0.300215022
p.C325A,0.038955517
p.C325R,-0.127027985
p.C325N,0.125426343
p.C325D,-0.247227773
p.C325Q,0.436535049
p.C325E,0.195128001
p.C325G,-0.002267304
p.C325H,-0.039347414
p.C325I,-0.079892912
p.C325L,-0.070993739
p.C325K,-0.207713813
p.C325M,-0.077267936
p.C325F,-0.075359664
p.C325P,-0.278983993
p.C325S,-0.043449324
p.C325X,-0.187575393
p.C325T,0.028373676
p.C325W,-0.093602247
p.C325Y,-0.045800384
p.C325V,-0.072091105
p.C329C,0.531771836
p.C329A,-0.06257841
p.C329R,0.0336587
p.C329N,0.018400813
p.C329D,-0.054989324
p.C329Q,-0.062586137
p.C329E,-0.081345682
p.C329G,-0.144419351
p.C329H,0.39470628
p.C329I,-0.074010356
p.C329L,0.209427376
p.C329K,0.033148294
p.C329M,0.059576035
p.C329F,-0.090786887
p.C329S,-0.178803253
p.C329X,-0.116436111
p.C329T,-0.213019821
p.C329W,0.600958895
p.C329Y,0.058422028
p.C329V,0.017037855
p.C338C,0.709498723
p.C338A,-0.023382861
p.C338R,0.585036763
p.C338N,0.020316664
p.C338D,0.06360215
p.C338Q,0.088463265
p.C338E,-0.060506337
p.C338G,-0.130343519
p.C338H,-0.068824323
p.C338I,-0.042137077
p.C338L,-0.180651672
p.C338K,0.568643516
p.C338M,0.291741291
p.C338F,-0.019651584
p.C338P,-0.132813524
p.C338S,0.04002735
p.C338X,-0.139125414
p.C338T,-0.271755952
p.C338W,-0.031884398
p.C338Y,0.193306063
p.C338V,-0.174547843
p.C34C,0.897762526
p.C340C,0.982965748
p.C340A,0.661465415
p.C340R,-0.006565869
p.C340N,0.040874869
p.C340D,0.454786381
p.C340Q,0.239656342
p.C340E,0.725505166
p.C340G,0.799227108
p.C340H,0.228718483
p.C340I,0.106988262
p.C340L,0.473448281
p.C340K,0.115102006
p.C340M,0.236908991
p.C340F,0.397404649
p.C340P,0.757340263
p.C340S,0.519554738
p.C340X,-0.253635165
p.C340T,0.662861594
p.C340W,0.740616986
p.C340Y,0.420054055
p.C340V,0.524713056
p.C34A,1.015131168
p.C34R,1.12599527
p.C34N,0.712795961
p.C34D,0.869825352
p.C34Q,1.044926443
p.C34G,0.945624339
p.C34H,0.965770811
p.C34I,1.068058093
p.C34L,0.939977057
p.C34M,0.728088236
p.C34F,0.88745955
p.C34P,0.978248592
p.C34S,0.261716351
p.C34X,-0.089014232
p.C34T,1.029602357
p.C34W,1.062192026
p.C34Y,0.963834567
p.C34V,0.951642677
p.C352C,0.983382722
p.C352A,0.638514742
p.C352R,0.157766608
p.C352N,0.326972164
p.C352D,-0.109042123
p.C352Q,0.18034147
p.C352E,0.870606561
p.C352G,0.48349734
p.C352H,0.774791138
p.C352I,0.914382868
p.C352L,0.532931118
p.C352K,0.604549912
p.C352M,0.799276524
p.C352F,0.827091367
p.C352P,0.063167987
p.C352S,0.527415173
p.C352X,-0.064481717
p.C352W,0.39669253
p.C352Y,-0.156555678
p.C352V,0.711051756
p.C358A,0.872889347
p.C358R,1.019116993
p.C358N,0.986025447
p.C358D,1.05851443
p.C358Q,0.857720951
p.C358E,0.999868503
p.C358G,1.046542165
p.C358H,0.998251177
p.C358I,0.989726744
p.C358L,0.992378056
p.C358K,1.076655496
p.C358M,0.994402882
p.C358F,0.96465779
p.C358P,0.950037936
p.C358S,0.984368772
p.C358X,-0.055606074
p.C358T,0.99001413
p.C358W,0.99219545
p.C358Y,0.977643815
p.C358V,1.004289032
p.C364C,0.762791577
p.C364A,1.007893376
p.C364R,0.642638737
p.C364N,0.942324647
p.C364D,1.013082964
p.C364Q,0.978883091
p.C364E,0.952251568
p.C364G,0.948942233
p.C364H,1.040376065
p.C364I,0.987701124
p.C364L,1.05068654
p.C364M,0.761432915
p.C364F,0.973862201
p.C364P,0.831675624
p.C364S,0.988498917
p.C364X,-0.025785914
p.C364T,0.773901688
p.C364W,0.702528156
p.C364Y,0.995021802
p.C364V,1.013025076
p.C368C,0.780632371
p.C368A,0.538561863
p.C368R,0.99136765
p.C368N,1.000610471
p.C368D,0.17309414
p.C368G,0.997876009
p.C368I,0.9156197
p.C368L,0.986541053
p.C368K,0.797479652
p.C368M,0.05492104
p.C368F,0.893071701
p.C368S,1.017692472
p.C368X,-0.024713914
p.C368W,0.991090423
p.C368Y,0.895941462
p.C368V,1.023304371
p.C377C,0.694737066
p.C377A,0.996668203
p.C377R,1.115520405
p.C377D,0.758358032
p.C377Q,0.035302109
p.C377E,0.069899424
p.C377G,0.936873458
p.C377H,1.114767463
p.C377I,0.204310979
p.C377L,0.831163738
p.C377K,0.91737299
p.C377M,0.898926293
p.C377F,1.026222542
p.C377S,1.027574018
p.C377X,-0.203883214
p.C377T,0.995124207
p.C377W,0.995432846
p.C377Y,0.427958196
p.C377V,1.044438849
p.C379A,0.392739589
p.C379R,0.943129368
p.C379N,0.744951115
p.C379E,0.922493306
p.C379G,-0.02017762
p.C379L,1.035011326
p.C379K,0.96677589
p.C379M,1.003832647
p.C379F,1.009831989
p.C379S,0.933619045
p.C379X,0.407649777
p.C379T,0.049063915
p.C379W,1.028636532
p.C379Y,0.920094868
p.C379V,1.051567693
p.C39C,1.005743508
p.C392C,0.357577858
p.C392A,1.071374393
p.C392R,0.992562677
p.C392D,0.869409985
p.C392G,1.093001662
p.C392H,1.010030521
p.C392I,1.074540865
p.C392M,1.028214548
p.C392F,1.041627215
p.C392S,0.974837006
p.C392X,-0.068502784
p.C392T,1.114878653
p.C392W,0.967065455
p.C392Y,0.817221081
p.C39A,1.002098032
p.C39R,0.869346894
p.C39N,1.233481863
p.C39D,1.026037733
p.C39Q,0.874063765
p.C39E,1.038826576
p.C39G,1.050060373
p.C39H,0.953394178
p.C39I,0.9542321
p.C39L,0.893456208
p.C39K,-0.034277524
p.C39M,0.657651135
p.C39F,0.916309303
p.C39S,0.967498717
p.C39X,-0.059828183
p.C39T,1.009609926
p.C39W,1.028311097
p.C39Y,0.961467455
p.C39V,0.908292103
p.C452C,0.97396976
p.C452R,0.941710701
p.C452N,1.186302748
p.C452D,1.10067616
p.C452G,0.841674305
p.C452I,1.173536661
p.C452L,1.087121897
p.C452K,1.026290529
p.C452M,0.99969686
p.C452F,0.785609036
p.C452S,1.015444782
p.C452X,0.106585549
p.C452W,0.893435406
p.C452Y,1.034025022
p.C452V,0.933245572
p.C46C,0.945871255
p.C46A,1.040932221
p.C46R,0.971697632
p.C46D,0.853611788
p.C46E,0.909314529
p.C46G,0.243482909
p.C46H,0.758096238
p.C46L,0.726072033
p.C46K,1.057223511
p.C46F,0.940450117
p.C46P,0.548311659
p.C46S,0.608638866
p.C46X,0.055833577
p.C46T,1.074648413
p.C46W,0.865252612
p.C46Y,0.909098302
p.C46V,0.967311106
p.C52C,0.89598817
p.C52A,1.075656956
p.C52R,0.872221429
p.C52D,0.383282408
p.C52Q,0.867789425
p.C52G,0.782829152
p.C52H,0.97532526
p.C52I,1.013770175
p.C52L,1.061273573
p.C52K,0.947627548
p.C52M,1.020217964
p.C52F,0.927700331
p.C52P,1.25354985
p.C52S,0.974074501
p.C52X,0.040884713
p.C52T,0.94689955
p.C52W,1.006670566
p.C52Y,1.01039165
p.C52V,1.032696075
p.C63C,1.053564819
p.C63A,0.985034952
p.C63R,1.091658026
p.C63N,0.026781802
p.C63D,1.121504309
p.C63Q,1.203094035
p.C63E,0.973878693
p.C63G,1.019231479
p.C63H,0.941114391
p.C63I,0.949279649
p.C63L,0.967369575
p.C63K,1.116324734
p.C63M,1.047566711
p.C63F,0.913435976
p.C63P,0.562541869
p.C63S,0.971227056
p.C63X,0.077480221
p.C63T,0.955273836
p.C63W,0.940527882
p.C63Y,0.997101419
p.C63V,1.085257796
p.C667A,0.458337886
p.C667R,0.324197987
p.C667N,0.637162042
p.C667D,0.898421184
p.C667Q,0.803958971
p.C667E,0.344306403
p.C667G,0.726005348
p.C667H,0.535128634
p.C667I,0.980269777
p.C667L,0.902649796
p.C667K,0.729803973
p.C667M,0.95990258
p.C667F,0.233579317
p.C667P,-0.070591364
p.C667S,0.727694019
p.C667X,-0.030528892
p.C667T,0.754434953
p.C667W,0.187459248
p.C667Y,0.062840742
p.C667V,0.901686167
p.C677C,1.00245235
p.C677A,-0.100639938
p.C677R,0.076363694
p.C677N,-0.052393671
p.C677D,-0.203821024
p.C677E,0.147266045
p.C677G,0.040570441
p.C677H,0.277146664
p.C677I,0.075448201
p.C677L,0.045032916
p.C677K,-0.117050324
p.C677M,0.077954104
p.C677F,-0.118663221
p.C677S,-0.094846219
p.C677X,-0.033445642
p.C677T,-0.02348546
p.C677W,-0.034410037
p.C677Y,-0.05852035
p.C677V,-0.11042386
p.C68C,1.046399568
p.C681C,0.951960701
p.C681A,0.449859462
p.C681R,-0.076893723
p.C681N,-0.215911587
p.C681D,-0.043544834
p.C681Q,0.587683995
p.C681E,-0.091881717
p.C681G,-0.030119733
p.C681H,0.055204243
p.C681I,-0.082856631
p.C681L,-0.058805478
p.C681K,0.093589753
p.C681M,0.509189243
p.C681F,-0.06168995
p.C681P,0.027022348
p.C681S,0.105086648
p.C681X,-0.073502746
p.C681T,0.033628375
p.C681W,0.040260074
p.C681Y,-0.116057939
p.C681V,-0.180116666
p.C68A,0.807814982
p.C68R,1.20251397
p.C68N,1.069599205
p.C68D,1.000905436
p.C68Q,1.013790317
p.C68E,0.899585887
p.C68G,1.003678816
p.C68H,0.867429074
p.C68I,0.951215459
p.C68L,0.987621262
p.C68K,0.845175543
p.C68M,0.919972135
p.C68F,0.91178669
p.C68P,1.060510908
p.C68S,1.019949342
p.C68X,0.074078425
p.C68T,1.021445708
p.C68W,0.86107922
p.C68Y,1.060301135
p.C68V,0.946763876
p.C696C,1.024123614
p.C696A,-0.046137189
p.C696R,-0.064550853
p.C696N,0.005003681
p.C696D,0.023179469
p.C696Q,0.150997083
p.C696E,-0.056168596
p.C696G,-0.054615597
p.C696H,-0.075388439
p.C696L,-0.05785298
p.C696K,-0.089872747
p.C696M,-0.144385327
p.C696F,-0.169797838
p.C696P,0.033234154
p.C696S,0.01590534
p.C696X,-0.252274759
p.C696T,0.038214453
p.C696W,-0.100887223
p.C696Y,-0.220802869
p.C696V,-0.004559331
p.C698C,0.640696699
p.C698A,0.026317237
p.C698R,-0.176024046
p.C698N,-0.091979587
p.C698D,-0.093026063
p.C698E,-0.03546844
p.C698G,-0.254880549
p.C698L,-0.137734877
p.C698F,-0.127608235
p.C698P,-0.164733233
p.C698S,-0.134934822
p.C698X,-0.094113106
p.C698T,0.131137928
p.C698W,-0.177880652
p.C698Y,0.352884818
p.C698V,0.00546172
p.C711C,1.018386609
p.C711A,-0.059295535
p.C711R,-0.00901399
p.C711N,-0.053987123
p.C711D,-0.2577125
p.C711Q,-0.253602894
p.C711E,-0.241557272
p.C711G,0.257646636
p.C711H,0.162055558
p.C711I,-0.186375638
p.C711L,0.070604362
p.C711K,0.146337387
p.C711M,-0.313789841
p.C711F,0.342603164
p.C711P,-0.153861143
p.C711S,0.049968075
p.C711X,-0.111347085
p.C711T,0.17676998
p.C711W,0.718386596
p.C711Y,-0.057258358
p.C711V,-0.194486305
p.C75A,0.882434851
p.C75R,1.026591423
p.C75N,0.783809521
p.C75D,0.72570901
p.C75Q,0.981668303
p.C75E,1.109540452
p.C75G,0.982479719
p.C75H,1.023284627
p.C75I,0.945321882
p.C75L,0.72395392
p.C75K,1.003305144
p.C75M,0.993257966
p.C75F,0.874675795
p.C75P,0.985964634
p.C75S,0.807582705
p.C75X,-0.038499648
p.C75T,0.975808474
p.C75W,0.432679916
p.C75Y,0.990362811
p.C75V,0.930151162
p.C803C,1.018359102
p.C803A,0.795296273
p.C803R,0.720688721
p.C803N,0.987105557
p.C803D,-0.178326195
p.C803Q,0.925833591
p.C803E,0.192606724
p.C803G,1.063132358
p.C803H,1.05537866
p.C803I,1.001432776
p.C803L,1.012278458
p.C803K,1.159919342
p.C803M,1.025355504
p.C803F,0.916908298
p.C803P,1.017780051
p.C803S,1.066300683
p.C803X,1.107880883
p.C803T,0.976239309
p.C803W,1.060942415
p.C803Y,1.024245232
p.C803V,0.990886735
p.C82C,0.948722814
p.C82A,0.995721146
p.C82R,1.032202413
p.C82N,1.043801617
p.C82D,0.889536281
p.C82E,1.151799588
p.C82G,0.94750937
p.C82H,1.024819421
p.C82I,1.051877326
p.C82L,1.079351351
p.C82K,0.946487306
p.C82M,0.938278767
p.C82F,0.037609145
p.C82P,1.006909102
p.C82S,1.055456477
p.C82X,0.13575316
p.C82T,1.0229762
p.C82W,0.997905814
p.C82Y,1.012272803
p.C82V,0.994313265
p.C839C,0.964916528
p.C839A,0.973645085
p.C839R,0.986467884
p.C839N,0.991100444
p.C839Q,1.024207527
p.C839E,0.964862843
p.C839G,1.006394652
p.C839H,0.921878898
p.C839I,1.053582693
p.C839L,0.078829133
p.C839K,-0.247513295
p.C839M,0.736594926
p.C839F,1.044715168
p.C839P,0.992949806
p.C839S,1.044391729
p.C839X,1.029718558
p.C839T,1.041379427
p.C839W,1.025129435
p.C839Y,1.076875445
p.C839V,0.984903595
p.C89C,0.977601086
p.C89A,0.965324388
p.C89R,1.013181131
p.C89N,1.078860612
p.C89D,0.846814587
p.C89Q,0.980518501
p.C89E,0.886923467
p.C89G,0.982988319
p.C89H,1.118653625
p.C89I,0.796081416
p.C89L,0.950188845
p.C89K,0.854562754
p.C89M,0.899255381
p.C89F,0.645232859
p.C89P,0.635310308
p.C89S,0.85899791
p.C89X,-0.00661056
p.C89T,1.08633233
p.C89W,0.895055876
p.C89Y,0.933913523
p.C89V,0.954488857
p.C95C,1.028449115
p.C95A,0.98612836
p.C95R,0.866094014
p.C95N,1.011265545
p.C95D,0.872943051
p.C95Q,0.951526006
p.C95E,0.866503435
p.C95G,1.333780857
p.C95H,0.894297047
p.C95I,0.848095138
p.C95L,0.910543458
p.C95K,0.919348756
p.C95M,0.86114506
p.C95F,0.759083537
p.C95P,0.922857671
p.C95S,0.9557377
p.C95X,-0.041208516
p.C95T,0.972295202
p.C95W,0.723149154
p.C95Y,0.835964201
p.C95V,0.34073159
p.Q102Q,0.990448275
p.Q102A,1.037829559
p.Q102R,0.872195806
p.Q102N,1.01236879
p.Q102D,0.948290405
p.Q102C,1.006858762
p.Q102E,1.001065468
p.Q102G,0.955298599
p.Q102H,0.919684786
p.Q102I,0.976113211
p.Q102L,0.951028462
p.Q102K,0.922414417
p.Q102M,1.025018829
p.Q102F,0.962565014
p.Q102P,0.964332474
p.Q102S,0.993285453
p.Q102X,-0.053132667
p.Q102T,0.976600478
p.Q102W,0.978904364
p.Q102Y,1.052345867
p.Q102V,0.958305395
p.Q111A,0.98695686
p.Q111R,1.045704875
p.Q111N,1.011426249
p.Q111D,1.054336678
p.Q111C,1.009776479
p.Q111E,0.920778222
p.Q111G,0.996861954
p.Q111H,1.136627608
p.Q111I,1.021125153
p.Q111L,0.951297142
p.Q111K,1.013394855
p.Q111M,0.685034073
p.Q111F,1.038033992
p.Q111P,1.052554109
p.Q111S,0.823392185
p.Q111X,0.007672305
p.Q111T,0.995360546
p.Q111W,1.034254493
p.Q111Y,1.094516587
p.Q111V,0.927248535
p.Q125A,0.936192117
p.Q125R,0.966322603
p.Q125N,0.899571384
p.Q125D,1.098441435
p.Q125C,0.996791217
p.Q125E,0.968614753
p.Q125G,0.960390785
p.Q125H,0.993142283
p.Q125I,0.96693648
p.Q125L,0.964448466
p.Q125K,0.935195894
p.Q125M,1.03901728
p.Q125F,0.406547199
p.Q125P,1.007257331
p.Q125S,0.815487834
p.Q125X,0.023634847
p.Q125T,0.975719047
p.Q125W,1.049127221
p.Q125Y,0.900802152
p.Q125V,0.985487104
p.Q154A,1.113219545
p.Q154R,0.866804662
p.Q154N,0.992085477
p.Q154D,1.047143761
p.Q154C,1.030761094
p.Q154E,1.044985002
p.Q154G,0.936551648
p.Q154H,1.03635138
p.Q154I,0.980162711
p.Q154L,1.05625414
p.Q154K,1.040764594
p.Q154M,0.997031396
p.Q154F,1.035180559
p.Q154P,1.030404822
p.Q154S,1.039525332
p.Q154X,0.340262775
p.Q154T,0.899465578
p.Q154W,0.967083306
p.Q154Y,0.977341326
p.Q154V,1.032865708
p.Q163A,1.068550824
p.Q163R,0.898796542
p.Q163N,0.322791232
p.Q163D,1.043095324
p.Q163C,1.218970336
p.Q163E,0.21112097
p.Q163G,0.639752041
p.Q163H,1.105265763
p.Q163I,0.987905627
p.Q163L,0.980021735
p.Q163K,1.008979941
p.Q163M,1.085734025
p.Q163F,1.077046984
p.Q163P,1.046788984
p.Q163S,0.962880642
p.Q163X,0.026301582
p.Q163T,0.993498924
p.Q163W,1.060059511
p.Q163Y,0.897879658
p.Q163V,0.998324324
p.Q182Q,0.950525272
p.Q182A,1.000881592
p.Q182R,1.016555556
p.Q182N,0.986684452
p.Q182D,1.166941063
p.Q182C,0.93986029
p.Q182E,0.927508062
p.Q182G,1.150427324
p.Q182H,0.728128091
p.Q182I,1.04096147
p.Q182L,0.93402758
p.Q182K,0.987192668
p.Q182M,1.066219917
p.Q182F,0.690482678
p.Q182P,0.966204095
p.Q182S,0.997492158
p.Q182X,0.073877966
p.Q182T,0.989688685
p.Q182W,1.04274792
p.Q182Y,0.902041264
p.Q182V,0.987883178
p.Q191Q,0.992954045
p.Q191A,0.546273795
p.Q191R,0.950692943
p.Q191N,0.240000756
p.Q191D,-0.105387403
p.Q191C,1.018621036
p.Q191G,1.01037269
p.Q191H,0.981853087
p.Q191I,0.936000724
p.Q191L,0.91927907
p.Q191K,0.219238994
p.Q191M,1.011116292
p.Q191F,0.842555701
p.Q191P,0.813379073
p.Q191S,0.982466689
p.Q191X,-0.074577251
p.Q191T,-0.016686412
p.Q191W,0.521006348
p.Q191Y,1.0446231
p.Q191V,0.956167385
p.Q242A,0.939490913
p.Q242R,1.005809327
p.Q242N,1.02871655
p.Q242D,0.957700309
p.Q242C,1.041165067
p.Q242E,1.021506546
p.Q242G,0.963189968
p.Q242H,1.010566571
p.Q242I,0.997792165
p.Q242L,0.867542368
p.Q242K,0.812657006
p.Q242M,0.722512103
p.Q242F,0.950694429
p.Q242P,0.895656948
p.Q242S,0.978443178
p.Q242X,-0.103506771
p.Q242T,0.98016698
p.Q242W,1.07809348
p.Q242Y,0.973453204
p.Q242V,0.88775297
p.Q254A,1.086999913
p.Q254R,0.539516098
p.Q254N,0.951423709
p.Q254D,0.790506192
p.Q254C,1.140517682
p.Q254E,1.111934777
p.Q254G,1.05880927
p.Q254H,0.514133726
p.Q254I,0.95496129
p.Q254L,1.004998367
p.Q254K,1.036854193
p.Q254M,0.949099257
p.Q254F,1.059381423
p.Q254P,1.026857496
p.Q254S,1.020896562
p.Q254X,0.09502898
p.Q254T,0.947782061
p.Q254W,0.714491137
p.Q254Y,0.7465987
p.Q254V,0.748105449
p.Q33A,0.997868704
p.Q33R,0.990108746
p.Q33N,1.054068894
p.Q33C,0.737102135
p.Q33E,0.883497446
p.Q33G,1.034708808
p.Q33H,0.816805483
p.Q33I,0.945689945
p.Q33L,0.914778365
p.Q33K,0.767768191
p.Q33M,1.057724953
p.Q33F,0.936893109
p.Q33P,1.021929148
p.Q33S,1.049288182
p.Q33X,-0.083277312
p.Q33T,1.119153689
p.Q33W,0.802940352
p.Q33Y,1.189909006
p.Q33V,0.988415685
p.Q345Q,1.016075597
p.Q345A,0.996332231
p.Q345R,1.081123759
p.Q345N,0.764556184
p.Q345D,0.985231576
p.Q345C,0.839162206
p.Q345E,0.9086649
p.Q345G,0.936635822
p.Q345H,1.041454449
p.Q345I,1.000838374
p.Q345L,0.992522068
p.Q345K,1.072819862
p.Q345M,0.963859965
p.Q345F,0.894447747
p.Q345P,0.865534563
p.Q345S,0.758367728
p.Q345X,-0.20085394
p.Q345T,1.046979661
p.Q345W,0.897874359
p.Q345Y,1.029139008
p.Q345V,0.922320963
p.Q349A,1.051687709
p.Q349R,1.039232456
p.Q349N,1.089751926
p.Q349D,1.099698038
p.Q349C,0.700153922
p.Q349E,0.818146612
p.Q349G,0.945257419
p.Q349H,-0.075578605
p.Q349L,0.914495205
p.Q349M,1.063117968
p.Q349F,0.899957442
p.Q349P,1.109554865
p.Q349S,0.971130871
p.Q349X,0.244773472
p.Q349T,0.802939305
p.Q349W,1.000380543
p.Q349Y,0.956835472
p.Q349V,0.961910894
p.Q35Q,0.925156774
p.Q359A,1.053698835
p.Q359R,0.916321962
p.Q359N,1.014358717
p.Q359D,0.973325377
p.Q359C,1.005118194
p.Q359E,1.013629998
p.Q359G,0.911137613
p.Q359H,0.877572718
p.Q359I,0.9654016
p.Q359L,0.986800871
p.Q359K,0.116818814
p.Q359M,1.059525201
p.Q359F,1.048528861
p.Q359P,0.972263273
p.Q359S,1.089485112
p.Q359X,-0.152410387
p.Q359T,1.066963743
p.Q359W,1.004675239
p.Q359Y,0.892229275
p.Q359V,0.906421714
p.Q35A,1.041780528
p.Q35R,0.998801266
p.Q35N,0.86929277
p.Q35D,1.094434411
p.Q35C,1.022565432
p.Q35E,1.081838106
p.Q35G,1.041273033
p.Q35H,0.59430288
p.Q35I,0.925541083
p.Q35L,0.889651991
p.Q35K,1.038842448
p.Q35M,1.040632542
p.Q35F,0.294622185
p.Q35P,0.809941123
p.Q35S,0.970396386
p.Q35X,0.385887922
p.Q35T,1.086272729
p.Q35W,0.984056061
p.Q35Y,0.951427151
p.Q35V,1.062714814
p.Q366Q,0.663611366
p.Q366A,1.075672291
p.Q366R,0.983557125
p.Q366N,0.918105062
p.Q366D,0.977501397
p.Q366C,0.82091717
p.Q366E,1.18438303
p.Q366G,0.969435098
p.Q366H,0.892957388
p.Q366I,1.001729092
p.Q366L,0.999088435
p.Q366K,0.96468284
p.Q366M,0.351986923
p.Q366F,0.949268229
p.Q366P,0.603045267
p.Q366S,0.973868493
p.Q366X,-0.144738162
p.Q366T,1.012121839
p.Q366W,1.017903237
p.Q366Y,0.994116904
p.Q366V,1.050882677
p.Q378R,1.023958732
p.Q378N,0.903516273
p.Q378D,1.043229356
p.Q378E,0.949140037
p.Q378G,1.054200211
p.Q378H,0.957218148
p.Q378I,1.017966963
p.Q378L,0.902503407
p.Q378M,0.75752545
p.Q378F,-0.015720928
p.Q378P,1.068940898
p.Q378S,1.014173191
p.Q378X,-0.071188473
p.Q378T,0.939998657
p.Q378W,1.048479069
p.Q378Y,0.968381179
p.Q384A,0.891639358
p.Q384R,0.85688285
p.Q384N,0.93394043
p.Q384D,0.96616966
p.Q384C,1.006055585
p.Q384E,0.679120721
p.Q384G,0.803749887
p.Q384I,0.565243281
p.Q384L,1.073474859
p.Q384K,0.850813912
p.Q384M,1.148330636
p.Q384F,1.014443797
p.Q384S,1.084307842
p.Q384X,-0.074426045
p.Q384T,0.965068305
p.Q384W,0.312184085
p.Q384Y,1.059390851
p.Q384V,1.01918728
p.Q448A,0.985195212
p.Q448R,1.113257688
p.Q448N,0.933725822
p.Q448D,0.959434292
p.Q448C,0.119504324
p.Q448E,0.890829391
p.Q448G,0.565176638
p.Q448H,-0.120288017
p.Q448I,0.974351008
p.Q448L,0.920128758
p.Q448K,1.029172632
p.Q448M,0.989449355
p.Q448F,0.974314355
p.Q448P,1.146070412
p.Q448S,1.005126204
p.Q448X,-0.133965931
p.Q448T,1.178465663
p.Q448W,0.995394714
p.Q448Y,1.14254139
p.Q448V,0.795115416
p.Q455A,0.977031601
p.Q455R,1.017922763
p.Q455N,0.921999954
p.Q455D,0.909044866
p.Q455C,0.524402908
p.Q455E,0.97382702
p.Q455G,0.583167959
p.Q455I,0.638374911
p.Q455L,0.95396794
p.Q455K,0.9998616
p.Q455M,0.594954682
p.Q455F,0.964574072
p.Q455P,0.988987508
p.Q455S,0.875998237
p.Q455X,0.649007513
p.Q455T,0.811473929
p.Q455W,1.029384591
p.Q455Y,0.652656464
p.Q455V,0.795999171
p.Q474A,0.618947473
p.Q474R,0.897119836
p.Q474D,1.079880248
p.Q474E,0.907601428
p.Q474G,0.371128556
p.Q474H,0.928063162
p.Q474I,0.298650999
p.Q474L,0.970238465
p.Q474K,1.084139953
p.Q474M,0.81845002
p.Q474F,0.932207985
p.Q474P,0.092097408
p.Q474S,0.972798913
p.Q474X,-0.126870375
p.Q474T,0.939354034
p.Q474W,0.706626761
p.Q474Y,0.023337001
p.Q474V,1.031772442
p.Q53Q,0.408416613
p.Q53R,0.936577917
p.Q53N,0.939609698
p.Q53D,1.067563896
p.Q53C,1.029054144
p.Q53E,1.023341012
p.Q53G,1.017400696
p.Q53H,0.965798276
p.Q53I,0.608942497
p.Q53L,0.97576215
p.Q53K,1.022777723
p.Q53M,0.977050375
p.Q53F,1.039597333
p.Q53P,1.084684445
p.Q53S,0.974534762
p.Q53X,-0.028964402
p.Q53T,1.007286289
p.Q53W,0.896838376
p.Q53Y,1.145122769
p.Q53V,0.901055077
p.Q561A,0.184655356
p.Q561R,1.035383728
p.Q561N,1.022299235
p.Q561D,1.067528731
p.Q561C,0.643508109
p.Q561E,1.160643183
p.Q561G,0.978725743
p.Q561H,1.150741605
p.Q561I,1.042843519
p.Q561L,1.037808761
p.Q561K,1.047667054
p.Q561M,0.823732072
p.Q561F,1.001525803
p.Q561P,1.050399404
p.Q561S,0.776823199
p.Q561X,0.105369977
p.Q561T,1.016321218
p.Q561W,1.089046012
p.Q561Y,0.926292317
p.Q561V,0.997984057
p.Q60A,0.968083352
p.Q60R,0.774236756
p.Q60N,1.023845959
p.Q60D,0.91865047
p.Q60C,1.001573287
p.Q60E,0.753514234
p.Q60G,1.057956113
p.Q60H,1.023266085
p.Q60L,1.024928212
p.Q60K,0.69327511
p.Q60M,1.127689647
p.Q60F,0.828472662
p.Q60P,0.98685629
p.Q60S,0.953961308
p.Q60X,-0.144382068
p.Q60T,0.259630165
p.Q60W,0.971990427
p.Q60Y,1.080639505
p.Q60V,0.888536999
p.Q660A,1.197766254
p.Q660R,0.740849699
p.Q660E,0.942347426
p.Q660G,0.23080863
p.Q660H,-0.040490722
p.Q660L,0.485785361
p.Q660K,0.755454982
p.Q660M,0.780609765
p.Q660F,0.592352199
p.Q660P,0.0118294
p.Q660S,0.770845595
p.Q660X,-0.075689267
p.Q660W,0.593527121
p.Q678A,1.059144696
p.Q678R,0.929496473
p.Q678N,0.962987552
p.Q678D,0.796029976
p.Q678E,0.884461845
p.Q678G,1.032338864
p.Q678I,0.861912439
p.Q678L,0.860684272
p.Q678K,1.054636292
p.Q678M,1.018395678
p.Q678F,0.979621436
p.Q678P,1.181403579
p.Q678S,0.993335116
p.Q678X,-0.051960323
p.Q678T,0.917655147
p.Q678W,0.774459761
p.Q678Y,1.00262923
p.Q678V,0.931111978
p.Q686A,0.797578664
p.Q686R,0.945312758
p.Q686N,0.992699853
p.Q686D,0.959157552
p.Q686C,1.046526338
p.Q686E,0.963448381
p.Q686G,1.010045331
p.Q686H,1.048745283
p.Q686I,1.066937689
p.Q686L,0.985159399
p.Q686K,0.957639957
p.Q686M,1.009041147
p.Q686F,1.096501591
p.Q686P,1.060494555
p.Q686S,1.041379023
p.Q686X,0.077606913
p.Q686T,-0.173772094
p.Q686W,1.049788535
p.Q686Y,0.591450743
p.Q686V,1.051101531
p.Q722A,0.913030897
p.Q722R,1.03670388
p.Q722N,1.062307552
p.Q722D,0.735922656
p.Q722C,1.053113988
p.Q722E,0.773562188
p.Q722G,0.979869063
p.Q722H,0.674212502
p.Q722I,1.009051268
p.Q722L,0.86741092
p.Q722K,0.932953015
p.Q722M,0.996207754
p.Q722F,1.098618588
p.Q722P,0.974483992
p.Q722S,1.006516743
p.Q722X,-0.157465337
p.Q722T,1.035783073
p.Q722W,0.978386484
p.Q722Y,-0.227315834
p.Q722V,0.994582812
p.Q739A,1.019958171
p.Q739R,0.893988267
p.Q739D,0.990402315
p.Q739C,1.029206564
p.Q739E,0.424192933
p.Q739G,0.969127176
p.Q739H,0.764281665
p.Q739L,1.086600024
p.Q739K,1.010923499
p.Q739M,0.856621805
p.Q739F,1.019845966
p.Q739P,1.091116416
p.Q739S,0.79124275
p.Q739X,-0.213342382
p.Q739T,0.95520941
p.Q739W,0.453481555
p.Q739Y,1.082075667
p.Q739V,0.916112147
p.Q770Q,1.012904161
p.Q770A,0.968032256
p.Q770R,0.952523348
p.Q770N,1.024253493
p.Q770D,0.907447154
p.Q770C,0.889100916
p.Q770E,0.996735278
p.Q770G,1.016388228
p.Q770H,0.995636398
p.Q770I,0.953581301
p.Q770L,0.909211443
p.Q770K,1.055785937
p.Q770M,0.976296938
p.Q770F,0.99673063
p.Q770P,0.837714234
p.Q770S,0.799846928
p.Q770X,-0.265606409
p.Q770T,0.995381032
p.Q770W,0.990936655
p.Q770Y,1.043212855
p.Q770V,1.022428151
p.Q829A,1.095788039
p.Q829R,1.136166081
p.Q829D,0.875042992
p.Q829C,1.162681928
p.Q829E,1.021409
p.Q829G,1.060026107
p.Q829H,1.060764107
p.Q829L,0.993542128
p.Q829M,1.044112322
p.Q829F,1.069048373
p.Q829P,0.998945948
p.Q829S,1.041137439
p.Q829X,1.036583864
p.Q829T,0.291332198
p.Q829W,1.034396443
p.Q829V,1.01625704
p.Q842A,1.033378366
p.Q842R,1.035026292
p.Q842N,0.832327587
p.Q842D,0.702914168
p.Q842C,-0.003283408
p.Q842E,0.952609351
p.Q842G,0.963129262
p.Q842H,1.01220392
p.Q842I,1.060507325
p.Q842L,0.964998518
p.Q842K,1.009959233
p.Q842M,1.004520232
p.Q842F,1.042998804
p.Q842P,0.975023333
p.Q842S,1.029869304
p.Q842X,0.972429821
p.Q842T,0.97817003
p.Q842W,0.936904492
p.Q842Y,1.007869478
p.Q842V,0.995007246
p.Q851A,1.024708251
p.Q851R,0.651944432
p.Q851N,1.029834017
p.Q851D,1.050457961
p.Q851C,0.975386517
p.Q851E,0.963228255
p.Q851G,1.032317582
p.Q851H,1.028675545
p.Q851I,0.928780706
p.Q851L,0.991068603
p.Q851K,0.963555866
p.Q851M,0.999945026
p.Q851F,1.03251522
p.Q851P,0.904394659
p.Q851S,0.945069395
p.Q851X,1.018047003
p.Q851T,0.983377534
p.Q851W,0.930905067
p.Q851Y,1.070792031
p.Q851V,0.961297726
p.Q85A,1.00179256
p.Q85R,1.007350729
p.Q85N,1.043496323
p.Q85D,1.003285614
p.Q85C,0.958916817
p.Q85E,1.166847656
p.Q85G,0.969493159
p.Q85H,0.31272669
p.Q85I,0.73041469
p.Q85L,0.945537492
p.Q85K,0.736185485
p.Q85M,1.282141483
p.Q85F,1.011049517
p.Q85P,0.981295745
p.Q85S,0.350354189
p.Q85X,-0.066296446
p.Q85T,0.896866166
p.Q85W,1.122074056
p.Q85Y,0.978404003
p.Q85V,1.256724605
p.Q92Q,0.786843908
p.Q92A,0.908548967
p.Q92R,1.020448711
p.Q92N,0.385518218
p.Q92D,1.005858337
p.Q92C,1.020913412
p.Q92E,1.042164022
p.Q92G,1.013560563
p.Q92H,1.035724631
p.Q92I,0.929434621
p.Q92L,0.9647499
p.Q92K,0.993081488
p.Q92M,0.898998361
p.Q92F,1.004913775
p.Q92P,1.051180135
p.Q92S,0.929701218
p.Q92X,-0.064274881
p.Q92T,0.985940563
p.Q92W,0.841596615
p.Q92Y,1.03709435
p.Q92V,1.095949872
p.E101A,0.989507158
p.E101R,0.951520936
p.E101N,1.112962719
p.E101D,0.879842081
p.E101C,0.890891468
p.E101Q,1.005560396
p.E101G,0.994139641
p.E101H,0.947818253
p.E101I,0.823941916
p.E101L,0.861928252
p.E101K,0.93826201
p.E101M,0.877836708
p.E101F,0.980437733
p.E101P,0.999529965
p.E101S,0.813581299
p.E101X,-0.094713188
p.E101T,0.874243163
p.E101W,0.799749588
p.E101Y,0.91657609
p.E101V,0.893715877
p.E113E,0.747946468
p.E113A,0.889930204
p.E113R,0.994306358
p.E113N,1.036930348
p.E113D,0.965896578
p.E113C,0.913984325
p.E113Q,1.02059437
p.E113G,1.051156941
p.E113H,0.661657893
p.E113I,0.987943045
p.E113L,0.962008971
p.E113K,1.06484588
p.E113M,0.899844273
p.E113F,0.618119465
p.E113P,0.988313466
p.E113S,1.013498439
p.E113X,-0.008680046
p.E113T,0.977509561
p.E113W,0.9809672
p.E113Y,0.992032312
p.E113V,0.92921723
p.E140A,1.024946437
p.E140R,0.998476932
p.E140N,0.955107052
p.E140D,1.078835961
p.E140C,0.939400746
p.E140Q,0.708671259
p.E140G,1.103002652
p.E140H,1.026683646
p.E140I,0.940745335
p.E140L,1.07392089
p.E140K,0.922169839
p.E140M,1.144141727
p.E140F,1.022811944
p.E140P,1.072767154
p.E140S,1.065470417
p.E140X,0.012494299
p.E140T,0.888109919
p.E140W,1.0363819
p.E140Y,1.062201148
p.E140V,1.097052535
p.E174E,1.037583361
p.E174A,1.105852133
p.E174R,0.977850961
p.E174N,0.958236471
p.E174D,1.068659569
p.E174C,0.930689588
p.E174Q,0.706849584
p.E174G,1.168615468
p.E174H,0.996139953
p.E174I,0.984628811
p.E174L,1.056073937
p.E174K,1.000679335
p.E174M,0.976701023
p.E174F,0.883360065
p.E174P,1.017132883
p.E174S,0.885437084
p.E174X,-0.280432279
p.E174T,0.85505448
p.E174W,0.962962576
p.E174Y,0.833884339
p.E174V,0.942404176
p.E179E,1.172754722
p.E179A,0.996831267
p.E179R,1.032879911
p.E179N,0.993650339
p.E179D,1.120792386
p.E179C,0.569063513
p.E179Q,1.036364886
p.E179G,0.973494917
p.E179H,0.974514353
p.E179I,1.10735297
p.E179L,1.075429416
p.E179K,0.378617765
p.E179M,1.010797755
p.E179F,1.014221535
p.E179P,1.055131935
p.E179S,1.044011019
p.E179X,0.094164336
p.E179T,0.910759309
p.E179W,0.960373396
p.E179Y,1.045666052
p.E179V,1.020136402
p.E201E,1.013649468
p.E201A,1.079986768
p.E201R,1.03676788
p.E201N,0.951375669
p.E201D,1.072333701
p.E201C,1.055835088
p.E201G,1.02583681
p.E201H,0.940265578
p.E201I,-0.136336701
p.E201L,0.90778041
p.E201K,1.020963392
p.E201M,0.964968613
p.E201F,0.947910209
p.E201P,0.92542663
p.E201S,0.292937738
p.E201X,0.061820268
p.E201T,0.963694276
p.E201W,0.855312234
p.E201Y,0.972271507
p.E201V,0.980309958
p.E208A,0.632430735
p.E208R,1.052547703
p.E208N,1.040648766
p.E208D,1.01708525
p.E208C,1.014215692
p.E208G,-0.100093278
p.E208I,0.823079915
p.E208L,1.032967759
p.E208K,0.627384218
p.E208M,0.676242348
p.E208F,-0.139724227
p.E208S,0.920759279
p.E208X,0.077080277
p.E208T,1.008753825
p.E208W,0.655380937
p.E208Y,0.878292446
p.E208V,0.998057378
p.E228A,1.037881812
p.E228R,0.445239715
p.E228N,0.267298658
p.E228D,1.054596924
p.E228C,0.995619637
p.E228Q,1.028525978
p.E228G,1.039253438
p.E228H,0.932923912
p.E228I,1.034138119
p.E228L,0.863891821
p.E228K,1.069915452
p.E228M,1.004753214
p.E228F,1.052715529
p.E228P,0.289738698
p.E228S,1.005377176
p.E228X,0.098237569
p.E228T,0.995316783
p.E228W,1.042145072
p.E228Y,1.039170516
p.E228V,1.051589468
p.E229E,0.858366933
p.E229A,1.193984157
p.E229R,1.012151452
p.E229N,0.986568326
p.E229D,0.114273998
p.E229C,1.014034493
p.E229Q,0.88465088
p.E229G,0.84558208
p.E229H,0.036450893
p.E229I,1.011188059
p.E229L,1.070625917
p.E229K,1.070656152
p.E229M,1.009121977
p.E229F,0.396180611
p.E229P,0.656230673
p.E229S,1.023729486
p.E229X,0.085524986
p.E229T,1.025837716
p.E229W,0.946758488
p.E229Y,0.927901796
p.E229V,0.986731734
p.E240E,1.081406888
p.E240A,0.007829185
p.E240R,1.101961275
p.E240N,0.834834568
p.E240D,0.992463601
p.E240Q,0.077506805
p.E240G,0.963529005
p.E240H,0.955386833
p.E240I,1.000302809
p.E240L,0.135914934
p.E240K,0.851080077
p.E240M,-0.245842357
p.E240F,0.90927543
p.E240P,1.066726078
p.E240S,0.980726297
p.E240T,1.106834246
p.E240W,0.778358229
p.E240Y,1.041973697
p.E240V,1.11344517
p.E258E,1.027968504
p.E258A,0.966345433
p.E258R,1.022564292
p.E258N,1.076538934
p.E258D,0.9428958
p.E258C,0.771303936
p.E258Q,-0.020147066
p.E258G,1.045932702
p.E258H,1.163933033
p.E258I,1.022481459
p.E258L,1.01574409
p.E258K,1.080333811
p.E258M,0.838378419
p.E258F,1.05900697
p.E258P,1.007931129
p.E258S,0.949054654
p.E258X,0.036750366
p.E258T,1.03517432
p.E258W,1.303457238
p.E258Y,1.041285134
p.E258V,1.003407648
p.E267E,0.963016924
p.E267A,0.968681017
p.E267R,0.996472453
p.E267N,0.994905141
p.E267D,0.870069778
p.E267C,0.210565453
p.E267Q,0.944160262
p.E267G,1.074006575
p.E267I,1.024139001
p.E267L,1.022846706
p.E267K,1.114134823
p.E267F,1.008841416
p.E267P,1.024469791
p.E267S,1.078436649
p.E267X,-0.040484983
p.E267T,0.475511878
p.E267W,0.704035925
p.E267Y,1.040686303
p.E267V,1.043500793
p.E277A,0.729253455
p.E277R,0.898945165
p.E277N,0.628734404
p.E277D,0.905273713
p.E277C,1.033613038
p.E277Q,-0.116707717
p.E277G,0.710254913
p.E277I,0.963302527
p.E277L,0.192915852
p.E277M,0.955600341
p.E277F,1.064745108
p.E277S,0.940773101
p.E277X,0.311670768
p.E277T,1.037561775
p.E277Y,0.972535852
p.E277V,-0.089986791
p.E28E,0.838313272
p.E288E,1.010782092
p.E288A,0.568583162
p.E288R,-0.158535012
p.E288N,0.096601733
p.E288D,0.853071253
p.E288C,0.033552855
p.E288Q,0.7877198
p.E288G,0.730059339
p.E288H,0.868427407
p.E288I,0.014030911
p.E288L,0.199458638
p.E288K,0.624928706
p.E288M,0.128361318
p.E288F,-0.057370838
p.E288P,-0.034414183
p.E288S,0.461186085
p.E288X,0.005248324
p.E288T,0.50477085
p.E288W,-0.106145125
p.E288Y,-0.275232581
p.E288V,0.030929642
p.E28A,0.972557873
p.E28R,0.978947397
p.E28N,1.040544723
p.E28D,0.914253329
p.E28C,1.002366053
p.E28Q,1.086281369
p.E28G,1.110654475
p.E28I,1.121641314
p.E28L,1.009609766
p.E28K,0.972488591
p.E28M,1.16475601
p.E28F,0.959205178
p.E28P,0.843806866
p.E28S,1.003202725
p.E28X,0.05137557
p.E28T,0.985118565
p.E28W,0.709010971
p.E28Y,0.613552984
p.E28V,0.996734449
p.E308E,0.811139089
p.E308A,-0.203324561
p.E308R,0.084239584
p.E308N,-0.185197724
p.E308D,0.662187184
p.E308C,0.051718682
p.E308G,-0.062510219
p.E308I,-0.087041079
p.E308L,0.020583327
p.E308K,-0.160737657
p.E308M,-0.150752758
p.E308F,-0.086340623
p.E308P,0.561002
p.E308S,0.265325738
p.E308X,-0.008469411
p.E308T,-0.146443247
p.E308W,0.105425104
p.E308Y,-0.054262881
p.E308V,0.044637531
p.E31E,1.197709039
p.E312A,0.93768756
p.E312R,0.951024944
p.E312N,1.032919757
p.E312D,0.920624524
p.E312C,-0.102519564
p.E312Q,0.98389369
p.E312G,0.861240733
p.E312H,0.337872
p.E312I,0.927428882
p.E312L,0.992704502
p.E312K,1.001929616
p.E312M,1.092105416
p.E312F,1.013861457
p.E312P,0.984927777
p.E312S,1.008645274
p.E312X,-0.009388914
p.E312T,0.986265165
p.E312W,0.981590472
p.E312Y,0.962259821
p.E312V,1.053359736
p.E317E,1.057839547
p.E317A,0.429638621
p.E317R,0.932581882
p.E317N,0.908574346
p.E317D,0.949888676
p.E317C,-0.031315365
p.E317Q,0.203428122
p.E317G,0.943352032
p.E317I,0.547477674
p.E317L,0.652761013
p.E317K,0.888809217
p.E317M,0.834510772
p.E317F,0.781357074
p.E317P,0.627606225
p.E317S,0.719777167
p.E317X,-0.021395657
p.E317T,0.990892434
p.E317W,0.099999542
p.E317Y,0.909056969
p.E317V,0.311233591
p.E31A,0.719473356
p.E31R,1.020253436
p.E31D,0.850110684
p.E31Q,1.06903339
p.E31G,1.012568021
p.E31H,0.947565804
p.E31I,1.115213411
p.E31L,0.992435918
p.E31K,0.160074719
p.E31M,1.017444728
p.E31F,1.102555447
p.E31P,0.962651962
p.E31S,0.956362217
p.E31X,-0.0946642
p.E31T,1.150619308
p.E31W,1.141365228
p.E31Y,1.036130233
p.E31V,0.972843336
p.E337A,1.010244199
p.E337R,0.956095296
p.E337N,0.199268408
p.E337D,0.98507919
p.E337C,0.134384184
p.E337Q,1.190286917
p.E337G,0.925970708
p.E337H,-0.130348316
p.E337I,0.959609642
p.E337L,0.966590297
p.E337K,1.028413163
p.E337M,0.969475183
p.E337F,0.902579261
p.E337P,-0.066857121
p.E337S,0.965190896
p.E337X,-0.036086982
p.E337T,0.520975192
p.E337W,0.412824053
p.E337Y,0.968894694
p.E337V,0.980895119
p.E353E,0.960886872
p.E353A,0.332581808
p.E353R,0.74398424
p.E353N,0.162798151
p.E353D,1.035218641
p.E353C,1.0350848
p.E353Q,0.993067568
p.E353G,1.004006229
p.E353H,0.956884355
p.E353I,1.053193321
p.E353L,0.928943909
p.E353K,1.036736818
p.E353M,0.944707475
p.E353F,0.955558235
p.E353S,1.058541385
p.E353X,0.403671186
p.E353T,0.92921264
p.E353W,1.133882965
p.E353Y,0.905453641
p.E353V,1.00299665
p.E357E,1.078989542
p.E357A,1.088309046
p.E357R,0.910428664
p.E357N,0.991436378
p.E357D,0.970436498
p.E357C,0.994785097
p.E357Q,0.970621258
p.E357G,0.82397748
p.E357H,1.047076504
p.E357I,1.038435315
p.E357L,1.035066844
p.E357K,1.006806684
p.E357M,0.999019361
p.E357F,1.062422458
p.E357P,1.162997419
p.E357S,0.985806554
p.E357X,-0.020892358
p.E357T,0.090279072
p.E357W,0.984479655
p.E357Y,0.996257928
p.E357V,1.006630271
p.E372A,0.971799755
p.E372R,0.216714941
p.E372N,1.014443519
p.E372D,1.026004575
p.E372C,0.767082749
p.E372G,0.998801321
p.E372I,1.063195145
p.E372L,0.981650477
p.E372M,1.032760913
p.E372F,0.881349725
p.E372P,0.837926921
p.E372S,1.039258821
p.E372X,-0.150312087
p.E372T,0.722448523
p.E372W,1.027504136
p.E372Y,1.018874596
p.E372V,1.011683491
p.E380D,-0.247089771
p.E380C,0.491862699
p.E380G,0.970555928
p.E380K,1.060366444
p.E380M,-0.0409009
p.E380P,1.029795661
p.E380S,0.971133523
p.E380X,-0.038328184
p.E380W,0.932405864
p.E380V,0.689424929
p.E381R,1.00833622
p.E381N,1.295418714
p.E381D,0.947522353
p.E381C,1.106556215
p.E381I,1.146042785
p.E381L,1.120219614
p.E381M,-0.188030733
p.E381F,0.071817554
p.E381X,-0.066767908
p.E381Y,1.133146253
p.E381V,0.936334543
p.E408A,0.976137451
p.E408R,1.09961835
p.E408D,1.093347701
p.E408C,0.985377043
p.E408G,0.656434362
p.E408H,1.020428887
p.E408I,1.034576673
p.E408L,0.982343242
p.E408K,1.087208887
p.E408M,0.982803183
p.E408F,0.901665223
p.E408P,-0.06106986
p.E408S,1.095425884
p.E408X,0.052590387
p.E408W,0.822696183
p.E408Y,1.078915757
p.E408V,1.006896249
p.E418A,0.200749108
p.E418R,1.084415128
p.E418N,0.996255693
p.E418D,0.135458312
p.E418C,0.655050015
p.E418Q,1.017678971
p.E418G,0.837303149
p.E418H,0.618697741
p.E418I,0.975880367
p.E418L,0.795975866
p.E418K,1.016122509
p.E418M,1.00822966
p.E418F,0.939362239
p.E418P,1.005403365
p.E418S,0.950141938
p.E418X,0.229455802
p.E418T,0.475394811
p.E418W,0.975077028
p.E418Y,0.998155091
p.E418V,0.954356768
p.E435G,0.359697152
p.E435L,1.052042323
p.E435M,-0.231718666
p.E435S,1.145996705
p.E435T,0.979952657
p.E514E,0.868782068
p.E514A,0.052506645
p.E514R,-0.01605607
p.E514C,0.381352158
p.E514Q,0.944296424
p.E514G,0.998376756
p.E514I,1.025950587
p.E514L,0.827214177
p.E514M,1.011428099
p.E514F,1.04557611
p.E514S,1.052047348
p.E514X,0.227958668
p.E514W,1.025844899
p.E514Y,0.946389809
p.E514V,0.95059455
p.E51A,1.057603173
p.E51R,0.88522279
p.E51N,0.936518929
p.E51D,1.078574248
p.E51C,0.982732164
p.E51Q,1.07045245
p.E51G,0.850195122
p.E51H,0.902688421
p.E51I,0.836034653
p.E51L,0.917211271
p.E51K,1.056203126
p.E51M,1.075022608
p.E51F,1.002880722
p.E51P,0.738561166
p.E51S,1.018428475
p.E51X,-0.174127478
p.E51T,0.994644643
p.E51W,0.973603865
p.E51Y,1.041440667
p.E51V,1.02440686
p.E558E,0.837530411
p.E558A,1.012971961
p.E558R,1.108086236
p.E558N,0.922407801
p.E558D,1.063893227
p.E558C,1.03603029
p.E558Q,0.074867719
p.E558G,1.023873136
p.E558H,1.029268175
p.E558I,0.767579847
p.E558L,1.062233082
p.E558K,0.906453464
p.E558M,0.888751453
p.E558F,0.991254539
p.E558P,1.043659574
p.E558S,0.743713329
p.E558X,0.140108505
p.E558T,0.742397042
p.E558W,0.936295652
p.E558V,1.057962587
p.E58A,0.381092423
p.E58R,1.013204076
p.E58N,1.092749681
p.E58D,0.996485159
p.E58C,1.008033764
p.E58Q,1.015131409
p.E58G,0.978817993
p.E58H,0.948654788
p.E58I,1.041476586
p.E58L,1.047669376
p.E58K,1.043080299
p.E58M,0.928411292
p.E58F,0.960148891
p.E58S,1.046218995
p.E58X,-0.047816487
p.E58T,1.107544534
p.E58W,1.054240574
p.E58Y,1.087010069
p.E58V,1.029522108
p.E600A,0.867503813
p.E600R,1.075208503
p.E600N,1.045552962
p.E600D,0.87579916
p.E600C,1.03486191
p.E600Q,0.994974207
p.E600G,1.052794627
p.E600L,0.48862127
p.E600K,1.008270066
p.E600M,1.066474731
p.E600F,0.85536958
p.E600P,-0.030716482
p.E600S,0.929498093
p.E600X,-0.064595141
p.E600T,1.0346386
p.E600V,0.931011362
p.E602E,0.835004808
p.E602A,0.956719041
p.E602R,1.006390049
p.E602N,0.970448542
p.E602D,0.981166261
p.E602C,0.99950761
p.E602Q,0.977454805
p.E602G,0.990643098
p.E602H,0.283085874
p.E602I,1.062036735
p.E602L,0.958123952
p.E602K,1.060961246
p.E602M,1.031724168
p.E602F,0.986972304
p.E602P,0.927605611
p.E602S,0.990781515
p.E602X,-0.076397436
p.E602T,1.003813381
p.E602W,0.936963788
p.E602V,1.020544117
p.E615A,0.858017028
p.E615R,1.087911234
p.E615D,1.083345909
p.E615C,0.958877548
p.E615Q,0.245969591
p.E615G,1.166773351
p.E615L,0.955236659
p.E615M,0.950039266
p.E615P,-0.050458239
p.E615S,1.090112591
p.E615W,1.055959884
p.E615V,1.110910196
p.E61A,0.899921095
p.E61R,0.338098402
p.E61N,1.04014599
p.E61D,0.643357733
p.E61C,1.054191655
p.E61Q,0.863311763
p.E61G,0.967453036
p.E61H,1.059593069
p.E61I,0.44702623
p.E61L,0.851424452
p.E61K,1.103809802
p.E61M,0.936698566
p.E61F,0.881353287
p.E61P,1.02674319
p.E61S,1.098681215
p.E61X,-0.156806275
p.E61W,1.015492943
p.E61Y,0.984473213
p.E61V,0.942329482
p.E626E,1.077546851
p.E626A,1.005782122
p.E626R,1.038468825
p.E626N,0.969880599
p.E626D,0.888570818
p.E626C,0.124320604
p.E626Q,1.014636068
p.E626G,1.020448815
p.E626H,1.062175752
p.E626L,0.948770157
p.E626K,0.804911818
p.E626F,1.027492729
p.E626P,0.954126981
p.E626S,1.049163108
p.E626T,0.925805105
p.E626W,0.982300664
p.E626V,1.065241828
p.E644E,1.05578232
p.E644A,0.975783103
p.E644R,1.055429041
p.E644N,1.006999211
p.E644D,1.053134869
p.E644Q,1.005604467
p.E644G,0.99653323
p.E644H,0.834864662
p.E644I,0.989482819
p.E644L,0.947439974
p.E644K,0.372471703
p.E644M,1.015841631
p.E644F,1.075838642
p.E644P,0.762461822
p.E644S,1.067600023
p.E644X,-0.035954644
p.E644T,1.023785209
p.E644W,1.014855051
p.E644V,0.982969514
p.E650A,1.07650077
p.E650R,1.008953534
p.E650N,0.289511455
p.E650D,0.301149761
p.E650C,0.960408614
p.E650G,0.989015591
p.E650H,1.063768436
p.E650I,0.121715059
p.E650L,0.970624314
p.E650P,1.094290455
p.E650S,0.690270315
p.E650X,-0.037710924
p.E650T,1.012078181
p.E650W,0.474015916
p.E650Y,0.997485518
p.E650V,1.078833253
p.E668A,1.001989257
p.E668R,0.969883128
p.E668N,1.030733003
p.E668D,1.010947807
p.E668C,0.679285584
p.E668Q,0.02840879
p.E668G,0.97122796
p.E668H,0.980625619
p.E668I,0.99840931
p.E668L,0.970495366
p.E668K,0.952364147
p.E668F,1.035669201
p.E668P,1.031090225
p.E668S,0.972323267
p.E668X,-0.107566963
p.E668T,0.959930868
p.E668W,0.909049345
p.E668Y,1.035101633
p.E668V,1.039379574
p.E714A,0.995556971
p.E714R,0.956711477
p.E714N,0.973492921
p.E714D,0.977135287
p.E714C,0.600661496
p.E714Q,1.005302826
p.E714G,0.94725975
p.E714H,0.66924891
p.E714I,0.190515225
p.E714L,1.082813432
p.E714K,1.033153358
p.E714M,0.616648669
p.E714F,1.042574563
p.E714P,1.045801883
p.E714S,0.931177795
p.E714X,-0.194260085
p.E714T,0.91187176
p.E714W,-0.277980667
p.E714V,0.752551851
p.E716A,1.047057308
p.E716R,0.895173116
p.E716N,0.434362299
p.E716D,0.978228228
p.E716C,1.004319494
p.E716Q,0.125664274
p.E716G,1.003106446
p.E716H,0.935803925
p.E716I,1.01991444
p.E716L,1.042245521
p.E716K,0.601942039
p.E716M,0.975784074
p.E716F,0.984011575
p.E716P,0.996794322
p.E716S,0.99732432
p.E716X,-0.020876648
p.E716T,0.996174012
p.E716W,0.885560231
p.E716Y,1.000165222
p.E716V,1.056302188
p.E723A,0.984597798
p.E723R,1.017285369
p.E723N,1.003403344
p.E723D,0.949855444
p.E723C,0.924385512
p.E723Q,0.885627143
p.E723G,1.008395852
p.E723I,0.974683691
p.E723L,1.022753435
p.E723K,0.953498241
p.E723M,0.957062415
p.E723F,0.936242948
p.E723P,0.8122089
p.E723S,1.008891354
p.E723X,-0.234659303
p.E723T,1.013155892
p.E723W,0.96881511
p.E723Y,0.647336515
p.E723V,0.984654408
p.E763A,1.030720322
p.E763R,0.993027189
p.E763N,0.995559422
p.E763D,0.942537137
p.E763C,0.580680051
p.E763Q,0.964911718
p.E763G,1.020007055
p.E763I,0.957523075
p.E763L,0.959614022
p.E763K,0.764732637
p.E763M,0.959688485
p.E763F,0.857242724
p.E763P,-0.053500226
p.E763S,1.001192888
p.E763X,-0.305619437
p.E763T,0.992779144
p.E763W,0.658838104
p.E763Y,0.915487524
p.E763V,0.931547166
p.E781A,1.019217493
p.E781R,0.991349982
p.E781D,1.018385377
p.E781C,0.983420922
p.E781Q,0.231770431
p.E781G,1.013958323
p.E781I,1.027890557
p.E781L,1.044795372
p.E781K,0.886392828
p.E781M,0.688852582
p.E781P,1.024760302
p.E781S,0.956451268
p.E781X,-0.188600572
p.E781T,1.073606345
p.E781W,0.945100327
p.E781V,1.016756171
p.E833A,1.024063294
p.E833R,0.906622443
p.E833N,0.935384823
p.E833D,0.911692704
p.E833Q,0.973830129
p.E833G,0.994101831
p.E833H,0.994148347
p.E833L,-0.143514911
p.E833K,0.984011175
p.E833P,1.044052598
p.E833S,0.966076396
p.E833X,0.880867145
p.E833T,1.004703154
p.E833W,0.943211278
p.E833V,1.042731414
p.E835E,-0.042824308
p.E835A,1.039007555
p.E835R,0.943008739
p.E835N,1.283228933
p.E835D,0.85547036
p.E835C,1.013660284
p.E835Q,1.025912425
p.E835G,0.967988739
p.E835H,0.987619988
p.E835L,1.02258519
p.E835K,0.970304558
p.E835M,1.059064292
p.E835P,0.994901374
p.E835S,1.042041616
p.E835X,0.767890383
p.E835T,0.977401173
p.E835W,0.746338921
p.E835Y,0.973900276
p.E835V,0.958550349
p.E856A,0.315789888
p.E856R,0.51197065
p.E856N,0.969545429
p.E856D,0.993978213
p.E856C,0.97303407
p.E856Q,1.030151347
p.E856G,1.016960268
p.E856H,1.012824936
p.E856L,0.989807929
p.E856K,1.046922028
p.E856M,1.04857321
p.E856F,0.955329657
p.E856P,-0.148214322
p.E856S,0.963753063
p.E856X,0.958248614
p.E856T,0.987415735
p.E856W,0.983012326
p.E856Y,0.944020504
p.E856V,1.019256014
p.G103G,0.980825026
p.G103A,0.942144483
p.G103R,1.017413237
p.G103N,1.034959099
p.G103D,0.945035857
p.G103C,0.972731126
p.G103Q,1.035234946
p.G103E,1.007187783
p.G103H,1.005322309
p.G103I,0.942840932
p.G103L,0.931161098
p.G103K,1.13805222
p.G103M,0.886140422
p.G103F,1.03133189
p.G103P,0.971905914
p.G103S,1.001136681
p.G103X,-0.049938775
p.G103T,0.701585548
p.G103W,1.063846435
p.G103Y,0.980860627
p.G103V,0.97541739
p.G119G,1.007332505
p.G119A,1.059264661
p.G119R,1.105499468
p.G119N,1.073139419
p.G119D,1.142777765
p.G119C,0.873237323
p.G119Q,0.755446523
p.G119E,0.995276664
p.G119H,0.993597837
p.G119I,0.903535766
p.G119L,1.105106714
p.G119M,0.978470842
p.G119F,0.532322954
p.G119P,1.053091274
p.G119S,0.970532546
p.G119X,0.001365925
p.G119T,1.01829109
p.G119W,1.007215813
p.G119Y,0.934867304
p.G119V,1.029698674
p.G137G,0.988563438
p.G137A,0.845098746
p.G137R,1.049098978
p.G137N,1.070517551
p.G137D,0.297385374
p.G137C,0.940336159
p.G137Q,1.035700089
p.G137E,1.016643915
p.G137H,0.994493835
p.G137I,0.909924797
p.G137L,1.008238539
p.G137K,0.133828748
p.G137M,1.076148533
p.G137F,1.059995824
p.G137P,1.046804768
p.G137S,0.999752333
p.G137X,-0.006058208
p.G137T,1.052732318
p.G137W,1.052495544
p.G137Y,0.911108669
p.G137V,1.024660773
p.G149G,0.96987943
p.G149A,1.077240355
p.G149R,1.030337767
p.G149N,0.846369267
p.G149D,1.071495683
p.G149C,0.895853457
p.G149Q,1.052086611
p.G149E,1.249325755
p.G149H,0.915115923
p.G149I,0.992393416
p.G149L,1.037647865
p.G149K,1.059913128
p.G149M,1.002538769
p.G149F,0.994146104
p.G149P,0.961522533
p.G149S,1.113772988
p.G149X,0.102100353
p.G149T,1.036960761
p.G149W,0.948019645
p.G149Y,0.811835324
p.G149V,1.009326354
p.G176G,1.008883857
p.G176A,0.933964706
p.G176R,1.033488014
p.G176D,0.902899672
p.G176C,1.069652691
p.G176H,1.017417054
p.G176I,0.980716351
p.G176L,1.071695838
p.G176M,1.06068786
p.G176F,1.059250062
p.G176P,1.057052778
p.G176S,0.951523276
p.G176X,-0.160405731
p.G176T,1.161109741
p.G176W,0.972717852
p.G176Y,1.118829025
p.G176V,0.951163381
p.G186G,1.036398121
p.G186A,0.791423025
p.G186R,0.970007311
p.G186N,0.996739811
p.G186D,1.079786793
p.G186C,0.972681742
p.G186E,0.833639481
p.G186H,0.742634453
p.G186I,1.155576709
p.G186L,0.998671366
p.G186K,1.039224556
p.G186M,1.019998872
p.G186F,0.813500443
p.G186P,1.075903739
p.G186S,0.457256345
p.G186X,-0.120799887
p.G186T,1.062935622
p.G186W,0.808425107
p.G186Y,0.639471646
p.G186V,0.987996329
p.G192G,1.042220081
p.G192A,1.1642258
p.G192R,0.99071531
p.G192D,1.028972292
p.G192C,0.864166811
p.G192Q,0.841761078
p.G192E,0.746921616
p.G192H,0.921630945
p.G192I,0.75393372
p.G192L,-0.323109191
p.G192K,0.961136318
p.G192M,0.524480539
p.G192F,0.129060022
p.G192S,1.037054647
p.G192X,-0.022933391
p.G192T,0.938881489
p.G192W,0.763938018
p.G192Y,1.110684503
p.G192V,0.902353729
p.G2G,0.943463951
p.G20G,1.153364074
p.G207G,0.944294576
p.G207A,0.652205861
p.G207R,0.874898413
p.G207N,0.343369255
p.G207D,1.168661813
p.G207E,1.101508807
p.G207I,0.990550182
p.G207L,0.777507367
p.G207M,1.022506256
p.G207P,1.048930235
p.G207S,1.080043403
p.G207W,0.589351362
p.G207Y,0.020360808
p.G207V,0.958788218
p.G20A,0.954113486
p.G20R,0.974324828
p.G20D,1.028379637
p.G20C,0.880947436
p.G20Q,1.110595009
p.G20E,0.950031152
p.G20L,0.849566226
p.G20K,0.909797924
p.G20M,0.636171765
p.G20F,1.012703202
p.G20S,0.874227621
p.G20X,0.053743206
p.G20T,1.043433498
p.G20W,0.916703988
p.G20V,0.948994676
p.G218G,1.013648515
p.G218A,0.886071745
p.G218R,0.819392935
p.G218N,0.471067885
p.G218D,0.941448694
p.G218C,0.941135592
p.G218Q,0.964776261
p.G218E,0.92085212
p.G218H,1.045783533
p.G218I,0.996887966
p.G218L,0.977326248
p.G218K,-0.163568508
p.G218M,0.988378658
p.G218F,0.959916692
p.G218P,0.967318509
p.G218S,0.9882176
p.G218X,0.007268402
p.G218T,1.012521408
p.G218W,0.969804898
p.G218Y,0.809549681
p.G218V,1.038514283
p.G219G,0.997849443
p.G219A,1.091782608
p.G219R,1.075092214
p.G219N,0.890377534
p.G219D,0.936797881
p.G219C,0.947910991
p.G219Q,-0.204889152
p.G219E,1.009154507
p.G219H,1.038023021
p.G219I,0.166222471
p.G219L,1.044114298
p.G219K,0.993230421
p.G219M,1.049447188
p.G219F,0.632877032
p.G219P,0.860837505
p.G219S,0.977879136
p.G219X,0.119500996
p.G219T,1.005038396
p.G219W,0.86106709
p.G219Y,0.475074779
p.G219V,0.515164087
p.G24G,0.976064557
p.G246G,0.809743269
p.G246A,0.923695307
p.G246R,0.926413137
p.G246N,1.001256654
p.G246D,0.960487985
p.G246C,0.999845407
p.G246E,1.091568956
p.G246H,1.006984458
p.G246I,1.066521201
p.G246L,1.057009896
p.G246M,0.961023407
p.G246F,0.917069782
p.G246S,1.011910958
p.G246X,0.039215787
p.G246T,0.953705527
p.G246W,1.078260586
p.G246Y,1.010528425
p.G246V,0.967840879
p.G24A,1.00882032
p.G24R,0.94909109
p.G24N,0.858207301
p.G24D,0.852082324
p.G24C,1.004340871
p.G24Q,1.11064868
p.G24E,0.94743705
p.G24H,0.985151428
p.G24I,1.075008017
p.G24L,0.89186203
p.G24K,0.87591607
p.G24M,0.191080114
p.G24F,1.081503457
p.G24P,0.90787651
p.G24S,0.972585126
p.G24X,-0.059474032
p.G24T,0.70139479
p.G24W,1.045290852
p.G24Y,1.003327265
p.G24V,1.061073512
p.G251G,1.027335466
p.G251A,0.74031334
p.G251R,0.765090443
p.G251N,1.030761544
p.G251C,0.750680762
p.G251Q,1.200647716
p.G251E,1.231873915
p.G251H,-0.058502998
p.G251I,0.97085424
p.G251L,1.048389974
p.G251K,1.049333347
p.G251M,0.913496451
p.G251F,0.991908984
p.G251S,0.959634145
p.G251X,0.022937032
p.G251T,1.062734332
p.G251W,1.088467088
p.G251Y,1.09824075
p.G251V,1.071855501
p.G269G,1.00354307
p.G269A,0.774024328
p.G269R,1.099333882
p.G269D,-0.001206752
p.G269C,1.034340155
p.G269Q,0.856931604
p.G269E,1.029669001
p.G269I,0.329350813
p.G269L,0.978450733
p.G269K,0.909685687
p.G269M,1.024811889
p.G269F,0.917350823
p.G269P,0.977507116
p.G269S,0.136816843
p.G269X,-0.348176235
p.G269T,1.006454666
p.G269W,1.049001636
p.G269V,0.990829023
p.G278G,0.635410524
p.G278A,1.030776097
p.G278R,1.054373538
p.G278N,0.910426311
p.G278D,0.993860604
p.G278C,0.065218532
p.G278Q,-0.023126895
p.G278E,0.962412802
p.G278L,0.975932376
p.G278K,0.869929581
p.G278M,1.024053837
p.G278F,1.083378959
p.G278S,1.035065284
p.G278X,-0.044874348
p.G278T,-0.273179022
p.G278W,1.032732539
p.G278Y,0.915251132
p.G278V,0.317745852
p.G287G,1.015031638
p.G287A,0.916389496
p.G287R,0.366417908
p.G287N,0.954055559
p.G287D,0.047896018
p.G287C,-0.144221579
p.G287Q,0.401252649
p.G287E,0.788600529
p.G287H,0.806244935
p.G287I,-0.00770382
p.G287L,0.478171924
p.G287K,0.678685633
p.G287M,0.747411982
p.G287F,0.090468375
p.G287P,-0.012152173
p.G287S,0.477468541
p.G287X,0.203771187
p.G287T,0.029753579
p.G287W,-0.036413576
p.G287Y,0.099541013
p.G287V,-0.019759749
p.G2A,1.021533686
p.G2R,0.983404893
p.G2N,0.953455306
p.G2C,1.057671823
p.G2L,0.900990013
p.G2M,1.130779466
p.G2S,1.134718314
p.G2X,-0.079982846
p.G2T,0.910381236
p.G2W,1.012781249
p.G2Y,1.062286204
p.G2V,1.115728174
p.G314G,0.910574369
p.G314A,1.018716579
p.G314R,0.632599173
p.G314N,0.794219989
p.G314D,0.993627561
p.G314C,0.306949057
p.G314Q,0.792713689
p.G314E,0.981716904
p.G314H,-0.128259048
p.G314I,1.06534147
p.G314L,0.85568207
p.G314K,1.056951419
p.G314M,0.782149793
p.G314F,0.905673787
p.G314P,0.996740578
p.G314S,0.73514078
p.G314X,-0.063435638
p.G314T,0.889764826
p.G314W,0.786577254
p.G314Y,0.889281785
p.G314V,0.941170409
p.G323G,1.010288491
p.G323A,0.978935995
p.G323R,0.162652711
p.G323N,0.444177535
p.G323D,0.768937459
p.G323C,0.258612128
p.G323Q,0.107967856
p.G323E,0.083402691
p.G323I,0.387667137
p.G323L,0.201503922
p.G323K,0.666264518
p.G323M,0.655352441
p.G323F,0.038348842
p.G323P,-0.048545352
p.G323S,0.795128917
p.G323X,0.012280827
p.G323T,0.768176878
p.G323W,-0.126290844
p.G323Y,0.036790318
p.G323V,0.08120289
p.G324G,1.366693607
p.G324A,0.978952048
p.G324R,0.575980811
p.G324N,0.981756778
p.G324D,1.015096707
p.G324C,0.722200264
p.G324Q,1.131909696
p.G324E,0.997509404
p.G324I,0.891323666
p.G324L,0.926956526
p.G324K,1.007715454
p.G324M,0.873524348
p.G324F,0.916806652
p.G324P,-0.198214484
p.G324S,0.948909918
p.G324X,-0.056348921
p.G324W,1.042596951
p.G324Y,1.058720679
p.G324V,0.684846088
p.G335G,0.959446133
p.G335A,0.782023333
p.G335R,0.985178084
p.G335N,0.516913224
p.G335D,0.894745831
p.G335C,-0.257607589
p.G335E,1.003561568
p.G335H,0.617610484
p.G335I,-0.163875285
p.G335L,0.626792001
p.G335M,0.684323721
p.G335F,0.795480991
p.G335P,-0.095532636
p.G335S,1.04401741
p.G335X,-0.206764333
p.G335T,0.408526381
p.G335W,0.807774979
p.G335Y,0.764801177
p.G335V,-0.013435281
p.G343G,1.002324231
p.G343A,1.002574506
p.G343R,0.87319688
p.G343N,0.195153902
p.G343D,0.964960087
p.G343C,0.066568329
p.G343E,0.937870751
p.G343H,0.775309756
p.G343I,-0.061289148
p.G343L,0.769990978
p.G343M,1.026511125
p.G343F,0.980702652
p.G343P,-0.058368549
p.G343S,0.985306169
p.G343X,-0.181218715
p.G343T,0.001080677
p.G343W,-0.107125107
p.G343Y,0.980170618
p.G343V,0.463152592
p.G37G,1.044954644
p.G373G,0.997594795
p.G373A,1.034977014
p.G373R,0.086635482
p.G373N,0.979638782
p.G373C,1.122862501
p.G373E,0.006224208
p.G373I,0.773612004
p.G373L,0.959853882
p.G373M,1.003156308
p.G373F,0.990885436
p.G373P,0.007214682
p.G373S,0.957128294
p.G373X,-0.058953974
p.G373T,0.981400223
p.G373W,0.971444799
p.G373Y,0.907432069
p.G373V,1.04275265
p.G374G,1.070551626
p.G374A,0.898960366
p.G374R,0.922251808
p.G374C,0.993291238
p.G374E,0.845797801
p.G374L,1.078034517
p.G374K,1.059039977
p.G374M,0.994116838
p.G374F,0.992320347
p.G374P,1.073527534
p.G374X,0.106441896
p.G374T,1.050701394
p.G374W,1.084788783
p.G374V,1.062378207
p.G37A,0.947147844
p.G37R,1.025583441
p.G37N,0.706282786
p.G37D,1.051626337
p.G37C,0.301799499
p.G37Q,0.987818437
p.G37E,0.781252959
p.G37H,1.06283674
p.G37I,0.966406857
p.G37L,1.059307744
p.G37K,1.029636657
p.G37M,1.14750724
p.G37F,1.016632076
p.G37P,0.912577656
p.G37S,1.124635244
p.G37X,0.188539876
p.G37T,0.941950183
p.G37W,1.002606426
p.G37Y,0.426591248
p.G37V,1.080714084
p.G382G,0.941243987
p.G382C,0.981340508
p.G382L,0.903759262
p.G382F,0.374665897
p.G382X,0.072422387
p.G382T,0.920020885
p.G382Y,1.028293737
p.G382V,1.018262252
p.G396G,0.990545268
p.G396A,1.268517009
p.G396R,0.841680018
p.G396N,1.069797203
p.G396Q,1.071702426
p.G396E,0.913695515
p.G396I,0.897122062
p.G396L,1.019479162
p.G396M,0.76463816
p.G396S,1.067511379
p.G396T,0.958653221
p.G396W,1.024657918
p.G396V,0.81320195
p.G461G,1.07268786
p.G461A,1.024233612
p.G461R,0.910935636
p.G461N,1.071103218
p.G461D,0.325657067
p.G461E,0.999591299
p.G461H,1.067904415
p.G461L,1.058621842
p.G461K,0.986496017
p.G461M,1.004878238
p.G461P,1.040175945
p.G461S,1.024154375
p.G461X,0.515339365
p.G461W,0.991272967
p.G461Y,-0.093953802
p.G478G,1.021274206
p.G478R,1.030813052
p.G478N,1.0480328
p.G478C,-0.014938667
p.G478E,0.799805768
p.G478I,0.088488046
p.G478L,-0.046948263
p.G478K,-0.07039323
p.G478M,1.256217548
p.G478F,1.201840026
p.G478P,1.057354541
p.G478S,1.04462966
p.G478W,0.173674979
p.G478Y,0.727390859
p.G478V,0.586710793
p.G48G,0.907077874
p.G48A,0.982053748
p.G48R,1.143157609
p.G48N,1.022526087
p.G48D,0.764738436
p.G48E,1.137982229
p.G48I,1.106171874
p.G48L,1.052749446
p.G48K,0.946911333
p.G48M,1.036892958
p.G48F,1.219840549
p.G48P,0.923791433
p.G48S,0.731008356
p.G48X,0.133632969
p.G48T,1.054598201
p.G48W,1.031637967
p.G48Y,0.056565739
p.G48V,1.017813628
p.G496G,0.963558154
p.G496A,-0.043065705
p.G496R,0.820399297
p.G496D,0.58957619
p.G496C,0.962325183
p.G496E,1.058270089
p.G496I,1.01542173
p.G496L,1.232274547
p.G496F,1.024895123
p.G496P,0.921881086
p.G496S,1.135138195
p.G496T,1.041164143
p.G496W,1.141225539
p.G496Y,-0.061093505
p.G496V,1.065314184
p.G5G,1.015768354
p.G505G,0.381326261
p.G505A,0.881307488
p.G505R,0.753678567
p.G505N,0.874232497
p.G505D,1.020137555
p.G505C,1.089074888
p.G505Q,0.086134596
p.G505E,0.235192027
p.G505H,0.585088403
p.G505I,0.966561144
p.G505L,0.971966046
p.G505F,0.980726417
p.G505S,0.931976726
p.G505T,1.074022707
p.G505W,1.176831807
p.G505Y,0.08929705
p.G505V,0.952793516
p.G516G,1.01519294
p.G516R,1.095095732
p.G516D,0.899025428
p.G516C,0.547937172
p.G516H,0.485953574
p.G516I,0.158217872
p.G516L,0.858107092
p.G516M,0.754496773
p.G516F,0.953912163
p.G516S,0.992166805
p.G516X,0.049361895
p.G516T,0.873367979
p.G516W,0.931983123
p.G516V,0.989632888
p.G529G,0.939879142
p.G529A,0.998655121
p.G529R,0.979193388
p.G529N,0.977553669
p.G529D,0.981128102
p.G529C,0.980242817
p.G529H,1.054372482
p.G529I,0.6542261
p.G529L,0.890293322
p.G529K,-0.054268873
p.G529M,0.079573477
p.G529F,0.990471788
p.G529P,0.698049839
p.G529S,0.552823516
p.G529T,-0.200928608
p.G529W,0.980583957
p.G529Y,1.078905277
p.G529V,0.749240928
p.G537G,1.011388239
p.G537A,0.88055644
p.G537R,1.11960584
p.G537N,0.901818313
p.G537D,1.021323869
p.G537C,0.806706039
p.G537Q,1.043626315
p.G537E,1.037548567
p.G537I,1.049102413
p.G537L,0.826801789
p.G537K,0.964498964
p.G537M,0.704207487
p.G537F,0.948712624
p.G537P,1.006535915
p.G537S,0.901404368
p.G537X,-0.062924287
p.G537W,1.0545721
p.G537Y,0.713190836
p.G537V,0.87033004
p.G545G,0.886258615
p.G545A,0.928841306
p.G545R,0.189488452
p.G545N,1.00362318
p.G545D,1.020391666
p.G545C,1.289544366
p.G545Q,0.93333854
p.G545E,1.009149856
p.G545H,0.917970313
p.G545I,0.723918835
p.G545L,1.04258373
p.G545K,0.52844208
p.G545M,1.083480358
p.G545F,1.082452087
p.G545P,-0.020547509
p.G545S,0.906233049
p.G545X,-0.081271906
p.G545T,0.949282856
p.G545W,1.068403739
p.G545Y,1.074634466
p.G545V,1.046451559
p.G546G,1.122093473
p.G546A,-0.064733847
p.G546R,1.118448113
p.G546D,0.62453517
p.G546C,1.060272599
p.G546Q,0.979319962
p.G546E,0.971306825
p.G546I,0.239162886
p.G546L,1.088069052
p.G546M,0.534946217
p.G546F,1.270543766
p.G546P,0.947852329
p.G546S,1.062228983
p.G546X,-0.149954865
p.G546W,1.116465207
p.G546V,1.006610414
p.G549G,1.019168203
p.G549A,0.863925258
p.G549R,-0.077578272
p.G549N,0.354381752
p.G549D,-0.00814161
p.G549C,0.550500596
p.G549Q,0.703703163
p.G549E,0.667069816
p.G549H,0.319749673
p.G549I,0.496389946
p.G549L,1.104417527
p.G549K,0.017521052
p.G549M,0.876346945
p.G549F,0.809389634
p.G549P,0.290438296
p.G549S,0.908312495
p.G549X,0.34511147
p.G549T,-0.149695448
p.G549W,0.105299296
p.G549Y,-0.073525934
p.G549V,0.157017902
p.G55G,0.735520188
p.G55A,0.830344339
p.G55R,0.956617125
p.G55N,0.983472064
p.G55D,1.055554782
p.G55C,1.074392754
p.G55Q,1.013587314
p.G55E,1.153856626
p.G55H,1.024654387
p.G55I,0.980212757
p.G55L,0.757741767
p.G55K,1.041506352
p.G55M,1.027715937
p.G55F,1.004931159
p.G55P,1.296161782
p.G55S,0.911720563
p.G55X,0.095924006
p.G55T,1.099684941
p.G55W,1.02941676
p.G55Y,0.978721376
p.G55V,0.968075857
p.G565G,0.986048254
p.G565A,0.050350108
p.G565R,-0.134516877
p.G565N,-0.27030499
p.G565D,0.787665352
p.G565C,0.53253168
p.G565Q,-0.13936497
p.G565E,-0.07391761
p.G565I,0.021514807
p.G565L,-0.140212753
p.G565M,-0.043220924
p.G565F,-0.0370124
p.G565P,-0.179535577
p.G565S,0.735247215
p.G565X,0.016002956
p.G565W,0.249508526
p.G565Y,-0.025455875
p.G565V,-0.070553837
p.G573G,0.924263915
p.G573A,1.063104978
p.G573R,0.971190625
p.G573D,0.992168305
p.G573C,1.103410416
p.G573Q,1.03183022
p.G573E,0.822642088
p.G573H,1.05523983
p.G573I,1.007711964
p.G573L,0.91398231
p.G573K,0.997952338
p.G573F,0.020185387
p.G573P,1.255958696
p.G573S,1.018497788
p.G573X,-0.053150871
p.G573T,1.023951335
p.G573V,0.883296812
p.G592G,1.006072279
p.G592A,0.943093895
p.G592R,1.048737903
p.G592N,1.034935618
p.G592D,0.386560402
p.G592C,0.9979001
p.G592Q,1.064603891
p.G592E,0.997312191
p.G592H,1.114033054
p.G592I,1.014162483
p.G592L,1.014936023
p.G592K,0.98732922
p.G592M,0.977187932
p.G592F,0.920235843
p.G592P,-0.136255447
p.G592S,0.802599305
p.G592X,0.034015364
p.G592W,1.010245772
p.G592Y,0.999667978
p.G592V,1.042185731
p.G593G,0.855401875
p.G593A,0.868317178
p.G593R,1.026594919
p.G593N,0.955839784
p.G593D,1.01797778
p.G593C,1.105550881
p.G593Q,0.887544371
p.G593E,0.137876651
p.G593H,0.979443188
p.G593I,0.527367196
p.G593L,1.027959107
p.G593M,0.728092361
p.G593F,0.982585466
p.G593P,0.9961268
p.G593S,0.965709638
p.G593X,-0.107324926
p.G593T,1.011034326
p.G593Y,0.99252788
p.G593V,1.037643565
p.G5A,1.035896288
p.G5R,1.064934852
p.G5N,0.848179392
p.G5D,0.90869208
p.G5C,0.991804367
p.G5Q,0.825465739
p.G5E,1.079071941
p.G5H,1.003799988
p.G5I,0.721615839
p.G5L,1.055797525
p.G5K,0.977716124
p.G5M,0.828495293
p.G5F,0.706179659
p.G5P,0.887667843
p.G5S,0.994547047
p.G5X,-0.124762833
p.G5T,1.031590755
p.G5W,1.022984766
p.G5Y,1.07458712
p.G5V,1.000725069
p.G636G,1.004310136
p.G636A,1.021209341
p.G636R,0.994827916
p.G636D,0.959382784
p.G636C,0.856801519
p.G636E,0.915494809
p.G636H,1.043998629
p.G636I,0.915240033
p.G636L,1.025261595
p.G636M,0.836388101
p.G636F,0.984977864
p.G636P,0.848759275
p.G636S,1.088273913
p.G636X,-0.035868579
p.G636T,1.000313551
p.G636W,0.854039188
p.G636Y,0.990425355
p.G636V,1.032721018
p.G663G,0.864914875
p.G663A,1.010416609
p.G663R,1.018744472
p.G663D,0.714340828
p.G663Q,0.986390984
p.G663E,0.977802804
p.G663H,-0.047273659
p.G663I,1.010846061
p.G663L,1.003674882
p.G663K,0.054794718
p.G663M,0.983887844
p.G663F,1.008306484
p.G663P,0.925509641
p.G663S,1.043866883
p.G663T,0.995927695
p.G663W,0.009122536
p.G663Y,0.95718612
p.G663V,0.951860937
p.G675G,0.977737677
p.G675A,0.957814388
p.G675R,1.027636661
p.G675N,0.888829966
p.G675D,1.01920507
p.G675C,1.198407019
p.G675E,1.046007634
p.G675L,1.032684308
p.G675M,1.026919285
p.G675P,1.075793179
p.G675S,0.994864201
p.G675X,-0.029996768
p.G675T,0.977748731
p.G675W,0.337403907
p.G675Y,0.972455872
p.G675V,1.022837377
p.G676G,0.961180836
p.G676A,0.846060634
p.G676R,0.910952016
p.G676D,1.057408054
p.G676C,0.941269151
p.G676I,0.990697377
p.G676L,1.028297381
p.G676K,0.878008299
p.G676S,0.990650858
p.G676T,0.459725112
p.G676W,-0.065861895
p.G676Y,0.916569938
p.G676V,0.069406572
p.G701G,0.939535674
p.G701A,0.942855478
p.G701R,0.941281544
p.G701N,1.028052283
p.G701D,1.037863424
p.G701C,1.14171772
p.G701Q,0.938733661
p.G701E,0.753643901
p.G701I,1.018930387
p.G701L,0.930670297
p.G701K,0.704561079
p.G701M,1.12271531
p.G701F,0.933332366
p.G701P,0.994217526
p.G701S,0.967391406
p.G701X,-0.176439856
p.G701T,1.069767265
p.G701W,1.008490625
p.G701Y,0.982784923
p.G701V,0.950691459
p.G71G,1.071380146
p.G71A,0.993676475
p.G71R,0.982983786
p.G71N,0.947630396
p.G71D,1.094328599
p.G71C,1.015040267
p.G71Q,1.075194189
p.G71E,1.012766579
p.G71H,1.107822644
p.G71I,0.866515261
p.G71L,1.06452815
p.G71K,0.990977516
p.G71M,0.360482507
p.G71F,0.930579799
p.G71P,0.934097462
p.G71S,0.968682942
p.G71X,-0.053077467
p.G71T,1.015523859
p.G71W,1.119472993
p.G71Y,0.957397913
p.G71V,1.03665876
p.G754G,1.018163087
p.G754A,0.993915065
p.G754R,0.960182338
p.G754N,0.193591336
p.G754D,0.952543793
p.G754C,0.836181205
p.G754Q,1.024496382
p.G754E,0.977121657
p.G754H,1.068281372
p.G754I,1.01044344
p.G754L,1.027689543
p.G754K,1.012120491
p.G754M,0.971089959
p.G754F,0.482398313
p.G754P,0.976982301
p.G754S,1.015552936
p.G754X,-0.300813142
p.G754T,1.003651778
p.G754W,0.977230788
p.G754Y,1.007674996
p.G754V,0.997944469
p.G758G,0.960219304
p.G758A,1.007140959
p.G758R,1.025274943
p.G758N,1.022972807
p.G758D,0.949121752
p.G758C,1.023015372
p.G758Q,1.108620348
p.G758E,1.020574033
p.G758H,1.065403448
p.G758I,1.089056767
p.G758L,0.910323992
p.G758K,1.089204316
p.G758M,0.945595364
p.G758F,0.975586071
p.G758P,0.655729858
p.G758S,0.966287279
p.G758X,-0.190542449
p.G758T,1.00666194
p.G758W,0.848895087
p.G758Y,0.949648917
p.G758V,1.028469164
p.G76G,1.001511909
p.G76A,0.855857917
p.G76R,0.932610394
p.G76N,1.035441136
p.G76D,1.036828519
p.G76C,0.772037582
p.G76Q,1.049984536
p.G76E,1.019920859
p.G76H,0.954765745
p.G76I,0.909349079
p.G76L,1.018596327
p.G76K,1.046050203
p.G76M,0.973483773
p.G76F,1.006973612
p.G76P,1.108071684
p.G76S,1.038925478
p.G76X,-0.01675667
p.G76T,1.046005841
p.G76W,0.972631906
p.G76Y,0.930347134
p.G76V,1.009254608
p.G77G,0.968036764
p.G773G,1.029356744
p.G773A,0.963172058
p.G773R,-0.109013171
p.G773N,0.872422336
p.G773D,0.956455839
p.G773C,0.991935686
p.G773E,0.949491649
p.G773H,0.740501976
p.G773I,0.866978292
p.G773L,1.032675203
p.G773K,0.930109384
p.G773M,1.074992627
p.G773F,0.975341876
p.G773P,1.042555413
p.G773S,0.823255863
p.G773X,-0.166847306
p.G773T,1.02555477
p.G773W,1.061318799
p.G773Y,0.933616972
p.G773V,0.998785264
p.G777G,1.004126925
p.G777A,1.023698983
p.G777R,0.880308712
p.G777N,1.069924815
p.G777D,0.950579589
p.G777C,0.763910207
p.G777Q,0.996218945
p.G777E,1.059866313
p.G777H,0.888319522
p.G777I,0.979868325
p.G777L,1.059171397
p.G777K,0.967184556
p.G777M,0.988156502
p.G777F,0.904575781
p.G777P,1.026262609
p.G777S,1.049227917
p.G777X,-0.185169644
p.G777T,1.031637443
p.G777W,0.938541095
p.G777Y,0.961640399
p.G777V,0.99271895
p.G779G,1.051661955
p.G779A,0.988584517
p.G779R,0.951007606
p.G779N,-0.309761118
p.G779D,1.014624745
p.G779E,1.031058817
p.G779H,0.647323002
p.G779L,1.006040075
p.G779K,0.871768696
p.G779M,0.986477185
p.G779F,1.014958151
p.G779P,0.626385018
p.G779S,0.995379177
p.G779X,-0.17764626
p.G779T,1.076223512
p.G779W,0.952091386
p.G779Y,0.812750109
p.G779V,1.009521122
p.G77A,1.058193574
p.G77R,1.006352853
p.G77N,1.00219132
p.G77D,1.093824414
p.G77C,0.830881761
p.G77Q,0.976750032
p.G77E,1.083957458
p.G77H,1.03962213
p.G77I,0.967577551
p.G77L,1.068504741
p.G77K,1.160585987
p.G77M,1.077535152
p.G77F,1.103130405
p.G77P,0.991217661
p.G77S,0.979347848
p.G77X,0.190088328
p.G77T,1.043267849
p.G77W,1.013190838
p.G77Y,0.87047422
p.G77V,1.031019511
p.G805G,1.026828317
p.G805A,0.94690979
p.G805R,0.882960376
p.G805N,0.868824039
p.G805D,0.707994006
p.G805E,0.583954019
p.G805H,1.004992577
p.G805I,0.950837571
p.G805L,0.978950655
p.G805M,0.98614848
p.G805P,1.006765629
p.G805S,1.033633621
p.G805X,0.881815961
p.G805T,0.964292244
p.G805W,0.962688006
p.G805V,1.029214716
p.G844G,0.972632037
p.G844A,0.996419751
p.G844R,0.985959135
p.G844N,0.962672732
p.G844D,1.016975641
p.G844C,0.97953134
p.G844Q,1.01902019
p.G844E,1.028225334
p.G844H,0.994554327
p.G844I,0.972137915
p.G844L,1.007043623
p.G844K,1.022727636
p.G844M,0.977194295
p.G844F,0.703306042
p.G844P,0.914073887
p.G844S,1.042763079
p.G844X,1.010167252
p.G844T,0.68589115
p.G844W,0.885927521
p.G844Y,0.968790299
p.G844V,0.817351396
p.G91G,0.980581902
p.G91A,1.058883047
p.G91R,0.507210963
p.G91N,1.032278051
p.G91D,1.06475526
p.G91C,0.756574825
p.G91Q,0.98486254
p.G91E,0.816931817
p.G91H,1.073527564
p.G91I,1.051278411
p.G91L,1.067632737
p.G91K,1.05175074
p.G91M,1.032661411
p.G91F,0.927366248
p.G91P,1.038631059
p.G91S,0.944855123
p.G91X,-0.054142709
p.G91T,1.082361711
p.G91W,1.020260859
p.G91Y,1.015434169
p.G91V,0.907183437
p.G98G,0.973619486
p.G98A,1.113210271
p.G98R,0.897368066
p.G98N,0.948435731
p.G98D,0.997693213
p.G98C,0.948878121
p.G98Q,1.025890958
p.G98E,0.943941685
p.G98H,0.994796208
p.G98I,1.043266489
p.G98L,0.905525381
p.G98K,0.981273845
p.G98F,1.147438201
p.G98P,1.027332391
p.G98S,1.05130175
p.G98T,0.91775078
p.G98W,0.987145919
p.G98Y,1.109356051
p.G98V,1.012400474
p.H117H,0.939427553
p.H117A,1.047929895
p.H117R,0.962240393
p.H117N,0.91798448
p.H117D,0.814061697
p.H117C,1.126701709
p.H117Q,0.989121456
p.H117E,1.015191225
p.H117G,1.027668723
p.H117I,0.940722286
p.H117L,1.011031256
p.H117K,0.899358383
p.H117M,0.77142542
p.H117F,1.025514356
p.H117P,1.017460686
p.H117S,0.717285963
p.H117X,-0.088738219
p.H117T,1.094406532
p.H117W,0.851479975
p.H117Y,1.038478845
p.H117V,0.913461132
p.H203H,0.920610211
p.H203A,1.054194081
p.H203R,1.032117873
p.H203N,0.988430427
p.H203D,0.920942925
p.H203C,1.074423518
p.H203Q,0.840383695
p.H203E,0.965241527
p.H203G,1.005545865
p.H203I,1.144541568
p.H203L,0.986214035
p.H203K,0.791542348
p.H203M,0.958745884
p.H203F,1.003067843
p.H203P,1.020375704
p.H203S,0.920914772
p.H203X,-0.122615125
p.H203T,1.020886297
p.H203W,0.951541323
p.H203Y,0.99199097
p.H203V,0.911100131
p.H211H,0.948210141
p.H211R,1.023284125
p.H211N,0.5834307
p.H211D,0.953144781
p.H211C,1.002500844
p.H211Q,0.909367519
p.H211E,0.924064786
p.H211G,1.080079136
p.H211I,1.009870441
p.H211L,1.018937455
p.H211K,0.569515463
p.H211M,1.148879908
p.H211F,0.988408313
p.H211P,1.012658665
p.H211S,0.986899614
p.H211X,0.110789526
p.H211W,1.038600124
p.H211Y,1.017941672
p.H211V,1.065789336
p.H250A,0.326011154
p.H250R,0.626267257
p.H250N,0.746733742
p.H250C,0.445451499
p.H250Q,0.707030641
p.H250E,0.808439534
p.H250G,0.24600287
p.H250I,1.023104065
p.H250L,1.031520276
p.H250K,0.693294043
p.H250M,1.019404124
p.H250F,0.206092398
p.H250P,1.028918106
p.H250S,0.682912656
p.H250X,0.173829392
p.H250T,0.973897787
p.H250W,0.950482441
p.H250Y,0.699731359
p.H250V,0.974686863
p.H285H,0.294888865
p.H285A,1.022316863
p.H285R,0.814179817
p.H285N,0.954712225
p.H285C,0.745003578
p.H285Q,0.852762433
p.H285E,-0.323539911
p.H285G,1.023941223
p.H285I,0.976903189
p.H285L,1.053648118
p.H285K,1.127754099
p.H285M,0.635134878
p.H285F,0.639147468
p.H285P,0.798086434
p.H285S,1.043585005
p.H285X,0.036317955
p.H285T,0.944370711
p.H285Y,0.966760381
p.H285V,0.983555612
p.H327H,0.934746886
p.H327A,1.050974852
p.H327R,0.244806905
p.H327N,0.955532949
p.H327D,0.988246685
p.H327C,0.173041866
p.H327Q,0.937255827
p.H327E,0.967717968
p.H327G,1.064457748
p.H327I,0.861326334
p.H327L,0.782267566
p.H327K,0.89945563
p.H327M,0.854141814
p.H327F,0.979092436
p.H327P,0.171009005
p.H327S,0.948368244
p.H327X,0.054743629
p.H327T,0.925106761
p.H327W,1.034479495
p.H327Y,0.926670474
p.H327V,0.800224332
p.H388H,0.960065802
p.H388A,0.951069737
p.H388R,1.084988214
p.H388N,0.178186434
p.H388D,0.542761328
p.H388C,1.046228558
p.H388Q,1.133849941
p.H388E,0.899570466
p.H388G,1.041753082
p.H388L,1.049834246
p.H388K,1.109897157
p.H388M,1.09922821
p.H388F,1.099600851
p.H388S,1.150598598
p.H388X,-0.24062312
p.H388T,0.05419939
p.H388W,1.018262892
p.H388Y,1.112039056
p.H388V,0.9570485
p.H407H,0.836311533
p.H407A,-0.063944064
p.H407R,1.032890532
p.H407N,0.995842361
p.H407Q,1.141793729
p.H407G,0.97462493
p.H407I,0.173674979
p.H407S,0.741386629
p.H407T,1.005836727
p.H407Y,0.931346043
p.H407V,1.024767528
p.H460D,0.360477728
p.H460C,1.016136512
p.H460Q,0.998105964
p.H460G,-0.00701516
p.H460I,0.945459502
p.H460L,0.957693302
p.H460K,1.044191879
p.H460M,1.078920739
p.H460F,0.531677765
p.H460P,1.206224864
p.H460S,1.187323422
p.H460W,1.023180223
p.H460Y,1.030594518
p.H460V,1.060668606
p.H485H,-0.047776118
p.H485A,1.087472766
p.H485R,0.520806635
p.H485N,0.942546586
p.H485D,0.152597417
p.H485C,1.130125702
p.H485G,-0.076401635
p.H485I,1.0442811
p.H485L,0.795354101
p.H485M,1.062764179
p.H485F,1.123051438
p.H485P,0.709606332
p.H485S,0.01846274
p.H485X,0.149028976
p.H485T,1.121555924
p.H485W,0.495439447
p.H485Y,0.929429098
p.H485V,1.072254279
p.H528A,1.033739499
p.H528R,1.047837612
p.H528N,-0.063764172
p.H528D,1.208747161
p.H528C,0.557315514
p.H528Q,1.09440973
p.H528E,0.037679611
p.H528G,0.931873371
p.H528I,1.076357542
p.H528L,0.936693595
p.H528K,1.091535287
p.H528M,0.846222628
p.H528F,1.012287674
p.H528P,-0.172310391
p.H528S,1.084606035
p.H528X,0.132070704
p.H528T,0.979512589
p.H528W,1.072984685
p.H528Y,0.659568733
p.H528V,0.32160321
p.H583H,1.001082834
p.H583A,0.988507671
p.H583R,0.959678889
p.H583N,0.549000456
p.H583D,0.817560356
p.H583C,0.272752689
p.H583Q,1.015528715
p.H583G,1.051145175
p.H583I,0.663265185
p.H583L,0.990447984
p.H583K,1.024586472
p.H583M,1.005134367
p.H583F,1.064775089
p.H583P,0.900195958
p.H583S,0.808841612
p.H583X,0.062355221
p.H583T,0.775530647
p.H583W,0.584910801
p.H583Y,1.015143621
p.H583V,0.935977764
p.H607H,0.979841187
p.H607A,1.011160192
p.H607R,1.04276168
p.H607N,1.042070211
p.H607D,0.987988277
p.H607C,1.094549218
p.H607Q,1.009546215
p.H607E,1.040882796
p.H607G,0.956695513
p.H607I,1.0552831
p.H607L,1.025220238
p.H607M,0.987396106
p.H607F,1.022053095
p.H607P,-0.005719158
p.H607S,0.995730031
p.H607X,-0.152205788
p.H607T,0.907606551
p.H607W,0.962403753
p.H607Y,1.008958538
p.H607V,0.93228672
p.H656H,0.534339225
p.H656A,1.010538043
p.H656N,0.346971114
p.H656D,0.697918698
p.H656C,1.025936369
p.H656Q,0.985823219
p.H656G,1.064297292
p.H656L,0.918810695
p.H656K,0.687087978
p.H656M,0.997135425
p.H656F,0.923316588
p.H656P,-0.13483168
p.H656S,0.455575794
p.H656X,-0.014809458
p.H656T,0.736832864
p.H656W,0.343435776
p.H656V,0.601423638
p.H690H,0.988011804
p.H690A,1.028226549
p.H690R,0.974633451
p.H690N,0.721092805
p.H690D,1.085229127
p.H690C,0.938190205
p.H690Q,0.95260026
p.H690E,1.01670527
p.H690G,1.013508308
p.H690I,1.173294948
p.H690L,1.035975655
p.H690K,0.992027887
p.H690M,1.086823537
p.H690F,0.990486374
p.H690P,1.088949801
p.H690S,0.920820085
p.H690X,-0.119253045
p.H690T,1.0190584
p.H690W,1.018511141
p.H690Y,1.088202133
p.H690V,1.039405285
p.H740H,1.011231833
p.H740A,1.034021932
p.H740R,0.936931843
p.H740N,1.025807271
p.H740D,1.087074745
p.H740C,0.991605667
p.H740Q,0.97228116
p.H740E,1.03104555
p.H740G,0.789290334
p.H740I,0.995993123
p.H740L,0.996940353
p.H740K,0.943782783
p.H740M,1.038717874
p.H740F,0.749423205
p.H740P,1.06740933
p.H740S,0.841403191
p.H740X,-0.104028157
p.H740T,1.03278869
p.H740W,0.832845692
p.H740Y,0.639648054
p.H740V,1.052584976
p.H769H,1.015330287
p.H769A,1.032911748
p.H769R,0.722076298
p.H769N,1.017913416
p.H769D,0.352829552
p.H769C,0.978045828
p.H769Q,0.890856887
p.H769E,0.976456861
p.H769G,0.727003753
p.H769I,0.902663007
p.H769L,1.027802824
p.H769K,0.985533995
p.H769M,0.780407291
p.H769F,0.896558691
p.H769P,0.979969907
p.H769S,0.947211334
p.H769X,-0.128613527
p.H769T,1.033459947
p.H769W,1.053446933
p.H769Y,0.944780052
p.H769V,0.958450809
p.H837H,0.990228662
p.H837A,0.933990751
p.H837R,1.00643133
p.H837N,0.935399489
p.H837D,0.991336171
p.H837C,0.535538794
p.H837Q,0.940415672
p.H837E,0.99472582
p.H837G,1.015301662
p.H837I,1.009080838
p.H837L,0.905024985
p.H837K,0.694657483
p.H837M,1.004499893
p.H837F,1.000570549
p.H837P,0.989550659
p.H837S,0.872073384
p.H837X,1.018493982
p.H837T,0.960286577
p.H837W,0.992068475
p.H837Y,0.986643187
p.H837V,0.984721634
p.H840H,0.910808739
p.H840A,1.02381769
p.H840R,1.064092538
p.H840D,1.086584188
p.H840C,1.053707046
p.H840Q,0.919447863
p.H840E,1.110643413
p.H840G,0.698847607
p.H840I,1.049053386
p.H840L,1.014989953
p.H840K,1.001162581
p.H840M,0.700219666
p.H840F,1.025484807
p.H840P,0.965476442
p.H840S,0.911387552
p.H840X,0.025834064
p.H840T,0.960165804
p.H840W,1.018772304
p.H840Y,0.920227512
p.H840V,0.565739858
p.I122I,1.032629373
p.I122A,0.996710168
p.I122R,1.091629406
p.I122N,1.091331436
p.I122D,1.055024567
p.I122C,1.09379979
p.I122Q,0.985439155
p.I122E,1.115997947
p.I122G,1.068400177
p.I122H,1.016764038
p.I122L,1.074238867
p.I122K,1.05209836
p.I122M,1.066479724
p.I122F,1.033426646
p.I122P,0.965188079
p.I122S,1.045725959
p.I122X,0.046112791
p.I122T,1.109599311
p.I122W,1.032875051
p.I122Y,0.981922407
p.I122V,1.06502822
p.I161I,0.987305842
p.I161A,1.046704269
p.I161R,0.734449296
p.I161N,0.453793621
p.I161D,1.144192047
p.I161C,1.184150999
p.I161Q,0.952315518
p.I161E,1.073909164
p.I161G,1.030285946
p.I161L,0.989037504
p.I161K,1.02187978
p.I161M,1.067837213
p.I161F,1.117441276
p.I161P,1.150167382
p.I161S,1.051735714
p.I161T,0.449581092
p.I161W,1.006851107
p.I161Y,1.03243089
p.I161V,0.951150009
p.I210I,0.976566255
p.I210R,1.050479226
p.I210N,-0.054266919
p.I210D,1.010789538
p.I210C,-0.154724799
p.I210G,1.04581934
p.I210L,0.446481054
p.I210M,1.138216528
p.I210F,0.952739291
p.I210S,1.003645655
p.I210X,-0.057971371
p.I210W,1.071620512
p.I210V,1.031119054
p.I249I,0.942902559
p.I249A,-0.004517011
p.I249R,0.974387656
p.I249N,0.995609301
p.I249D,1.056397287
p.I249C,1.086889366
p.I249Q,1.045532705
p.I249G,0.569684988
p.I249L,1.018169126
p.I249K,0.741825947
p.I249M,1.001628495
p.I249F,0.436091225
p.I249P,0.391260459
p.I249S,1.173715085
p.I249X,0.128712998
p.I249T,0.796469199
p.I249W,1.076600465
p.I249Y,0.723797364
p.I249V,0.998419354
p.I290I,1.026264607
p.I290A,0.022967988
p.I290R,-0.128704654
p.I290N,-0.2009509
p.I290D,-0.155393605
p.I290C,-0.207132668
p.I290E,0.127013084
p.I290G,-0.041817345
p.I290H,0.311379471
p.I290L,1.025900454
p.I290K,0.005941543
p.I290M,1.015103508
p.I290F,0.403341083
p.I290P,-0.123790768
p.I290S,-0.048587185
p.I290X,-0.08804411
p.I290T,0.46449927
p.I290W,-0.195088361
p.I290Y,-0.077218925
p.I290V,0.903865427
p.I310I,0.942672168
p.I310A,0.793381517
p.I310R,-0.172572955
p.I310N,-0.068379189
p.I310D,0.607462806
p.I310C,0.198819212
p.I310Q,0.112245162
p.I310E,-0.129951971
p.I310G,0.067483433
p.I310H,0.272931932
p.I310L,0.596095143
p.I310K,-0.229488249
p.I310M,0.364693794
p.I310F,0.739870049
p.I310P,1.002200809
p.I310S,0.240460631
p.I310X,0.004815381
p.I310T,0.99210501
p.I310W,-0.090213968
p.I310Y,-0.088864328
p.I310V,0.936734622
p.I334I,0.991078063
p.I334A,1.000727921
p.I334R,0.981634557
p.I334N,1.031261247
p.I334D,0.871117068
p.I334C,0.066470973
p.I334E,0.335121768
p.I334G,0.893727233
p.I334H,0.99011174
p.I334L,1.048540343
p.I334K,0.665726774
p.I334M,1.011066957
p.I334F,0.959474359
p.I334S,0.927596803
p.I334X,-0.198797613
p.I334W,0.96350345
p.I334Y,1.035130669
p.I334V,1.034584601
p.I355I,0.776880599
p.I355A,0.993121406
p.I355R,0.934029966
p.I355N,0.964118506
p.I355D,0.643269282
p.I355C,1.051943375
p.I355Q,0.990455778
p.I355E,1.091331283
p.I355G,1.104964867
p.I355H,0.379437159
p.I355L,0.969001431
p.I355K,1.03561194
p.I355M,1.034226424
p.I355F,1.052723873
p.I355S,0.993665034
p.I355X,-0.138373817
p.I355T,1.020287057
p.I355W,1.083290524
p.I355Y,0.964756671
p.I355V,1.036699646
p.I398I,0.609624849
p.I398A,1.019959402
p.I398R,1.169055334
p.I398N,0.048004232
p.I398D,1.011039386
p.I398G,0.926115588
p.I398H,1.095559775
p.I398L,0.948832288
p.I398M,1.009113354
p.I398F,0.893764159
p.I398P,1.124128758
p.I398S,1.074745647
p.I398X,-0.006935248
p.I398T,0.600251224
p.I398Y,1.037005325
p.I398V,0.073428811
p.I40I,0.962513349
p.I40A,1.01653654
p.I40R,0.949414961
p.I40N,0.813912203
p.I40D,0.892250019
p.I40C,0.972895918
p.I40Q,1.038014132
p.I40E,0.968130586
p.I40G,1.037810711
p.I40H,1.06093072
p.I40L,0.986587145
p.I40K,1.117747515
p.I40M,0.782863083
p.I40F,0.84347802
p.I40P,0.439828604
p.I40S,1.070665658
p.I40X,-0.012664236
p.I40T,0.43531567
p.I40W,0.952995533
p.I40Y,0.973941438
p.I40V,1.047063784
p.I423I,0.857407389
p.I423R,1.017786155
p.I423D,0.868305208
p.I423K,1.084864679
p.I423M,1.258867695
p.I423F,0.594954682
p.I423T,1.045299495
p.I423V,0.855174789
p.I441I,0.996038374
p.I441R,0.123691636
p.I441N,1.021402822
p.I441D,0.178186434
p.I441C,1.108760412
p.I441G,0.234987458
p.I441L,1.033868631
p.I441M,0.851081391
p.I441F,1.061098321
p.I441P,0.130331768
p.I441S,-0.048058221
p.I441X,-0.008078471
p.I441T,0.994022974
p.I441W,0.953919467
p.I441Y,0.160128908
p.I441V,1.085499287
p.I451I,0.93150727
p.I451A,-0.034368619
p.I451R,0.501581424
p.I451N,0.201288451
p.I451D,-0.105590395
p.I451C,0.530147125
p.I451Q,0.145745669
p.I451G,0.422928824
p.I451H,-0.230294304
p.I451L,1.035133768
p.I451K,-0.079873978
p.I451M,0.786358255
p.I451F,0.731036937
p.I451S,-0.046435877
p.I451X,0.02830443
p.I451W,0.060111982
p.I451Y,-0.034818733
p.I451V,1.000757665
p.I469I,1.283909431
p.I469R,-0.042928682
p.I469N,0.562088728
p.I469D,0.99208441
p.I469E,-0.043569567
p.I469G,0.588259228
p.I469H,0.299750134
p.I469L,1.00009311
p.I469M,1.048233346
p.I469F,1.048568127
p.I469S,0.918989614
p.I469X,-0.063224617
p.I469T,1.070959653
p.I469V,0.987793929
p.I473I,1.029488041
p.I473R,0.614389016
p.I473N,0.898759084
p.I473C,1.059691952
p.I473E,-0.067414023
p.I473G,0.321985262
p.I473L,0.987166865
p.I473K,1.155160749
p.I473M,0.71800849
p.I473F,1.044812225
p.I473P,0.001084952
p.I473S,1.018925377
p.I473X,-0.080609078
p.I473W,1.044986164
p.I473Y,1.058141212
p.I473V,1.060423852
p.I484I,1.226268679
p.I484A,0.346193246
p.I484Q,1.072252481
p.I484G,0.599328628
p.I484M,1.015093295
p.I484F,0.279544268
p.I488I,1.132362486
p.I488A,1.053587969
p.I488R,-0.089160296
p.I488N,-0.249138867
p.I488D,-0.100199914
p.I488C,-0.162670878
p.I488E,0.485953574
p.I488L,0.975422169
p.I488K,-0.088888097
p.I488M,-0.141052749
p.I488F,0.990830115
p.I488S,0.400550812
p.I488X,0.728638028
p.I488W,0.963813473
p.I488Y,0.61159896
p.I488V,0.930601103
p.I522I,0.942743638
p.I522A,0.779478898
p.I522R,-0.207148772
p.I522N,0.977050412
p.I522D,0.25620146
p.I522C,0.899912515
p.I522Q,0.067738776
p.I522G,0.07204968
p.I522H,0.614471822
p.I522L,0.942505046
p.I522K,0.116319056
p.I522M,1.069046891
p.I522F,0.967777942
p.I522P,0.891020366
p.I522S,0.790744581
p.I522X,0.151127197
p.I522T,-0.105114941
p.I522W,-0.217633437
p.I522Y,0.083518675
p.I522V,0.795828835
p.I542I,1.004360558
p.I542R,0.019610472
p.I542N,-0.035780366
p.I542D,0.20907927
p.I542C,0.86822203
p.I542E,-0.089002733
p.I542G,-0.069478004
p.I542H,0.98850932
p.I542L,1.217793177
p.I542K,0.474198276
p.I542M,1.111027724
p.I542F,0.970573651
p.I542P,-0.199830155
p.I542S,-0.146213588
p.I542X,0.040607473
p.I542T,-0.017621262
p.I542W,0.11356215
p.I542Y,-0.166424036
p.I542V,0.972433754
p.I552I,0.606373742
p.I552A,1.031420235
p.I552R,0.611729384
p.I552N,0.854535133
p.I552D,0.974864628
p.I552C,1.105212706
p.I552G,0.945411843
p.I552L,1.085973403
p.I552K,1.045700664
p.I552M,1.108622143
p.I552F,1.00477546
p.I552P,0.974731263
p.I552S,0.947276128
p.I552X,0.360354334
p.I552T,1.000853436
p.I552W,0.902892814
p.I552Y,-0.139525583
p.I552V,1.030472422
p.I560A,0.880329512
p.I560R,0.997023521
p.I560N,0.582347121
p.I560D,1.012323424
p.I560Q,0.979771081
p.I560E,0.526802163
p.I560G,0.143045622
p.I560H,0.747361616
p.I560L,1.13098122
p.I560K,0.632398526
p.I560M,0.839087296
p.I560P,1.081772676
p.I560S,1.013043437
p.I560X,-0.039372269
p.I560T,0.479793275
p.I560W,1.320377611
p.I560Y,0.936452095
p.I560V,0.959731228
p.I566I,1.031809062
p.I566A,1.03246537
p.I566R,-0.012114269
p.I566N,0.21259765
p.I566D,0.051718387
p.I566C,0.950474204
p.I566E,0.133691596
p.I566G,-0.075298335
p.I566L,0.997714206
p.I566K,-0.040934293
p.I566M,1.00134058
p.I566F,0.602363312
p.I566P,0.859392742
p.I566S,-0.106804318
p.I566X,0.005598419
p.I566T,0.014744149
p.I566Y,-0.092751415
p.I566V,0.939777226
p.I585I,0.982888094
p.I585A,0.976217051
p.I585R,0.091314934
p.I585N,0.048480443
p.I585D,-0.04371417
p.I585C,1.036788574
p.I585Q,-0.046105616
p.I585E,-0.065583229
p.I585G,0.80446332
p.I585H,-0.15393416
p.I585L,0.963481953
p.I585M,0.449522439
p.I585F,0.833253265
p.I585P,-0.075580503
p.I585S,0.039580202
p.I585X,-0.074567669
p.I585T,0.779064886
p.I585W,0.266493747
p.I585Y,1.001440141
p.I585V,1.034308425
p.I588I,1.063598879
p.I588R,-0.095976123
p.I588N,0.166087677
p.I588D,0.648290687
p.I588C,0.818916477
p.I588Q,1.02196221
p.I588L,0.402699601
p.I588K,0.418138029
p.I588M,0.863264197
p.I588F,1.045000233
p.I588P,0.625784933
p.I588S,0.838600269
p.I588X,-0.154191421
p.I588T,1.030256138
p.I588W,0.935771914
p.I588Y,0.374532598
p.I588V,1.03230467
p.I598I,1.086583894
p.I598A,1.001983821
p.I598R,1.014482504
p.I598D,0.918879867
p.I598C,1.042404156
p.I598Q,-0.161945003
p.I598H,0.952743146
p.I598L,0.989990789
p.I598K,0.846505602
p.I598M,1.091413897
p.I598F,0.962859446
p.I598P,0.507451314
p.I598S,0.876761957
p.I598X,-0.036970474
p.I598T,1.122996858
p.I598W,1.017470619
p.I598V,0.857666337
p.I623I,0.950435172
p.I623A,0.964625039
p.I623R,1.018509765
p.I623N,1.062170975
p.I623D,1.007502714
p.I623C,1.025814153
p.I623Q,0.993737929
p.I623E,1.021041238
p.I623G,1.002259851
p.I623H,0.932388631
p.I623L,1.002388322
p.I623M,1.004856602
p.I623F,0.865837285
p.I623S,0.91693501
p.I623T,0.935249894
p.I623W,0.727359999
p.I623Y,0.965445758
p.I623V,0.987523498
p.I624I,0.966383394
p.I624A,1.180844163
p.I624R,1.004654597
p.I624N,0.940991314
p.I624D,0.952252752
p.I624C,0.231912924
p.I624E,0.724806647
p.I624G,1.069063367
p.I624H,0.76696297
p.I624L,1.057597632
p.I624K,0.976413549
p.I624M,0.957107062
p.I624F,0.973252195
p.I624P,1.060261397
p.I624T,1.025890064
p.I624W,1.056212781
p.I624Y,-0.221047327
p.I624V,1.036174287
p.I628A,0.845428333
p.I628R,-0.068222261
p.I628N,0.247941647
p.I628D,-0.023701636
p.I628C,0.819847537
p.I628E,-0.074030627
p.I628G,-0.10363586
p.I628H,-0.169490258
p.I628L,0.910566571
p.I628K,-0.123150693
p.I628M,0.995657208
p.I628F,-0.058032867
p.I628P,0.161155305
p.I628S,-0.116586611
p.I628X,-0.004349642
p.I628T,-0.032362494
p.I628W,-0.029210712
p.I628Y,0.015738528
p.I628V,1.025996382
p.I687I,1.02029868
p.I687A,1.0357148
p.I687R,1.098542726
p.I687N,0.562309484
p.I687D,0.863484287
p.I687C,1.039051443
p.I687Q,0.998135989
p.I687E,1.083588082
p.I687G,0.871229015
p.I687H,0.704604589
p.I687L,0.788280076
p.I687K,1.037784234
p.I687M,1.18639212
p.I687F,1.014054451
p.I687P,0.807334986
p.I687S,1.041784481
p.I687X,0.271710472
p.I687T,0.998296719
p.I687W,1.060235339
p.I687Y,1.066207186
p.I687V,1.007453505
p.I764I,0.936938415
p.I764A,0.11430345
p.I764R,1.019161654
p.I764N,1.021963294
p.I764D,0.970925125
p.I764C,0.934322936
p.I764Q,0.448905627
p.I764E,1.041794723
p.I764G,0.775851045
p.I764H,1.00918324
p.I764L,0.85941895
p.I764K,1.032997657
p.I764M,1.021504775
p.I764F,0.958641264
p.I764P,1.063436744
p.I764S,0.999433058
p.I764X,0.228960895
p.I764T,1.01334121
p.I764W,1.014769366
p.I764Y,1.019647896
p.I764V,1.013012786
p.I792I,0.983945099
p.I792A,1.108143033
p.I792R,1.055363076
p.I792N,1.06017598
p.I792D,0.992672282
p.I792C,0.93669314
p.I792Q,0.990457429
p.I792E,0.951720641
p.I792G,0.999284139
p.I792H,1.032347209
p.I792L,0.918778495
p.I792K,0.634010397
p.I792M,0.981767435
p.I792F,1.04250154
p.I792P,0.588132959
p.I792S,0.905748207
p.I792X,0.116062504
p.I792T,1.033532017
p.I792W,1.03794734
p.I792Y,0.994163734
p.I792V,1.03384311
p.I796I,0.786755617
p.I796A,1.040903032
p.I796R,-0.173762989
p.I796N,1.01745846
p.I796D,0.647248262
p.I796C,0.943415787
p.I796Q,0.961157459
p.I796E,0.963579546
p.I796G,0.935495257
p.I796H,0.96538786
p.I796L,0.970068825
p.I796K,-0.193447065
p.I796M,1.02319246
p.I796F,1.020866124
p.I796P,0.992109488
p.I796S,1.013833639
p.I796X,-0.167738998
p.I796T,0.955269971
p.I796W,1.006628843
p.I796Y,1.046380171
p.I796V,0.715222732
p.I818I,1.030733813
p.I818A,1.019618501
p.I818R,1.013962846
p.I818N,1.04450097
p.I818D,1.003060929
p.I818C,0.6999125
p.I818E,0.99846698
p.I818G,1.039080791
p.I818H,0.974253699
p.I818L,0.74773273
p.I818K,1.100985389
p.I818M,0.932455426
p.I818F,-0.019443099
p.I818P,0.910273051
p.I818S,1.01508066
p.I818X,1.08925439
p.I818T,1.049850314
p.I818W,1.021434012
p.I818Y,1.017213816
p.I818V,1.051635884
p.I821I,1.061530068
p.I821A,0.929888673
p.I821R,1.016396735
p.I821N,0.99205332
p.I821D,0.090504429
p.I821C,1.044887992
p.I821E,0.966024299
p.I821G,1.144040749
p.I821H,0.994237401
p.I821L,1.036534661
p.I821K,1.11518341
p.I821M,1.112588274
p.I821F,0.912912174
p.I821P,0.992947829
p.I821S,1.010151283
p.I821X,1.044965003
p.I821T,1.01122183
p.I821W,1.008805619
p.I821Y,1.010106489
p.I821V,0.893603749
p.I838A,0.960679397
p.I838R,0.496542225
p.I838N,0.945461824
p.I838D,1.06104548
p.I838C,0.791037819
p.I838Q,0.972949694
p.I838E,0.877609304
p.I838G,1.00290229
p.I838H,0.893169406
p.I838L,1.165569934
p.I838K,0.001514228
p.I838M,0.93059666
p.I838F,1.025882267
p.I838P,0.863732545
p.I838S,0.786036203
p.I838X,1.042311464
p.I838T,0.948602003
p.I838W,0.6676052
p.I838Y,0.924426379
p.I838V,1.015311141
p.I83A,1.005127218
p.I83R,0.878304714
p.I83N,0.801298607
p.I83D,1.073688286
p.I83C,0.970088927
p.I83Q,1.042409973
p.I83E,1.039945534
p.I83G,0.993310872
p.I83H,1.049573588
p.I83L,1.069486229
p.I83K,0.927840628
p.I83M,1.056476675
p.I83F,1.080410941
p.I83P,0.971452785
p.I83S,1.031585237
p.I83T,0.541915556
p.I83W,0.958104961
p.I83Y,0.946566504
p.I83V,0.971348977
p.L135L,0.775093775
p.L135A,1.000505657
p.L135R,1.037898206
p.L135N,0.958638641
p.L135D,0.9242857
p.L135C,1.032141806
p.L135Q,0.996457986
p.L135E,1.044710008
p.L135G,1.059819413
p.L135H,0.971669015
p.L135I,1.073545902
p.L135K,0.823442338
p.L135M,0.898625915
p.L135F,1.011856967
p.L135P,0.998919625
p.L135S,1.0321241
p.L135X,-0.155090616
p.L135T,0.917772223
p.L135W,1.045700917
p.L135Y,0.713316433
p.L135V,1.004596917
p.L14L,0.794220809
p.L146L,0.949618983
p.L146A,0.62974488
p.L146R,0.972583799
p.L146N,1.004900164
p.L146D,0.991830309
p.L146C,1.07963849
p.L146Q,1.00224862
p.L146E,0.960989372
p.L146G,1.093066926
p.L146H,0.84760409
p.L146I,0.953204578
p.L146K,0.927382167
p.L146M,0.772557449
p.L146F,0.8930852
p.L146P,0.593639143
p.L146S,0.97918572
p.L146X,-0.018648808
p.L146T,0.991100617
p.L146W,1.01425249
p.L146Y,0.773308491
p.L146V,1.025762199
p.L14A,1.092892336
p.L14R,0.029974775
p.L14N,-0.195395003
p.L14D,-0.062083701
p.L14C,1.004264585
p.L14Q,-0.163827876
p.L14E,0.313733724
p.L14G,1.003510148
p.L14H,0.028146749
p.L14I,1.055191345
p.L14M,0.940159065
p.L14F,0.884962424
p.L14P,-0.080113765
p.L14S,1.036868379
p.L14X,-0.051380758
p.L14T,1.138826644
p.L14W,0.959094089
p.L14Y,1.023648054
p.L14V,0.998115172
p.L15L,0.930325185
p.L15A,0.966495834
p.L15R,0.068992308
p.L15N,0.030995514
p.L15D,-0.040023128
p.L15C,0.934844676
p.L15Q,-4.71E-05
p.L15E,-0.158564222
p.L15G,-0.076553669
p.L15H,-0.133253557
p.L15I,0.659184733
p.L15K,-0.166460439
p.L15M,1.067177664
p.L15F,1.002270411
p.L15P,-0.132807541
p.L15S,0.422566571
p.L15X,0.023946834
p.L15T,0.964011676
p.L15W,0.874682309
p.L15Y,0.989833263
p.L15V,0.980259696
p.L16L,0.995677127
p.L164L,1.128291621
p.L164A,1.126413006
p.L164R,0.996870762
p.L164N,1.030087661
p.L164D,1.088886697
p.L164C,0.214280727
p.L164Q,0.941740887
p.L164E,0.965219968
p.L164G,0.941310738
p.L164H,1.03972901
p.L164I,0.988228104
p.L164K,1.143722296
p.L164M,0.998465523
p.L164F,1.145657758
p.L164P,0.977158097
p.L164S,1.042071996
p.L164X,0.17186684
p.L164T,1.04536264
p.L164W,1.084854678
p.L164Y,0.98255559
p.L164V,0.940517328
p.L16R,-0.069878635
p.L16D,-0.045443634
p.L16C,0.917907108
p.L16Q,0.142408793
p.L16I,1.124093731
p.L16M,0.959030135
p.L16F,0.94844472
p.L16P,0.131024995
p.L16S,0.962665331
p.L16T,0.357141253
p.L16W,1.040680921
p.L16Y,1.032895523
p.L16V,0.528833617
p.L187L,0.994257194
p.L187A,0.961697905
p.L187R,0.706394603
p.L187N,1.313154603
p.L187D,1.074836384
p.L187C,1.081791758
p.L187Q,0.963665993
p.L187E,1.109843206
p.L187G,0.926259146
p.L187H,0.860631271
p.L187I,0.985140454
p.L187K,1.025839266
p.L187M,0.976921988
p.L187F,0.850302407
p.L187P,0.913736947
p.L187S,1.055322674
p.L187X,0.506215042
p.L187T,0.982305885
p.L187W,0.963571143
p.L187Y,0.945616518
p.L187V,0.983117906
p.L205L,0.769221533
p.L205A,1.047888836
p.L205D,-0.167276253
p.L205C,0.879749171
p.L205H,-0.202611222
p.L205F,0.647157682
p.L205P,1.066302504
p.L205S,0.991847406
p.L205T,1.118288036
p.L205W,0.898468605
p.L205V,0.756892993
p.L275L,0.839209168
p.L275A,0.999895567
p.L275R,0.868574423
p.L275N,0.986298567
p.L275D,1.045912089
p.L275C,0.989260166
p.L275Q,1.054127804
p.L275E,1.002628273
p.L275G,1.009517503
p.L275H,1.012228649
p.L275I,1.016257689
p.L275K,0.969896724
p.L275M,0.995327666
p.L275F,1.043454023
p.L275P,0.361220592
p.L275S,0.901873848
p.L275X,-0.043465467
p.L275T,0.659995242
p.L275W,1.05511867
p.L275Y,1.006214146
p.L275V,0.966612506
p.L292L,1.010080621
p.L292A,1.078325714
p.L292R,0.996627585
p.L292N,0.220180274
p.L292D,0.9429915
p.L292C,1.187060369
p.L292Q,1.040351627
p.L292E,0.28036365
p.L292G,0.642880334
p.L292H,1.060568412
p.L292I,0.859479624
p.L292K,1.257481335
p.L292M,0.766426423
p.L292F,1.069293857
p.L292P,1.000526938
p.L292S,0.960360899
p.L292X,0.063887455
p.L292T,0.99764711
p.L292W,0.939385942
p.L292Y,0.984137539
p.L292V,1.019686041
p.L319L,0.992039408
p.L319A,0.983546608
p.L319R,1.019865023
p.L319N,0.975883913
p.L319D,0.875720868
p.L319C,0.999988808
p.L319Q,-0.054263708
p.L319E,1.011070031
p.L319G,0.947578125
p.L319H,1.085574193
p.L319I,1.100265157
p.L319K,1.012285902
p.L319M,0.878997435
p.L319F,0.984796965
p.L319P,0.557595648
p.L319S,0.996491935
p.L319X,0.152829453
p.L319T,0.888955142
p.L319W,0.930870544
p.L319Y,1.007987796
p.L319V,0.98429704
p.L332L,0.613608398
p.L332R,1.007579199
p.L332N,0.944900249
p.L332D,0.92915163
p.L332C,0.81407689
p.L332Q,0.932675552
p.L332G,0.846357065
p.L332H,1.010532443
p.L332I,0.824228949
p.L332K,1.118713697
p.L332M,0.958633982
p.L332F,0.974389154
p.L332P,-0.331173777
p.L332S,0.889375167
p.L332X,0.08931399
p.L332T,0.999855478
p.L332W,0.864714206
p.L332Y,1.006491403
p.L332V,0.850295596
p.L339L,0.956267563
p.L339A,0.995949913
p.L339R,0.838276356
p.L339N,0.828990872
p.L339D,0.967424633
p.L339C,1.042707008
p.L339Q,1.098877099
p.L339E,1.052729639
p.L339G,0.950720147
p.L339H,0.897534897
p.L339I,0.991219782
p.L339K,1.04712448
p.L339M,0.997325114
p.L339F,1.018937483
p.L339P,-0.031037415
p.L339S,0.913038863
p.L339X,-0.057136302
p.L339T,0.937863383
p.L339W,0.994969052
p.L339Y,0.982326351
p.L339V,1.034830134
p.L346L,1.045738455
p.L346A,0.97912474
p.L346R,0.8607036
p.L346N,0.272563526
p.L346D,1.076304905
p.L346C,0.527690215
p.L346Q,0.79058983
p.L346E,0.940331193
p.L346G,0.980218508
p.L346H,1.03531846
p.L346I,0.860795905
p.L346K,0.94428829
p.L346M,0.851811045
p.L346F,0.983483541
p.L346P,0.857154767
p.L346S,0.97449842
p.L346X,-0.07500823
p.L346T,0.910944336
p.L346W,1.016740332
p.L346Y,0.545005839
p.L346V,1.009375754
p.L367L,0.973075969
p.L367A,0.862077106
p.L367R,0.879518623
p.L367N,0.736029285
p.L367C,0.983844563
p.L367Q,1.072098929
p.L367E,0.913659293
p.L367G,1.016348893
p.L367I,1.060953252
p.L367K,1.20201618
p.L367M,0.724224344
p.L367F,0.993660913
p.L367P,1.095485276
p.L367S,1.0029364
p.L367X,0.031135894
p.L367T,0.976829476
p.L367W,1.177088393
p.L367Y,1.044327243
p.L367V,0.978649097
p.L371L,0.803737232
p.L371A,1.002648489
p.L371R,0.93460184
p.L371N,0.126565218
p.L371D,1.034057969
p.L371C,1.094220531
p.L371Q,1.042364078
p.L371E,0.991705961
p.L371G,1.002051804
p.L371H,1.15211811
p.L371I,0.653104369
p.L371K,0.84873859
p.L371M,0.911342439
p.L371F,0.929353854
p.L371P,0.98293741
p.L371S,1.041288808
p.L371X,-0.12932514
p.L371T,1.085718097
p.L371W,1.045570301
p.L371Y,1.026469859
p.L371V,0.997307951
p.L385L,0.986663027
p.L385R,0.922755906
p.L385N,1.067109736
p.L385C,0.941086178
p.L385Q,0.753651699
p.L385E,0.178288499
p.L385G,1.062417019
p.L385H,0.895574789
p.L385I,0.942955519
p.L385M,1.041161401
p.L385F,1.09331914
p.L385S,1.189780547
p.L385X,0.055389636
p.L385T,0.320619566
p.L385W,1.038764704
p.L385Y,0.336257504
p.L385V,0.936204479
p.L401L,0.524001333
p.L401R,-0.029463434
p.L401N,0.207094985
p.L401D,0.19808627
p.L401C,0.26388716
p.L401Q,0.070478972
p.L401E,0.104915261
p.L401G,-0.125236819
p.L401H,-0.189866316
p.L401K,-0.103940987
p.L401M,0.94969127
p.L401F,0.433408861
p.L401P,0.049338898
p.L401S,-0.006480404
p.L401T,-0.011429535
p.L401W,-0.086840786
p.L401Y,0.00560895
p.L401V,0.972406788
p.L414L,1.051461936
p.L414A,1.029795661
p.L414R,0.865235522
p.L414N,-0.052272763
p.L414D,0.071398764
p.L414C,-0.053744054
p.L414Q,0.808800571
p.L414E,1.040196794
p.L414G,0.458715371
p.L414I,0.409500884
p.L414K,0.696409051
p.L414M,0.052033055
p.L414F,0.463583141
p.L414P,0.962397862
p.L414S,1.158855438
p.L414T,0.992986578
p.L414W,0.944582427
p.L414V,1.135168252
p.L422L,0.720149652
p.L422R,1.017683743
p.L422N,1.061707518
p.L422C,1.11642305
p.L422E,0.90337605
p.L422G,1.002247221
p.L422H,1.023289333
p.L422I,0.054104819
p.L422K,1.089653493
p.L422M,1.167021689
p.L422F,-0.147465917
p.L422S,1.061542264
p.L422W,0.104057563
p.L422Y,1.149209794
p.L422V,0.567264367
p.L426L,0.994434672
p.L426A,1.017526785
p.L426R,0.883189576
p.L426N,0.93734239
p.L426D,0.799805768
p.L426C,1.001375449
p.L426E,-0.237937572
p.L426K,0.995269787
p.L426M,1.082847454
p.L426F,1.083305003
p.L426P,0.613241072
p.L426S,0.964904154
p.L426X,0.157987064
p.L426W,0.947202804
p.L426Y,0.951704074
p.L426V,1.044825612
p.L432L,1.062769155
p.L432R,-0.186398679
p.L432N,-0.149550402
p.L432C,0.829953108
p.L432G,0.185778644
p.L432I,0.999133834
p.L432P,-0.196454022
p.L432S,-0.302905442
p.L432X,0.512288341
p.L432T,0.813345716
p.L432V,0.980878564
p.L446L,0.998606684
p.L446A,1.035290916
p.L446R,0.946980236
p.L446N,0.952410938
p.L446C,1.076431618
p.L446G,1.01755522
p.L446K,1.002478477
p.L446F,1.107813948
p.L446P,1.010296373
p.L446S,1.111531947
p.L446T,0.950099567
p.L446W,1.094583614
p.L446Y,1.117728662
p.L446V,0.993770234
p.L456L,0.984990683
p.L456A,1.090625259
p.L456R,0.74841877
p.L456N,1.049484237
p.L456D,0.520725502
p.L456C,1.280504936
p.L456Q,0.998949622
p.L456G,0.467400295
p.L456H,-0.023623044
p.L456I,1.022526094
p.L456K,0.960252549
p.L456M,1.003802096
p.L456F,0.980662256
p.L456P,0.088061496
p.L456S,0.811273503
p.L456T,0.987623184
p.L456W,0.474621665
p.L456Y,1.083512061
p.L456V,0.985671393
p.L479L,1.08438452
p.L479A,1.017484476
p.L479R,-0.140631506
p.L479N,0.872948122
p.L479C,0.74010034
p.L479Q,0.487957048
p.L479E,0.722107772
p.L479G,-0.0839234
p.L479H,-0.106608054
p.L479I,0.364247894
p.L479K,-0.20427228
p.L479M,1.038053651
p.L479F,0.506780977
p.L479P,-0.135783267
p.L479S,0.367746826
p.L479X,0.214571327
p.L479T,1.369280709
p.L479W,0.705464766
p.L479Y,0.240876935
p.L479V,1.072882327
p.L495L,0.83861819
p.L495A,0.986725614
p.L495R,0.984200556
p.L495N,1.419943573
p.L495C,1.062476911
p.L495G,0.916489903
p.L495H,0.975259577
p.L495I,0.966564881
p.L495K,0.966183089
p.L495M,0.758463342
p.L495F,0.415075775
p.L495P,0.401975752
p.L495S,1.026149749
p.L495X,0.049207655
p.L495T,1.003720792
p.L495W,0.61539337
p.L495Y,0.547585361
p.L495V,0.806393822
p.L511L,0.986775111
p.L511R,0.186968317
p.L511N,-0.065964292
p.L511D,0.065843796
p.L511C,0.262643846
p.L511Q,-0.026941549
p.L511E,-0.287749237
p.L511G,0.039440695
p.L511H,0.971611872
p.L511I,0.280718093
p.L511K,0.656626603
p.L511M,0.586734133
p.L511F,0.717199889
p.L511S,0.392801269
p.L511X,0.094117564
p.L511W,0.91154061
p.L511Y,-0.068096632
p.L511V,0.452983114
p.L547L,0.906723118
p.L547A,1.005045023
p.L547R,0.278102674
p.L547N,0.518516948
p.L547D,0.048927417
p.L547C,1.013187311
p.L547E,1.085138905
p.L547G,0.509187474
p.L547H,0.908803955
p.L547I,1.027909857
p.L547K,0.039147852
p.L547M,0.865501688
p.L547F,0.595653402
p.L547P,0.107663203
p.L547S,0.666952679
p.L547X,0.258325101
p.L547T,0.868929405
p.L547W,0.567822121
p.L547V,0.84535945
p.L555L,1.068613476
p.L555A,1.000938252
p.L555R,0.966935368
p.L555N,0.447441366
p.L555D,1.004821494
p.L555C,0.19819071
p.L555Q,0.972888517
p.L555E,0.971489561
p.L555G,1.105820421
p.L555H,0.870331108
p.L555I,0.849391258
p.L555K,0.937569004
p.L555M,1.194285168
p.L555F,0.817522846
p.L555P,0.677229826
p.L555S,0.977387402
p.L555X,-0.088375267
p.L555T,1.135322197
p.L555W,0.305608445
p.L555Y,0.887526236
p.L555V,0.662078471
p.L568L,0.903001
p.L568A,0.864772044
p.L568R,0.984973133
p.L568N,1.004314117
p.L568C,1.092226665
p.L568G,0.02893261
p.L568I,0.992003715
p.L568K,0.576013805
p.L568M,0.947763002
p.L568F,1.004781386
p.L568P,0.834105442
p.L568S,0.990660823
p.L568X,0.013279579
p.L568T,0.946916023
p.L568Y,1.087580375
p.L568V,1.004781718
p.L570L,0.94091672
p.L570A,0.788611521
p.L570R,1.048341017
p.L570D,1.013351265
p.L570C,1.025650544
p.L570Q,-0.028486093
p.L570E,-0.058910827
p.L570G,0.079657517
p.L570H,1.004703797
p.L570I,0.938653743
p.L570K,0.995762188
p.L570M,1.048403109
p.L570F,0.994829684
p.L570P,0.974031585
p.L570S,1.010172331
p.L570X,0.028359833
p.L570T,1.013523963
p.L570W,0.944017187
p.L570Y,0.951968371
p.L570V,0.951596566
p.L571L,0.861689863
p.L571A,1.03073782
p.L571R,0.892047556
p.L571N,1.041167683
p.L571D,0.961792496
p.L571C,0.998338884
p.L571Q,0.374358689
p.L571E,1.074969813
p.L571G,0.958944726
p.L571H,1.061198909
p.L571I,1.000411969
p.L571K,0.643027668
p.L571M,1.001104395
p.L571F,0.993720032
p.L571P,1.103775184
p.L571S,1.082972573
p.L571X,-0.044954637
p.L571T,0.978114408
p.L571W,-0.045082679
p.L571Y,0.853870913
p.L571V,0.94018088
p.L575L,0.98458573
p.L575A,1.018619368
p.L575R,0.239649356
p.L575N,0.301161956
p.L575D,-0.075130587
p.L575C,1.032616739
p.L575Q,-0.148437901
p.L575E,0.031939226
p.L575G,-0.020710601
p.L575I,0.814453863
p.L575K,-0.015679463
p.L575M,0.971810642
p.L575F,0.901439369
p.L575P,0.088778999
p.L575S,0.256538565
p.L575T,0.854237541
p.L575Y,-0.114096414
p.L575V,1.015825331
p.L582L,0.880985535
p.L582A,1.033746592
p.L582R,1.060264935
p.L582D,0.979156947
p.L582C,0.227820707
p.L582Q,1.05869883
p.L582G,0.98362092
p.L582H,1.048831861
p.L582I,1.068024987
p.L582K,0.490440637
p.L582M,0.95103257
p.L582F,0.95534718
p.L582P,0.903263435
p.L582S,0.835802184
p.L582X,-0.062587376
p.L582T,0.438122344
p.L582W,1.045542119
p.L582Y,1.092602112
p.L582V,0.827847565
p.L599L,1.046438456
p.L599A,1.01121461
p.L599R,1.017706136
p.L599N,-0.005828847
p.L599D,0.073619885
p.L599Q,0.925535345
p.L599E,0.826378144
p.L599G,0.873337791
p.L599I,1.189151703
p.L599K,1.055962547
p.L599M,1.000663006
p.L599F,0.979539141
p.L599P,0.066844242
p.L599S,0.989931663
p.L599X,-0.07118849
p.L599T,1.01717292
p.L599W,0.940871108
p.L599V,0.940819583
p.L605L,0.991741425
p.L605A,0.796670694
p.L605R,0.871951822
p.L605N,1.076714149
p.L605D,0.941139844
p.L605C,0.960148054
p.L605Q,1.040663008
p.L605E,0.880361776
p.L605G,0.823239258
p.L605H,0.961157195
p.L605I,1.022087709
p.L605K,0.893017148
p.L605M,1.02096579
p.L605F,0.957343689
p.L605P,0.675840484
p.L605S,0.877491379
p.L605X,-0.096386456
p.L605T,0.940162244
p.L605W,0.938003215
p.L605Y,0.940278116
p.L605V,1.076449193
p.L611L,0.998862049
p.L611A,0.816604868
p.L611R,-0.046566231
p.L611N,0.93188384
p.L611D,-0.050292706
p.L611C,1.020417764
p.L611Q,-0.131136967
p.L611E,-0.103073953
p.L611G,0.67084689
p.L611H,-0.098551106
p.L611I,0.976777882
p.L611K,-0.078727758
p.L611M,1.051445453
p.L611F,0.015695864
p.L611P,0.733837445
p.L611S,0.971103518
p.L611X,-0.131159649
p.L611T,0.982446631
p.L611W,0.056569433
p.L611Y,-0.058742198
p.L611V,1.038333145
p.L634L,1.020265523
p.L634A,0.963945824
p.L634R,1.006207004
p.L634N,1.062060138
p.L634D,1.266536469
p.L634C,1.020730165
p.L634Q,0.917142498
p.L634E,0.732842573
p.L634G,0.831859065
p.L634H,1.070455569
p.L634I,0.997384519
p.L634M,1.044390077
p.L634F,0.939060053
p.L634P,0.91173027
p.L634S,0.966641016
p.L634X,-0.039190812
p.L634T,0.080855188
p.L634W,1.032383608
p.L634Y,1.006161797
p.L634V,0.973653157
p.L64L,0.999836509
p.L641L,0.931858059
p.L641A,0.974888322
p.L641R,1.01047574
p.L641N,1.020097592
p.L641D,1.029463387
p.L641C,0.976892208
p.L641Q,1.006806377
p.L641E,1.049804564
p.L641G,1.063688621
p.L641H,0.784659216
p.L641K,1.041042056
p.L641M,0.963724935
p.L641F,1.003144302
p.L641P,0.998043285
p.L641S,0.997826529
p.L641X,0.053382052
p.L641T,0.984395467
p.L641W,0.958289021
p.L641Y,0.993010552
p.L641V,1.00324541
p.L642L,0.997866326
p.L642A,0.960423547
p.L642R,0.963803542
p.L642N,1.117384616
p.L642D,0.721929812
p.L642C,1.030730977
p.L642Q,0.864892936
p.L642E,0.948138492
p.L642G,0.357436431
p.L642H,0.975256233
p.L642I,1.027858304
p.L642K,0.970233522
p.L642M,-0.063891718
p.L642F,0.8894096
p.L642P,0.556584085
p.L642S,0.974039692
p.L642X,-0.045961155
p.L642T,0.890836139
p.L642W,0.818891102
p.L642Y,0.937862751
p.L642V,1.034666517
p.L646L,0.972345046
p.L646A,0.785379247
p.L646R,0.952630014
p.L646N,1.01716366
p.L646D,-0.114035294
p.L646C,1.036794979
p.L646Q,0.860796638
p.L646E,0.966803513
p.L646H,0.366565671
p.L646K,0.972170256
p.L646M,1.031998769
p.L646F,1.045313192
p.L646P,0.998326191
p.L646S,0.988235842
p.L646X,-0.115795989
p.L646T,0.885856083
p.L646Y,1.047958701
p.L646V,1.070986559
p.L647L,1.026768078
p.L647A,0.945707256
p.L647R,1.03398788
p.L647D,0.971198915
p.L647C,1.050365307
p.L647Q,0.981774421
p.L647E,1.00135249
p.L647G,0.97907566
p.L647H,1.093925843
p.L647I,0.210820002
p.L647K,0.757152388
p.L647M,0.788489827
p.L647F,0.975216892
p.L647P,0.771490865
p.L647S,0.998001594
p.L647T,0.304586001
p.L647W,1.018876259
p.L647Y,0.340689785
p.L647V,1.020278066
p.L64A,1.03627179
p.L64R,1.039593911
p.L64N,0.969038636
p.L64D,1.015053676
p.L64C,1.087378572
p.L64Q,1.080602137
p.L64E,1.030631295
p.L64G,0.9264675
p.L64H,1.030928097
p.L64I,0.963419183
p.L64K,0.656666426
p.L64M,1.144554529
p.L64F,0.977455757
p.L64P,0.949932592
p.L64S,0.904883202
p.L64X,0.272192188
p.L64T,1.023713589
p.L64W,0.744945881
p.L64Y,0.809381633
p.L64V,1.006700156
p.L654L,0.931868574
p.L654A,0.960734916
p.L654R,-0.005319068
p.L654D,-0.029462047
p.L654C,1.02815327
p.L654G,0.145578942
p.L654H,0.0247167
p.L654I,0.354174389
p.L654K,-0.173290788
p.L654M,0.429719455
p.L654F,0.993907746
p.L654P,0.882509663
p.L654S,0.529081081
p.L654T,0.974818469
p.L654V,0.980275464
p.L658L,1.033532506
p.L658A,1.001414325
p.L658R,0.975840815
p.L658D,1.000965682
p.L658C,1.070605728
p.L658Q,0.107752491
p.L658E,0.511563558
p.L658G,0.938889935
p.L658H,0.93238882
p.L658I,0.73568978
p.L658M,0.839429533
p.L658F,0.540130035
p.L658S,0.964657747
p.L658X,-0.011411765
p.L658V,1.046137711
p.L672L,1.005477075
p.L672A,1.059864402
p.L672R,0.865538737
p.L672N,0.900672943
p.L672D,0.956484409
p.L672C,1.092174265
p.L672Q,1.091047266
p.L672E,0.838693627
p.L672G,1.052262874
p.L672H,1.052728449
p.L672I,0.98849335
p.L672K,0.980005108
p.L672M,0.94849104
p.L672F,1.11797063
p.L672P,0.996897541
p.L672S,0.918488232
p.L672X,-0.008102461
p.L672T,0.970773794
p.L672W,1.033407806
p.L672Y,0.973830234
p.L672V,0.988725381
p.L680L,0.996682849
p.L680A,0.85492119
p.L680R,0.728240988
p.L680N,0.086968778
p.L680D,0.073175401
p.L680C,0.105495256
p.L680Q,0.960990519
p.L680E,-0.127547572
p.L680G,-0.164759706
p.L680H,0.933272769
p.L680I,1.018779687
p.L680K,1.006076228
p.L680M,0.904309012
p.L680F,1.083999146
p.L680P,-0.051280782
p.L680S,0.357938985
p.L680X,-0.148667484
p.L680T,0.545745789
p.L680W,1.001978321
p.L680Y,0.998877844
p.L680V,0.97717982
p.L682L,0.978604861
p.L682A,-0.032203494
p.L682R,0.061904358
p.L682N,-0.073159691
p.L682D,-0.108248131
p.L682C,-0.052151128
p.L682Q,-0.092719178
p.L682E,-0.044340225
p.L682G,-0.067661501
p.L682H,-0.053145337
p.L682I,0.588387345
p.L682K,-0.003195115
p.L682M,0.949107272
p.L682F,0.966013435
p.L682P,0.004166777
p.L682S,0.008803597
p.L682X,0.003232614
p.L682T,0.540728103
p.L682W,-0.086839079
p.L682Y,0.136778916
p.L682V,0.994483348
p.L703L,0.94033539
p.L703A,0.932375556
p.L703R,1.017063951
p.L703D,0.977191021
p.L703C,0.753142568
p.L703Q,0.920147793
p.L703E,0.829462905
p.L703G,0.970776262
p.L703H,0.877480719
p.L703I,1.187623422
p.L703K,0.975561116
p.L703M,0.990882537
p.L703F,1.126523711
p.L703P,1.06308268
p.L703S,0.994735974
p.L703T,1.027423126
p.L703W,0.98560381
p.L703V,0.969205388
p.L704L,1.010308526
p.L704A,0.975430558
p.L704R,1.024704803
p.L704N,0.542111051
p.L704C,0.973849237
p.L704Q,1.01355028
p.L704E,0.940333626
p.L704G,1.092802799
p.L704K,0.994342222
p.L704M,1.093382864
p.L704F,0.917005509
p.L704P,0.959447292
p.L704S,1.068981754
p.L704X,0.269888841
p.L704T,1.012855708
p.L704W,0.255832383
p.L704Y,0.893683157
p.L704V,1.026142576
p.L712L,0.940316753
p.L712A,1.02201353
p.L712R,0.997347394
p.L712N,1.05652736
p.L712C,0.974887541
p.L712Q,-0.299781956
p.L712G,0.978269139
p.L712H,0.892621852
p.L712I,0.931416714
p.L712K,0.956730496
p.L712M,0.992915897
p.L712F,0.428614742
p.L712P,1.068375602
p.L712S,0.951385955
p.L712X,-0.289200876
p.L712T,1.032762999
p.L712W,1.031484757
p.L712Y,1.027607247
p.L712V,0.953168202
p.L729L,0.887264567
p.L729A,1.009564995
p.L729R,0.95482752
p.L729D,0.311684999
p.L729C,1.02344666
p.L729Q,0.999211346
p.L729E,1.068348415
p.L729G,1.024463681
p.L729H,0.983800907
p.L729I,1.065415388
p.L729M,0.909832533
p.L729F,0.987445667
p.L729P,0.491055833
p.L729S,1.013833417
p.L729X,-0.050474061
p.L729T,0.954119754
p.L729W,0.98306395
p.L729Y,1.038722783
p.L729V,1.014548937
p.L752L,0.843628136
p.L752A,1.055321412
p.L752R,1.016010178
p.L752N,1.047665356
p.L752D,1.005085717
p.L752C,1.019725336
p.L752Q,0.360597601
p.L752E,0.867741504
p.L752G,0.943804976
p.L752H,0.985558971
p.L752I,1.012798723
p.L752K,0.690602305
p.L752M,0.601114821
p.L752F,0.975032617
p.L752P,0.980684014
p.L752S,0.996806639
p.L752X,0.031726351
p.L752T,1.027287408
p.L752W,0.927408821
p.L752V,0.930659716
p.L759L,0.419462598
p.L759A,1.028526136
p.L759R,1.012227267
p.L759N,1.006637473
p.L759D,0.673867627
p.L759C,1.047696937
p.L759Q,0.921509448
p.L759E,1.109466469
p.L759G,1.030126417
p.L759H,0.205046737
p.L759I,0.953029749
p.L759K,0.739604172
p.L759M,1.008404137
p.L759F,1.067371672
p.L759P,0.902139601
p.L759S,1.02739602
p.L759X,-0.241790678
p.L759T,0.963042258
p.L759W,1.043979795
p.L759Y,1.017870749
p.L759V,0.993971312
p.L772L,0.994682363
p.L772A,0.494996059
p.L772R,0.878381661
p.L772N,0.956983799
p.L772D,0.474474276
p.L772C,0.918297461
p.L772Q,1.00101669
p.L772E,1.023158391
p.L772G,0.989465682
p.L772H,0.986810083
p.L772I,0.116467032
p.L772K,0.799064761
p.L772M,0.951601847
p.L772F,1.010167634
p.L772P,0.964952225
p.L772S,1.019408376
p.L772X,-0.128810811
p.L772T,0.986400006
p.L772W,1.041420683
p.L772Y,1.029715966
p.L772V,0.995375627
p.L790L,1.03541177
p.L790A,1.05045091
p.L790R,0.88425742
p.L790N,1.013149158
p.L790D,0.796504581
p.L790C,0.978363357
p.L790Q,1.053913041
p.L790E,1.017113263
p.L790G,1.050022397
p.L790H,1.067007947
p.L790I,1.041319205
p.L790K,1.051140956
p.L790M,0.432828896
p.L790F,1.048764507
p.L790P,0.969113815
p.L790S,0.963644664
p.L790X,0.331405732
p.L790T,1.060265285
p.L790W,1.026882378
p.L790Y,1.010081833
p.L790V,0.971334164
p.L794L,0.982788624
p.L794A,1.023851723
p.L794R,0.912680391
p.L794N,1.015436272
p.L794D,0.60646236
p.L794C,0.492206478
p.L794Q,0.911996023
p.L794E,0.427550802
p.L794G,1.084668249
p.L794H,0.42234075
p.L794I,1.071018907
p.L794K,0.678984723
p.L794M,0.862200882
p.L794F,0.798015231
p.L794P,0.991427956
p.L794S,1.001264718
p.L794X,-0.328874675
p.L794T,0.952593861
p.L794W,0.865504733
p.L794Y,0.919945964
p.L794V,0.94900595
p.L798L,1.020592163
p.L798A,1.014677022
p.L798R,-0.221410994
p.L798N,0.259883736
p.L798D,1.000039635
p.L798C,1.07320465
p.L798Q,0.956296253
p.L798E,0.825843963
p.L798G,0.918440202
p.L798H,0.945695361
p.L798I,0.439598452
p.L798K,-0.249243952
p.L798M,0.968065338
p.L798F,0.998637529
p.L798P,0.925389092
p.L798S,1.018801653
p.L798X,-0.149520871
p.L798T,1.015011632
p.L798W,0.941691506
p.L798Y,0.992829207
p.L798V,1.035621835
p.L799L,0.893180135
p.L799A,1.001506452
p.L799R,-0.128058281
p.L799N,0.86441159
p.L799D,-0.174952811
p.L799C,0.995827222
p.L799Q,0.909306303
p.L799E,-0.00169012
p.L799G,0.652606395
p.L799H,0.945367433
p.L799I,0.872951583
p.L799K,-0.253329357
p.L799M,0.88468924
p.L799F,0.956692705
p.L799P,1.038399194
p.L799S,1.045854793
p.L799X,-0.210863479
p.L799T,1.007625187
p.L799W,0.980130853
p.L799Y,1.031389731
p.L799V,0.825339262
p.L8L,0.990110346
p.L802L,1.026048475
p.L802A,1.040833576
p.L802R,-0.133635577
p.L802N,0.833771587
p.L802D,-0.184275687
p.L802C,0.964385507
p.L802Q,-0.223707138
p.L802E,-0.213929146
p.L802G,0.979517088
p.L802H,0.836919971
p.L802I,0.989829644
p.L802K,0.832032244
p.L802M,1.010434375
p.L802F,-0.019453909
p.L802P,1.020423145
p.L802S,1.084775443
p.L802X,1.056229925
p.L802T,0.645342204
p.L802W,1.027416718
p.L802Y,1.053689994
p.L802V,0.9785168
p.L804L,0.982469589
p.L804A,0.950569736
p.L804R,0.887639364
p.L804N,0.908923167
p.L804D,-0.014583337
p.L804C,1.006441936
p.L804Q,0.71993625
p.L804G,0.503767862
p.L804H,0.660054679
p.L804I,0.946542991
p.L804K,0.83722682
p.L804M,1.022421263
p.L804F,0.974811979
p.L804P,0.796483549
p.L804S,0.948099465
p.L804X,1.140681173
p.L804T,1.04007052
p.L804W,0.836992049
p.L804Y,0.96034895
p.L804V,0.864649585
p.L808L,0.428466359
p.L808A,1.028465369
p.L808R,0.997733555
p.L808N,1.028290858
p.L808D,0.977560705
p.L808C,0.611965761
p.L808Q,1.006089981
p.L808E,1.024985787
p.L808G,0.87156025
p.L808H,1.041821143
p.L808I,0.647050127
p.L808K,0.99684078
p.L808M,1.020568025
p.L808F,1.041662047
p.L808P,1.062333013
p.L808S,1.024173756
p.L808X,1.046485924
p.L808T,0.770041164
p.L808W,1.016069035
p.L808Y,1.053001613
p.L808V,0.99925844
p.L809L,0.965979271
p.L809A,0.922280923
p.L809R,0.076037632
p.L809N,0.969818887
p.L809D,0.848381748
p.L809C,1.004560667
p.L809Q,1.06312306
p.L809E,0.903297937
p.L809G,0.998805386
p.L809H,0.413292707
p.L809I,0.864363203
p.L809K,1.01232904
p.L809M,0.940174568
p.L809F,0.994207806
p.L809P,1.058568642
p.L809S,1.023141254
p.L809X,1.065016624
p.L809T,1.034131768
p.L809Y,1.035106029
p.L809V,0.535263449
p.L815L,1.031145978
p.L815A,0.994981547
p.L815R,0.959428415
p.L815N,0.987390036
p.L815D,0.959119224
p.L815C,0.420023928
p.L815Q,1.09223925
p.L815E,0.952687148
p.L815G,0.999260622
p.L815H,0.909073007
p.L815I,0.951962792
p.L815K,1.033182893
p.L815M,0.39399278
p.L815F,1.011837183
p.L815P,1.003512203
p.L815S,1.016594323
p.L815X,1.030201465
p.L815T,1.069109577
p.L815W,1.013859442
p.L815Y,1.042414469
p.L815V,1.034491444
p.L855L,0.984601139
p.L855A,0.988595003
p.L855R,0.853039481
p.L855N,0.278882017
p.L855D,-0.097022718
p.L855C,1.051280027
p.L855Q,0.964602753
p.L855E,1.019995537
p.L855G,0.995625542
p.L855H,0.574070033
p.L855I,1.116272623
p.L855K,0.991476109
p.L855M,0.734086584
p.L855F,0.493015984
p.L855P,0.985396337
p.L855S,1.030001701
p.L855X,0.64444444
p.L855T,0.981226174
p.L855W,0.993327509
p.L855V,0.981976671
p.L8A,0.951448875
p.L8R,0.88092331
p.L8N,1.152003867
p.L8D,0.284028031
p.L8C,1.020402819
p.L8Q,0.459702204
p.L8E,1.105471269
p.L8G,1.079401899
p.L8H,0.877065316
p.L8I,1.084689381
p.L8K,1.01716906
p.L8M,1.004355809
p.L8F,1.041227741
p.L8P,0.834196469
p.L8S,1.003326903
p.L8X,0.039416246
p.L8T,0.745887183
p.L8W,0.907448408
p.L8Y,0.933612112
p.L8V,1.120520115
p.K107A,0.946181305
p.K107R,0.93303625
p.K107N,1.052907219
p.K107D,1.007709981
p.K107C,0.941951358
p.K107Q,0.8567679
p.K107E,0.956634319
p.K107G,0.98793448
p.K107H,1.114580602
p.K107I,0.937079856
p.K107L,0.946959931
p.K107M,1.092972247
p.K107F,1.028921542
p.K107P,1.025116033
p.K107S,1.025462846
p.K107X,0.003931431
p.K107T,0.996706915
p.K107W,0.966203268
p.K107Y,0.955110288
p.K107V,0.970430475
p.K120K,1.008680941
p.K120A,0.976834015
p.K120R,0.366478482
p.K120N,0.870790995
p.K120D,1.058938117
p.K120C,0.915601204
p.K120Q,0.970161667
p.K120E,1.055433996
p.K120G,0.860836754
p.K120H,0.893347499
p.K120I,0.984914872
p.K120L,1.05418686
p.K120M,1.069432179
p.K120F,0.913443897
p.K120P,1.08038552
p.K120S,0.942874968
p.K120X,0.093312655
p.K120T,0.760942082
p.K120W,0.928526494
p.K120Y,1.068056803
p.K120V,1.004112483
p.K223K,1.021206794
p.K223A,1.046985404
p.K223R,0.92155621
p.K223N,1.023439353
p.K223D,1.010494082
p.K223C,0.812359789
p.K223Q,0.971770072
p.K223E,1.017947424
p.K223G,0.963633503
p.K223H,0.977399973
p.K223I,0.955990935
p.K223L,1.017329524
p.K223M,0.992215855
p.K223F,0.883709575
p.K223P,1.025798576
p.K223S,0.827720848
p.K223X,-0.053181216
p.K223T,0.293763752
p.K223W,0.454297485
p.K223Y,0.9601591
p.K223V,0.956535737
p.K225K,1.01177329
p.K225A,0.978318858
p.K225R,1.02025278
p.K225N,0.929570507
p.K225D,0.77298879
p.K225C,0.935867182
p.K225Q,1.21921726
p.K225E,1.132855486
p.K225G,1.011574241
p.K225H,0.856464555
p.K225I,1.023186887
p.K225L,0.953207566
p.K225M,0.967621226
p.K225F,0.270753087
p.K225P,0.860056232
p.K225S,0.994621348
p.K225X,0.101785157
p.K225T,0.910001262
p.K225W,0.867672529
p.K225Y,0.939304246
p.K225V,0.987431762
p.K262A,1.04957689
p.K262R,0.771917236
p.K262N,1.186075765
p.K262D,1.007187581
p.K262C,0.508329768
p.K262Q,0.000944647
p.K262E,0.927139859
p.K262G,0.963299577
p.K262H,0.770479593
p.K262I,1.054878594
p.K262L,0.996224728
p.K262M,1.027421174
p.K262F,1.032316048
p.K262P,1.114376016
p.K262S,-0.054389244
p.K262X,0.017967682
p.K262T,1.071761922
p.K262W,1.002132279
p.K262Y,1.087891048
p.K262V,0.956255941
p.K281A,0.990431056
p.K281R,0.947249099
p.K281N,0.762149563
p.K281D,1.044589107
p.K281C,0.952990096
p.K281Q,1.059777823
p.K281E,0.951996646
p.K281G,1.019826462
p.K281H,0.755933815
p.K281I,1.00671219
p.K281L,1.014509997
p.K281M,1.015839357
p.K281F,1.038211064
p.K281P,0.898671055
p.K281S,0.931448545
p.K281X,-0.116344586
p.K281T,0.981439265
p.K281W,0.677697433
p.K281Y,0.838085403
p.K281V,1.015831151
p.K283A,0.870797006
p.K283R,0.887369211
p.K283N,0.949669308
p.K283D,0.788123618
p.K283C,-0.289324511
p.K283Q,0.90835959
p.K283E,1.092198305
p.K283G,0.695258804
p.K283H,1.00466911
p.K283I,0.992999214
p.K283L,0.995399054
p.K283M,1.006014121
p.K283F,0.964439658
p.K283P,1.013819682
p.K283S,0.959095237
p.K283X,-0.204540284
p.K283T,1.177886368
p.K283W,0.891940215
p.K283Y,1.014531912
p.K283V,1.014992833
p.K294K,0.677760023
p.K294R,0.874132587
p.K294N,0.931014896
p.K294D,0.963308038
p.K294C,0.808407582
p.K294Q,0.940615788
p.K294E,1.028270673
p.K294G,1.001986573
p.K294H,1.12663126
p.K294I,1.058676124
p.K294L,1.006967233
p.K294M,1.009216946
p.K294F,1.026341118
p.K294P,-0.233580033
p.K294S,0.8215461
p.K294X,0.056355065
p.K294T,0.921431377
p.K294W,1.044044919
p.K294Y,0.882420909
p.K294V,1.100341382
p.K311K,0.906762049
p.K311A,1.011005881
p.K311R,0.994720057
p.K311N,1.023319903
p.K311D,0.946176539
p.K311C,0.758956584
p.K311Q,1.031168149
p.K311E,0.773002277
p.K311G,0.891497195
p.K311H,1.046773517
p.K311I,0.582509275
p.K311L,1.043371238
p.K311M,0.967780364
p.K311F,0.973745522
p.K311P,1.005134774
p.K311S,1.01557747
p.K311X,0.049514101
p.K311T,0.980583932
p.K311W,1.010543244
p.K311Y,0.865279528
p.K311V,1.025546191
p.K333A,0.944008767
p.K333R,0.85803802
p.K333N,1.042810943
p.K333D,0.792750349
p.K333C,0.391630308
p.K333Q,0.951833163
p.K333E,0.877895249
p.K333G,0.72405812
p.K333H,0.988765518
p.K333I,1.008729182
p.K333L,0.954037099
p.K333M,1.094155017
p.K333F,0.82571339
p.K333P,1.030891856
p.K333S,1.062343818
p.K333X,-0.192311752
p.K333T,0.95513547
p.K333W,1.007313141
p.K333Y,0.858627009
p.K333V,0.954417382
p.K376A,0.099442763
p.K376N,0.909521713
p.K376C,1.030290484
p.K376E,1.018618842
p.K376G,1.092432405
p.K376I,1.085590133
p.K376L,0.625618977
p.K376M,1.019540337
p.K376F,1.004073752
p.K376S,0.826437026
p.K376X,-0.071061021
p.K376T,1.010750434
p.K376V,0.01472954
p.K38K,0.528129933
p.K38A,0.907024666
p.K38R,1.112499443
p.K38N,0.914064515
p.K38D,1.044936671
p.K38C,1.109044465
p.K38Q,0.972128746
p.K38E,1.031894993
p.K38G,0.966329054
p.K38H,0.919104885
p.K38I,0.713899964
p.K38L,1.035442593
p.K38M,0.982122408
p.K38F,0.862098747
p.K38P,1.031479397
p.K38S,1.002483692
p.K38X,0.085877565
p.K38T,0.998508128
p.K38W,1.098405654
p.K38Y,1.029891799
p.K38V,0.993669695
p.K390A,1.005158912
p.K390R,1.005658842
p.K390N,1.085433024
p.K390D,0.97194971
p.K390C,-0.040490051
p.K390E,0.152444674
p.K390G,0.961580761
p.K390I,1.005899387
p.K390L,0.921137468
p.K390M,0.956008047
p.K390F,0.8476853
p.K390P,-0.130743231
p.K390S,0.95973946
p.K390X,-0.115791194
p.K390T,1.036029394
p.K390W,0.965361185
p.K390Y,0.920261717
p.K390V,0.959007318
p.K393A,0.968491916
p.K393R,0.815331896
p.K393N,-0.188030733
p.K393D,1.193676912
p.K393C,1.028854724
p.K393G,-0.179866189
p.K393H,0.987480507
p.K393I,1.143457874
p.K393L,1.02830905
p.K393M,0.538510584
p.K393F,0.05190867
p.K393P,0.976002929
p.K393S,1.021044957
p.K393X,0.029122941
p.K393W,1.010987102
p.K393Y,1.230788709
p.K393V,1.008638444
p.K411R,1.00504758
p.K411N,0.430773444
p.K411D,0.585176086
p.K411C,1.002816192
p.K411Q,0.508714464
p.K411E,1.08548466
p.K411G,0.978710979
p.K411I,0.937549899
p.K411L,0.124132313
p.K411F,1.195006721
p.K411S,1.160403662
p.K411X,-0.115845225
p.K411T,1.051995473
p.K411Y,0.997356534
p.K411V,0.303649251
p.K43A,1.117866201
p.K43R,1.117348563
p.K43N,0.583422444
p.K43D,0.935078086
p.K43C,1.085123869
p.K43Q,1.02432456
p.K43E,0.945457963
p.K43G,1.029326028
p.K43H,1.02643748
p.K43I,0.965669673
p.K43L,1.042762261
p.K43M,1.087112819
p.K43F,0.487522566
p.K43P,1.057751633
p.K43S,1.017617846
p.K43X,0.13931101
p.K43T,0.870582492
p.K43W,1.006994928
p.K43Y,0.938483759
p.K43V,1.136628331
p.K504A,1.08750928
p.K504R,0.695782515
p.K504E,1.013491135
p.K504G,0.996619176
p.K504L,0.439343802
p.K504S,1.075345689
p.K504X,0.337409485
p.K504T,1.089493135
p.K504W,0.987035366
p.K504V,0.980683909
p.K507A,0.909124104
p.K507R,1.070391013
p.K507N,0.861113969
p.K507C,0.562756362
p.K507Q,0.676728652
p.K507E,0.150830197
p.K507G,1.152740341
p.K507I,0.793817935
p.K507L,1.007640314
p.K507M,0.885190572
p.K507F,1.054520945
p.K507S,1.075863526
p.K507X,0.56995835
p.K507T,0.859006333
p.K507W,1.009623873
p.K507Y,0.987062074
p.K507V,0.043285802
p.K509K,0.196311813
p.K509A,0.804063683
p.K509R,1.03017134
p.K509N,0.923029061
p.K509D,0.191058027
p.K509C,-0.024864439
p.K509Q,1.12409047
p.K509E,0.743329065
p.K509G,1.232779608
p.K509H,0.736515553
p.K509I,0.2930739
p.K509L,0.978931914
p.K509M,0.85533962
p.K509F,0.961923313
p.K509S,1.045055958
p.K509X,-0.017358907
p.K509T,1.004038793
p.K509W,0.985775182
p.K509Y,0.656433428
p.K509V,0.552958994
p.K518A,0.796877865
p.K518R,1.08988307
p.K518N,0.168906951
p.K518D,0.966278377
p.K518C,0.936496956
p.K518Q,1.084615533
p.K518E,1.154041793
p.K518G,0.921124532
p.K518H,0.784823747
p.K518I,1.020057231
p.K518L,1.013045057
p.K518M,0.894205053
p.K518F,1.186802106
p.K518S,1.032838974
p.K518X,-0.055595277
p.K518T,0.972730974
p.K518W,0.923384662
p.K518Y,1.016592114
p.K518V,0.910976144
p.K541A,1.085305789
p.K541R,1.000337034
p.K541N,1.07580103
p.K541D,1.09841163
p.K541C,0.955075266
p.K541E,0.718268731
p.K541G,0.819577587
p.K541I,1.003780662
p.K541L,0.975669274
p.K541M,1.086262891
p.K541F,1.108877193
p.K541S,1.072954032
p.K541X,0.043196138
p.K541T,1.072622046
p.K541W,0.983766081
p.K541Y,0.697868029
p.K541V,0.869063915
p.K543A,1.094174274
p.K543R,1.034284773
p.K543N,0.936207044
p.K543D,0.367498197
p.K543C,0.921599017
p.K543Q,0.998132579
p.K543E,0.953195382
p.K543G,0.743647126
p.K543H,0.687081413
p.K543I,1.152893929
p.K543L,0.901147158
p.K543M,0.992893274
p.K543F,1.063847644
p.K543S,0.88237406
p.K543X,0.035044607
p.K543T,1.245564232
p.K543W,1.045012625
p.K543Y,0.480029199
p.K543V,0.912792464
p.K544K,0.894526015
p.K544A,1.027215427
p.K544R,0.968252782
p.K544N,0.995674002
p.K544D,1.027717723
p.K544C,0.094325649
p.K544Q,1.20253557
p.K544E,0.861429716
p.K544G,1.009696713
p.K544H,0.64299315
p.K544I,0.924478546
p.K544L,1.056936437
p.K544M,0.66387768
p.K544F,1.0240601
p.K544P,0.426133486
p.K544S,0.013158773
p.K544X,0.152775608
p.K544T,0.838285838
p.K544W,0.1983239
p.K544Y,0.903043548
p.K544V,0.724306463
p.K581K,0.904952647
p.K581A,0.429935562
p.K581R,0.979214746
p.K581C,0.858775089
p.K581Q,1.011747695
p.K581E,0.820949655
p.K581G,1.028494915
p.K581I,0.978388997
p.K581L,0.976212828
p.K581M,1.03279996
p.K581P,0.417893699
p.K581S,1.019069634
p.K581T,1.004284845
p.K581W,1.065502538
p.K581Y,0.972406145
p.K581V,1.034762212
p.K596A,0.997791805
p.K596R,1.002415987
p.K596N,1.050255928
p.K596D,1.027548013
p.K596C,0.994703563
p.K596Q,0.926614802
p.K596E,0.94339056
p.K596G,0.934074917
p.K596H,0.904645446
p.K596I,0.882761185
p.K596L,0.942530932
p.K596M,0.987154964
p.K596F,0.84175874
p.K596P,0.027844012
p.K596S,0.960655302
p.K596X,-0.008651735
p.K596T,1.074824436
p.K596W,1.05272657
p.K596Y,0.950894744
p.K596V,0.985465366
p.K603A,0.965541758
p.K603R,1.032418776
p.K603N,1.022870166
p.K603D,1.010350687
p.K603C,1.044523024
p.K603Q,1.011355196
p.K603E,0.984224297
p.K603G,1.026847884
p.K603H,0.971275116
p.K603I,0.911363985
p.K603L,1.126767116
p.K603M,0.976253513
p.K603F,0.986907466
p.K603P,1.007269505
p.K603S,0.99338439
p.K603X,-0.139157382
p.K603T,0.94664739
p.K603W,1.059801235
p.K603V,1.011261226
p.K617K,0.776845014
p.K617A,1.032242804
p.K617R,0.811820246
p.K617N,0.567264489
p.K617D,-0.081218806
p.K617C,0.957068148
p.K617Q,0.936117254
p.K617E,1.022983892
p.K617H,0.966252102
p.K617I,0.909240441
p.K617L,0.884963658
p.K617M,1.045382252
p.K617F,1.038182773
p.K617P,0.039642611
p.K617S,0.989591855
p.K617X,-0.066908514
p.K617T,0.97941462
p.K617W,1.116375046
p.K617Y,0.795640376
p.K617V,0.985725544
p.K69K,0.653948339
p.K693A,0.936779461
p.K693R,1.060837231
p.K693N,1.043654257
p.K693D,0.929632287
p.K693C,1.097850131
p.K693Q,0.963486654
p.K693E,1.042071748
p.K693G,1.07279965
p.K693H,0.093001388
p.K693I,1.050736821
p.K693L,0.952291344
p.K693M,1.003248018
p.K693F,1.059629332
p.K693P,1.058335674
p.K693S,0.996495937
p.K693X,-0.00249974
p.K693T,1.113631399
p.K693W,0.909839885
p.K693Y,0.018408289
p.K693V,0.902121241
p.K69A,0.930860167
p.K69R,0.468339175
p.K69N,0.965075745
p.K69D,1.029220561
p.K69C,1.000072962
p.K69Q,0.845773408
p.K69E,1.001604802
p.K69G,1.010014124
p.K69H,0.796209053
p.K69I,0.853546572
p.K69L,1.057436523
p.K69M,1.175659616
p.K69F,0.979006711
p.K69P,0.449094949
p.K69S,0.89059645
p.K69X,0.111993643
p.K69T,1.006404115
p.K69W,0.855140396
p.K69Y,0.940090142
p.K69V,0.310160857
p.K7K,0.976419885
p.K730A,0.93202123
p.K730R,0.996302523
p.K730N,0.906558619
p.K730D,1.024384632
p.K730C,1.05502803
p.K730Q,0.988844907
p.K730E,1.049863337
p.K730G,-0.176040983
p.K730H,1.062540225
p.K730I,0.740904755
p.K730L,0.808791362
p.K730M,1.060044444
p.K730F,1.03497775
p.K730P,0.932388706
p.K730S,1.019906604
p.K730X,0.069742073
p.K730T,1.007591443
p.K730W,0.923440909
p.K730Y,0.986149496
p.K730V,0.471554154
p.K782A,0.965965757
p.K782R,0.831252366
p.K782N,1.067228491
p.K782D,0.994514825
p.K782Q,1.083434973
p.K782E,0.85091648
p.K782G,0.987914235
p.K782H,0.949474222
p.K782I,0.97873797
p.K782L,0.028784166
p.K782M,0.896004999
p.K782F,0.851179336
p.K782P,1.030298531
p.K782S,0.98671254
p.K782X,-0.116982602
p.K782T,0.853513287
p.K782W,0.973533306
p.K782Y,0.98107554
p.K782V,0.77116028
p.K783A,1.033310969
p.K783R,0.915040831
p.K783N,1.004421699
p.K783D,0.897782207
p.K783C,0.945235513
p.K783Q,0.855540092
p.K783E,0.937010873
p.K783G,0.994413895
p.K783H,0.937927183
p.K783L,0.608398351
p.K783M,0.9978815
p.K783F,1.047086644
p.K783P,1.065158595
p.K783S,1.030696853
p.K783X,-0.173230993
p.K783T,1.036905912
p.K783W,1.004289014
p.K783Y,0.930315046
p.K783V,0.647994704
p.K7A,0.840673348
p.K7R,0.973597445
p.K7N,1.051678451
p.K7D,1.002347114
p.K7C,0.827853739
p.K7Q,0.963231218
p.K7E,1.044649059
p.K7G,1.058328071
p.K7H,0.577124873
p.K7I,0.905514286
p.K7L,1.045116231
p.K7M,1.085534712
p.K7F,1.013767611
p.K7P,1.001171378
p.K7S,0.582253962
p.K7X,-0.060403216
p.K7T,0.854575204
p.K7W,1.102783793
p.K7Y,1.036260965
p.K7V,1.037533502
p.K811A,1.000250784
p.K811R,1.001643612
p.K811N,0.975550217
p.K811D,1.050195831
p.K811C,0.920705289
p.K811Q,1.022412096
p.K811E,-0.366518656
p.K811G,0.254828301
p.K811H,1.10852436
p.K811I,0.95414234
p.K811L,0.709451255
p.K811M,0.994315799
p.K811F,1.022287049
p.K811P,0.923724287
p.K811S,0.9075135
p.K811X,1.016955201
p.K811T,0.974858035
p.K811W,1.044593011
p.K811Y,0.806918841
p.K811V,1.064929601
p.K816A,0.961013085
p.K816R,0.981177631
p.K816N,1.018584023
p.K816D,0.276399813
p.K816C,1.065315723
p.K816Q,0.889380681
p.K816E,1.047451903
p.K816G,0.674770235
p.K816H,0.947404706
p.K816I,0.848956251
p.K816L,0.924172648
p.K816M,0.977041427
p.K816F,0.996797051
p.K816P,0.987690247
p.K816S,0.968107845
p.K816X,0.72992768
p.K816T,0.048034952
p.K816W,1.083519591
p.K816V,0.955008113
p.K830A,0.979978875
p.K830R,1.006926118
p.K830N,1.027748298
p.K830D,0.827148903
p.K830C,0.906778255
p.K830Q,0.979729166
p.K830E,0.705038221
p.K830G,0.997144565
p.K830H,0.988737454
p.K830I,0.981618676
p.K830L,0.990223941
p.K830M,1.161580767
p.K830F,1.043398337
p.K830P,1.04222704
p.K830S,0.951774883
p.K830X,0.335248938
p.K830T,1.075990102
p.K830W,0.640020003
p.K830Y,0.62431821
p.K830V,1.032782214
p.M264A,-0.087124349
p.M264R,1.035870036
p.M264N,0.885820448
p.M264D,0.993581686
p.M264C,0.983269871
p.M264Q,0.382801807
p.M264E,0.85894397
p.M264G,0.963506297
p.M264H,0.63550381
p.M264I,0.718202084
p.M264L,0.792097108
p.M264K,1.072108283
p.M264F,0.948088093
p.M264P,1.091491788
p.M264S,0.96273346
p.M264X,-0.176536529
p.M264T,0.974315154
p.M264W,0.077935636
p.M264Y,0.813872383
p.M264V,1.052678098
p.M298A,-0.1305381
p.M298R,0.302317554
p.M298N,1.009854535
p.M298D,0.889173974
p.M298C,-0.015877027
p.M298Q,1.020817874
p.M298E,0.413466442
p.M298G,0.162080642
p.M298H,0.384387004
p.M298I,0.772281331
p.M298L,1.026694634
p.M298K,-0.005052188
p.M298F,0.995632417
p.M298P,-0.003477712
p.M298S,0.760541591
p.M298X,0.151703678
p.M298T,0.67547908
p.M298W,1.048498891
p.M298Y,1.146064404
p.M298V,1.096798401
p.M412A,0.88860795
p.M412N,0.308814905
p.M412C,1.280159171
p.M412Q,1.049448929
p.M412G,0.825197949
p.M412H,0.84512392
p.M412I,0.518350457
p.M412L,0.881504529
p.M412F,0.564797271
p.M412S,0.924299197
p.M412X,-0.052938812
p.M412W,0.931077473
p.M412Y,1.039169368
p.M412V,1.14389103
p.M450A,0.749187125
p.M450R,1.085587714
p.M450N,0.967734143
p.M450D,1.095579227
p.M450C,0.896443469
p.M450Q,0.989119868
p.M450E,0.00870309
p.M450G,0.981006998
p.M450I,1.046575076
p.M450L,1.005002074
p.M450K,1.015399773
p.M450F,0.936609128
p.M450P,-0.032691059
p.M450S,0.946093338
p.M450X,-0.1156134
p.M450T,1.047089326
p.M450W,0.900189115
p.M450Y,1.017868196
p.M450V,1.040266578
p.M531R,-0.090397363
p.M531N,0.293796895
p.M531D,0.233154871
p.M531C,0.926010134
p.M531Q,0.133809976
p.M531E,1.025730462
p.M531G,0.985436954
p.M531I,0.90325756
p.M531L,0.217964979
p.M531K,0.874776732
p.M531S,1.04307467
p.M531X,0.143569228
p.M531T,0.929415463
p.M531W,0.039707705
p.M531V,0.517947834
p.M652A,1.009800489
p.M652R,0.103241762
p.M652D,-0.112926846
p.M652C,0.653490756
p.M652Q,0.002060654
p.M652E,-0.066670439
p.M652G,-0.131340127
p.M652L,1.007538767
p.M652K,-0.018939642
p.M652F,0.500323103
p.M652P,-0.19703404
p.M652S,0.917302387
p.M652X,0.038841421
p.M652T,1.094666916
p.M652W,0.02165615
p.M652Y,-0.128772337
p.M652V,0.994223776
p.M702A,0.926378375
p.M702R,1.020953832
p.M702N,1.02427267
p.M702D,0.963708432
p.M702Q,1.028905366
p.M702E,0.919023708
p.M702G,0.85435091
p.M702I,0.713123355
p.M702L,1.013488026
p.M702K,1.034835183
p.M702F,0.997177865
p.M702S,1.00759365
p.M702X,-0.094227977
p.M702T,0.933198102
p.M702W,0.570731098
p.M702Y,0.973901065
p.M702V,0.978918738
p.M708A,-0.046497325
p.M708R,0.899050388
p.M708N,1.079387453
p.M708D,0.972513929
p.M708C,0.81072845
p.M708Q,0.925223422
p.M708E,1.011613194
p.M708H,0.944159312
p.M708I,1.050359317
p.M708L,0.95030052
p.M708K,1.039948306
p.M708F,1.091896
p.M708P,0.991334722
p.M708S,0.962839913
p.M708X,0.014897641
p.M708T,1.040565525
p.M708W,0.997382774
p.M708Y,0.786729183
p.M708V,1.039425727
p.M767A,0.93513228
p.M767R,-0.141832154
p.M767N,0.853164714
p.M767D,0.996906441
p.M767C,1.030654922
p.M767Q,1.008155249
p.M767E,1.003988942
p.M767G,0.980433768
p.M767H,0.988444958
p.M767I,1.000645818
p.M767L,1.035555966
p.M767K,1.047904396
p.M767F,1.047813295
p.M767P,1.07973041
p.M767S,0.934785585
p.M767X,-0.164510581
p.M767T,1.016948583
p.M767W,1.040816996
p.M767Y,1.032044112
p.M767V,1.00489074
p.M852A,0.197869649
p.M852R,1.045521572
p.M852N,1.001873449
p.M852D,1.066510638
p.M852C,0.950508647
p.M852Q,0.856249314
p.M852E,0.989181272
p.M852G,0.975958862
p.M852H,1.03350164
p.M852I,0.988963128
p.M852L,0.968662654
p.M852K,1.013313402
p.M852F,1.030866998
p.M852P,0.97489956
p.M852S,0.908426175
p.M852X,1.037246784
p.M852T,0.947958185
p.M852W,1.015580406
p.M852Y,0.965024161
p.M852V,0.95389905
p.F114A,1.046311017
p.F114R,1.016104436
p.F114N,1.00620462
p.F114D,0.95271195
p.F114C,0.981386144
p.F114E,1.02219027
p.F114G,0.992252084
p.F114H,1.011629916
p.F114I,0.920004772
p.F114L,0.926909566
p.F114K,1.066121572
p.F114M,1.125791725
p.F114P,1.093928543
p.F114S,1.019894556
p.F114X,0.011816836
p.F114T,1.092966457
p.F114W,1.007042548
p.F114Y,0.946467658
p.F114V,1.084879581
p.F126F,0.90562278
p.F126A,0.846726409
p.F126R,0.982653552
p.F126N,0.562805086
p.F126D,0.726095208
p.F126C,1.010685108
p.F126E,1.024709311
p.F126G,1.011233019
p.F126H,0.925947211
p.F126I,1.079476607
p.F126L,1.070113216
p.F126K,1.027282743
p.F126M,1.201897293
p.F126P,1.107861355
p.F126S,0.965258969
p.F126X,-0.115887581
p.F126T,1.175764079
p.F126W,0.971995927
p.F126Y,1.073587757
p.F126V,0.953943143
p.F153F,1.067714661
p.F153A,0.998224194
p.F153R,0.929905916
p.F153N,0.974123626
p.F153D,0.778418583
p.F153C,1.0434264
p.F153Q,0.803180509
p.F153E,1.052804444
p.F153G,1.076788032
p.F153H,1.022246774
p.F153I,1.032959294
p.F153L,0.973217882
p.F153K,1.079332194
p.F153M,1.064623633
p.F153P,0.927540739
p.F153S,1.02953109
p.F153X,0.048591334
p.F153T,0.997790962
p.F153W,0.986796385
p.F153Y,1.075124619
p.F153V,0.633632105
p.F190F,1.029461308
p.F190A,0.821861368
p.F190R,0.956811126
p.F190N,0.984614331
p.F190D,1.009504293
p.F190C,1.03012463
p.F190Q,1.003233681
p.F190E,0.184455305
p.F190G,1.055153139
p.F190H,0.826781092
p.F190I,0.999719708
p.F190L,0.705514373
p.F190M,0.728038186
p.F190P,1.025376436
p.F190S,0.994782497
p.F190X,-0.062441921
p.F190T,1.062553296
p.F190W,0.369931241
p.F190Y,0.773227495
p.F190V,0.656494212
p.F200F,1.033131736
p.F200A,1.043857015
p.F200R,1.029656123
p.F200N,1.091326619
p.F200D,1.08383182
p.F200C,1.16225695
p.F200Q,0.775050546
p.F200E,1.092558839
p.F200G,0.477983403
p.F200H,1.04429287
p.F200I,0.965924483
p.F200L,1.046479176
p.F200K,1.173794652
p.F200M,0.947028687
p.F200P,1.069254072
p.F200S,0.91999558
p.F200X,0.092656921
p.F200T,1.035298891
p.F200W,0.04995312
p.F200Y,0.923476773
p.F200V,1.023304593
p.F202F,1.065487824
p.F202A,-0.133527016
p.F202R,1.013240188
p.F202N,0.981497193
p.F202D,0.985819522
p.F202C,1.002980113
p.F202Q,0.936142844
p.F202E,-0.301717623
p.F202G,1.000879498
p.F202H,0.987322236
p.F202I,0.622923797
p.F202L,1.01145189
p.F202K,1.025938732
p.F202M,1.026739773
p.F202P,1.00660715
p.F202S,0.629240426
p.F202X,-0.205748406
p.F202T,0.984908805
p.F202W,1.189018744
p.F202Y,0.972683938
p.F202V,1.036213928
p.F241F,0.990094373
p.F241A,1.030136826
p.F241R,1.012560074
p.F241N,1.003101731
p.F241D,1.015485419
p.F241Q,0.984370738
p.F241E,1.144959961
p.F241G,1.033720155
p.F241H,1.006961206
p.F241I,1.000658784
p.F241L,1.024828563
p.F241K,0.254121381
p.F241M,1.020990622
p.F241P,0.742343572
p.F241S,1.062587086
p.F241X,-0.045066097
p.F241T,1.001343927
p.F241W,0.982243398
p.F241Y,0.267692391
p.F241V,0.88493392
p.F282F,0.918046336
p.F282A,-0.231576437
p.F282R,-0.203479062
p.F282N,0.069879796
p.F282D,-0.127550471
p.F282C,-0.111644003
p.F282Q,-0.141944918
p.F282E,-0.159111762
p.F282G,-0.146425019
p.F282H,0.59308531
p.F282I,0.563114658
p.F282L,0.429688204
p.F282K,-0.073892977
p.F282M,0.382863086
p.F282P,-0.150200242
p.F282S,-0.228893081
p.F282X,-0.212442223
p.F282T,-0.155173686
p.F282W,1.014138777
p.F282Y,1.035225348
p.F282V,0.722836125
p.F32F,0.934106848
p.F32A,1.020311338
p.F32R,1.042160133
p.F32N,0.981083466
p.F32D,0.882703803
p.F32C,0.999759257
p.F32Q,0.973575219
p.F32E,1.071745307
p.F32G,0.661029855
p.F32H,0.823207237
p.F32I,1.0901388
p.F32L,0.895836648
p.F32K,1.039516467
p.F32M,0.96167668
p.F32P,1.132122642
p.F32S,1.044460951
p.F32X,-0.106993152
p.F32T,0.665976937
p.F32W,1.061052452
p.F32Y,0.949693196
p.F32V,1.054749433
p.F344F,0.960111095
p.F344A,0.291882728
p.F344R,0.846642979
p.F344N,0.722083901
p.F344D,0.937048806
p.F344C,0.855910504
p.F344E,1.005664283
p.F344G,0.974287429
p.F344H,1.105588421
p.F344I,1.010550415
p.F344L,0.920808356
p.F344K,0.703520397
p.F344M,1.031494218
p.F344P,0.24757439
p.F344S,0.883571701
p.F344X,-0.058991902
p.F344T,0.839191817
p.F344W,0.897370557
p.F344Y,0.887381617
p.F344V,1.011414754
p.F383F,0.965741307
p.F383R,0.879576756
p.F383D,1.085847296
p.F383C,0.950949888
p.F383E,0.983307699
p.F383G,0.539154461
p.F383I,1.099292831
p.F383L,1.000503703
p.F383M,-0.128086355
p.F383X,0.046508072
p.F383T,0.898663929
p.F383W,0.799240582
p.F383Y,1.04000929
p.F383V,0.95840195
p.F402F,1.096103048
p.F402A,0.849717138
p.F402R,-0.159793819
p.F402N,-0.099858998
p.F402D,-0.129279115
p.F402C,0.086450674
p.F402Q,-0.059323868
p.F402G,0.998569091
p.F402I,0.550001143
p.F402L,1.014834924
p.F402K,0.56664876
p.F402M,0.976921758
p.F402P,-0.158392412
p.F402S,0.373768187
p.F402X,-0.075699391
p.F402W,0.956136691
p.F402Y,0.962590123
p.F403F,0.852854904
p.F403A,0.887234444
p.F403R,0.444859468
p.F403N,0.105364272
p.F403D,0.409233605
p.F403C,0.763290641
p.F403E,0.097508326
p.F403G,0.146127996
p.F403H,-0.168497077
p.F403I,0.992207997
p.F403L,1.030218104
p.F403K,-0.002196717
p.F403P,0.518594466
p.F403S,0.267621683
p.F403X,-0.113298998
p.F403T,0.721627559
p.F403W,1.040483573
p.F403Y,0.928461646
p.F403V,0.985007049
p.F512F,1.000918366
p.F512R,0.994778524
p.F512N,-0.108834022
p.F512C,1.169659272
p.F512Q,0.852230314
p.F512E,1.069468208
p.F512G,1.013716007
p.F512H,1.087611794
p.F512I,0.604753813
p.F512L,0.827440703
p.F512M,0.160422084
p.F512P,0.289099795
p.F512S,1.091396387
p.F512X,0.175292075
p.F512T,0.352723023
p.F512W,1.016335749
p.F512Y,0.997327163
p.F512V,1.24643964
p.F530F,1.072702896
p.F530A,0.863101218
p.F530N,0.155720589
p.F530D,1.036529086
p.F530C,0.62578779
p.F530Q,1.25273411
p.F530E,0.52346626
p.F530G,0.703975223
p.F530H,1.037988462
p.F530I,0.915137666
p.F530L,1.009012277
p.F530K,0.899734401
p.F530M,1.002646453
p.F530S,0.251891338
p.F530X,-0.013332153
p.F530T,0.927761175
p.F530W,1.00086473
p.F530Y,0.948312678
p.F530V,1.109272942
p.F609F,0.991678713
p.F609A,1.021121955
p.F609R,0.735775037
p.F609N,1.043053808
p.F609C,1.006389984
p.F609Q,1.097125114
p.F609E,0.981567171
p.F609G,0.982169416
p.F609H,1.018686031
p.F609I,0.853085017
p.F609L,1.021363737
p.F609K,1.12866782
p.F609M,1.031837686
p.F609P,0.918979433
p.F609S,0.899308483
p.F609X,0.078591772
p.F609T,0.953608424
p.F609W,0.959621861
p.F609Y,1.153158799
p.F609V,0.656491269
p.F614A,1.091802843
p.F614C,0.949992979
p.F614Q,0.093823832
p.F614E,0.83982015
p.F614G,0.958373643
p.F614I,0.866156018
p.F614L,0.761568416
p.F614P,0.083209619
p.F614S,1.031606304
p.F614T,1.007173048
p.F614W,0.970314027
p.F614Y,1.013161637
p.F614V,0.81519878
p.F619A,0.913469601
p.F619R,0.058449858
p.F619N,0.087583169
p.F619D,-0.0125041
p.F619C,0.783186244
p.F619E,-0.215087574
p.F619G,-0.196691471
p.F619H,-0.226104151
p.F619I,1.099107931
p.F619L,0.955608596
p.F619M,0.985823144
p.F619P,-0.042689267
p.F619S,0.111453373
p.F619X,-0.098637227
p.F619T,0.234070371
p.F619W,0.35428139
p.F619V,0.946380856
p.F629F,0.930340764
p.F629A,0.667241821
p.F629R,0.9217237
p.F629N,0.841010463
p.F629D,0.638067705
p.F629C,1.03963395
p.F629Q,0.900742754
p.F629E,0.957601623
p.F629G,1.04885969
p.F629H,-0.105370737
p.F629I,0.962778081
p.F629L,1.007671396
p.F629K,0.889646423
p.F629M,1.047807879
p.F629P,0.050357892
p.F629S,0.965506872
p.F629X,-0.112703825
p.F629T,0.621997745
p.F629W,0.913526632
p.F629Y,0.533553284
p.F629V,0.946015616
p.F655F,0.115124288
p.F655A,0.967553666
p.F655R,0.926052996
p.F655N,1.099212809
p.F655D,0.285058708
p.F655Q,1.020505011
p.F655G,0.946444759
p.F655I,0.243658362
p.F655L,0.967478216
p.F655M,0.517415439
p.F655P,-0.054151513
p.F655S,1.053913835
p.F655W,0.827549525
p.F655V,0.69663068
p.F694A,1.042120424
p.F694R,1.030136694
p.F694N,0.954579037
p.F694D,0.997201399
p.F694C,0.817784354
p.F694Q,1.184586428
p.F694E,1.100341992
p.F694G,1.06126079
p.F694H,0.881244988
p.F694I,1.038266136
p.F694L,0.996023328
p.F694K,1.030099489
p.F694M,1.045483523
p.F694P,0.829521128
p.F694S,0.917294909
p.F694X,-0.004822035
p.F694T,0.672921907
p.F694W,1.015994333
p.F694Y,0.98858247
p.F694V,1.101292153
p.F73F,0.967517682
p.F73A,1.02990446
p.F73R,0.97700317
p.F73N,0.989237989
p.F73D,0.977578228
p.F73C,0.99704783
p.F73Q,0.960046679
p.F73E,1.074227879
p.F73G,1.044371091
p.F73H,0.872777344
p.F73I,0.972639259
p.F73L,0.97235856
p.F73K,1.010210911
p.F73M,0.996529021
p.F73P,0.931927817
p.F73S,1.004692304
p.F73X,-0.031471771
p.F73T,1.072954508
p.F73W,1.143262785
p.F73Y,1.04002065
p.F73V,1.057721854
p.F801F,0.67489599
p.F801A,1.006148884
p.F801R,-0.207413665
p.F801N,1.024127612
p.F801D,0.371811266
p.F801C,1.061815121
p.F801Q,0.872113629
p.F801E,0.708279825
p.F801G,0.949425795
p.F801H,0.222780753
p.F801I,1.029481768
p.F801L,0.946560425
p.F801K,0.44375176
p.F801M,1.0196724
p.F801P,1.008758521
p.F801S,0.957524593
p.F801X,1.031796301
p.F801T,1.083863648
p.F801W,0.989877865
p.F801Y,1.002193261
p.F801V,0.985941327
p.F807F,0.800566101
p.F807R,1.107853353
p.F807N,0.919546334
p.F807D,1.006555467
p.F807C,0.858363352
p.F807Q,1.016695281
p.F807E,1.02350129
p.F807G,0.964280504
p.F807H,0.96074802
p.F807I,0.959941012
p.F807L,0.996218222
p.F807K,1.008212454
p.F807M,0.952040141
p.F807P,0.931363672
p.F807S,1.006532797
p.F807X,1.133477609
p.F807T,0.147801045
p.F807W,0.525817142
p.F807Y,0.41575936
p.F807V,0.982408126
p.F823A,0.715788917
p.F823R,1.073934534
p.F823N,1.080434147
p.F823D,1.064622325
p.F823C,1.007165494
p.F823Q,1.096987827
p.F823E,1.068094002
p.F823G,1.073339927
p.F823H,1.006299525
p.F823I,0.718972612
p.F823L,-0.239250837
p.F823K,1.095809572
p.F823M,1.069049418
p.F823P,1.091796094
p.F823S,1.104599319
p.F823X,1.087663246
p.F823T,1.072186519
p.F823W,1.067589504
p.F823Y,0.954234868
p.F823V,0.956629026
p.F86F,1.079490415
p.F86A,1.091610699
p.F86R,0.644252772
p.F86N,1.14339963
p.F86D,1.080979803
p.F86C,0.85788344
p.F86Q,0.744639771
p.F86E,0.771879808
p.F86G,0.960999934
p.F86H,0.965173616
p.F86I,1.087422133
p.F86L,1.032595344
p.F86K,0.542248647
p.F86M,0.978507784
p.F86P,0.703789779
p.F86S,0.976210796
p.F86X,-0.039350636
p.F86T,1.10659408
p.F86W,1.013640792
p.F86Y,1.151709876
p.F86V,1.060076122
p.P105P,0.973679153
p.P105A,1.042237816
p.P105R,0.982983764
p.P105N,0.965890395
p.P105D,1.043791647
p.P105C,1.066637981
p.P105Q,1.014332051
p.P105E,1.0700572
p.P105G,0.927632294
p.P105H,0.840014776
p.P105I,1.062743988
p.P105L,1.088912989
p.P105K,0.982897648
p.P105M,1.011071273
p.P105F,0.971659248
p.P105S,0.909556534
p.P105X,0.120925951
p.P105T,1.025364683
p.P105W,0.998304051
p.P105Y,0.937638619
p.P105V,0.844923719
p.P106P,0.929258053
p.P106A,1.050923479
p.P106R,1.04423538
p.P106N,-0.115219671
p.P106D,1.122136462
p.P106C,0.991076613
p.P106Q,1.103282094
p.P106E,0.992636666
p.P106G,0.655940907
p.P106H,1.019039318
p.P106I,1.095912486
p.P106L,1.010610801
p.P106K,1.019749637
p.P106M,0.95376592
p.P106F,1.050338906
p.P106S,1.012981159
p.P106X,0.011035901
p.P106T,0.977995719
p.P106W,1.077126492
p.P106Y,1.0251687
p.P106V,1.035228994
p.P144P,1.028604415
p.P144A,0.964556564
p.P144R,0.95612281
p.P144N,1.069062658
p.P144D,0.803715032
p.P144C,1.025698
p.P144Q,0.948670271
p.P144E,0.968804598
p.P144G,0.931537253
p.P144H,0.943425471
p.P144I,1.020730599
p.P144L,0.883787899
p.P144K,1.117381444
p.P144M,0.810804639
p.P144F,1.074207612
p.P144S,0.957795814
p.P144X,-0.039732696
p.P144T,1.03280827
p.P144W,1.0321377
p.P144Y,0.902080143
p.P144V,0.850925002
p.P150P,1.052177436
p.P150A,0.947676445
p.P150R,1.028312111
p.P150N,1.091436722
p.P150D,1.125894254
p.P150C,1.048390313
p.P150Q,1.009748401
p.P150E,0.880613156
p.P150G,1.129283713
p.P150H,0.263781748
p.P150I,1.069796936
p.P150L,0.884349131
p.P150K,1.008621266
p.P150M,1.104761986
p.P150F,0.993914593
p.P150S,1.007006903
p.P150X,-0.058163738
p.P150T,0.964491971
p.P150W,0.759152271
p.P150Y,1.193908459
p.P150V,1.051733636
p.P162P,0.921481614
p.P162A,1.086234702
p.P162R,1.01018037
p.P162N,0.8793107
p.P162D,0.548787458
p.P162C,0.990314787
p.P162Q,1.098339581
p.P162E,1.026325377
p.P162G,1.100200005
p.P162H,1.024214408
p.P162I,0.880325731
p.P162L,0.987457075
p.P162M,1.143030606
p.P162F,0.718605097
p.P162S,1.040103632
p.P162X,-0.068936748
p.P162T,0.95023041
p.P162W,0.991154782
p.P162Y,1.182461769
p.P162V,0.96826109
p.P171P,1.038416585
p.P171A,1.039144875
p.P171R,0.986483165
p.P171N,0.868645893
p.P171D,0.96960186
p.P171C,0.879348981
p.P171Q,0.833041811
p.P171E,0.966723883
p.P171G,0.973321657
p.P171H,1.044278394
p.P171I,0.983025084
p.P171L,1.06458465
p.P171K,1.110374377
p.P171M,1.0466679
p.P171F,0.982659529
p.P171S,1.057594856
p.P171X,-0.088619363
p.P171T,1.012070669
p.P171W,1.093175161
p.P171Y,0.97495631
p.P171V,0.937538126
p.P181P,1.10857587
p.P181A,0.922280023
p.P181R,1.027925721
p.P181N,0.987262249
p.P181D,0.887988819
p.P181C,1.025040263
p.P181Q,1.010015142
p.P181E,0.931229491
p.P181G,1.001010556
p.P181H,1.026580525
p.P181I,1.045893836
p.P181L,0.946356018
p.P181K,0.750301267
p.P181M,1.024960013
p.P181F,0.584088945
p.P181S,0.876251776
p.P181X,-0.121296493
p.P181T,1.004515739
p.P181W,1.103215388
p.P181Y,1.049943223
p.P181V,0.985091938
p.P196P,0.856960376
p.P196A,0.653865117
p.P196R,1.082214562
p.P196N,1.052013653
p.P196D,1.073682037
p.P196C,0.963078574
p.P196Q,1.033662542
p.P196E,0.071319604
p.P196G,1.026060896
p.P196H,0.964311514
p.P196I,1.019921446
p.P196L,0.963681645
p.P196K,0.720076368
p.P196M,1.064121143
p.P196F,1.046243779
p.P196S,1.03232496
p.P196X,-0.135178596
p.P196T,0.918944862
p.P196W,1.047830431
p.P196Y,1.007586905
p.P196V,0.8990204
p.P220P,1.008151729
p.P220A,1.030101595
p.P220R,0.852963419
p.P220N,0.894611956
p.P220D,0.444625686
p.P220C,1.09513152
p.P220Q,1.210569477
p.P220E,0.876989108
p.P220G,1.091869868
p.P220H,0.422913348
p.P220I,0.824837574
p.P220L,0.936708198
p.P220K,1.120444833
p.P220M,1.026796612
p.P220F,-0.243437929
p.P220S,0.982622892
p.P220X,-0.161457212
p.P220T,1.03594124
p.P220Y,1.100888836
p.P220V,1.066614159
p.P238P,0.992378053
p.P238A,1.056547217
p.P238R,1.016590639
p.P238N,0.938670104
p.P238D,0.962807938
p.P238C,1.112055829
p.P238Q,0.896441352
p.P238E,0.976906775
p.P238G,0.738723925
p.P238H,0.95612186
p.P238I,1.030220313
p.P238L,1.023458161
p.P238K,0.998492938
p.P238M,1.019820793
p.P238F,1.117927837
p.P238S,0.893696925
p.P238X,-0.07878595
p.P238T,0.872668406
p.P238W,1.030457078
p.P238Y,0.95600042
p.P238V,1.005088449
p.P279P,1.020084488
p.P279A,1.042856481
p.P279R,1.012447914
p.P279N,1.114436386
p.P279D,0.151283277
p.P279C,0.201415027
p.P279E,0.701731287
p.P279G,1.015599376
p.P279H,0.53446938
p.P279I,1.016802009
p.P279L,0.923702425
p.P279K,1.032156637
p.P279M,1.235540851
p.P279S,1.015214485
p.P279T,0.7214584
p.P279W,1.000450429
p.P279Y,1.07876118
p.P279V,0.961598504
p.P3P,0.870147733
p.P309P,0.954564842
p.P309A,0.966292934
p.P309R,1.030524599
p.P309N,0.691772318
p.P309D,1.104319326
p.P309C,0.928713025
p.P309E,0.752512941
p.P309G,1.050397109
p.P309H,0.976963454
p.P309I,0.916256136
p.P309L,0.810161476
p.P309K,1.027175217
p.P309M,1.033481098
p.P309F,0.788477777
p.P309S,0.862381268
p.P309X,0.286913471
p.P309T,0.961896472
p.P309W,0.926029135
p.P309Y,0.621184812
p.P309V,1.042194284
p.P341P,0.916212289
p.P341A,0.879177839
p.P341R,0.991712562
p.P341N,0.990070178
p.P341D,0.988761465
p.P341C,-0.070287331
p.P341Q,1.04600454
p.P341E,0.912814119
p.P341G,1.00427916
p.P341H,0.977337107
p.P341I,0.992196798
p.P341L,0.96776127
p.P341K,1.06738695
p.P341M,1.027654606
p.P341F,0.816822064
p.P341S,0.894107407
p.P341X,0.035726879
p.P341T,0.975893518
p.P341W,0.843586051
p.P341Y,0.914521311
p.P341V,0.994250333
p.P361P,1.00467409
p.P361A,0.964106729
p.P361R,1.017447302
p.P361N,0.859523147
p.P361D,0.411820292
p.P361C,0.855504724
p.P361Q,0.859287812
p.P361G,1.092014067
p.P361H,1.067203749
p.P361L,0.981008542
p.P361K,1.081961762
p.P361F,0.925332175
p.P361S,0.763019317
p.P361X,0.258968254
p.P361W,0.939431221
p.P361Y,0.97140683
p.P361V,0.974294952
p.P387P,1.199702679
p.P387A,0.930201211
p.P387R,0.887808245
p.P387C,1.069198792
p.P387E,0.917729532
p.P387H,1.007303872
p.P387L,1.077701894
p.P387S,1.069607333
p.P387X,0.205545199
p.P387W,0.207328842
p.P387V,1.066817
p.P3A,1.003235603
p.P3R,0.94206037
p.P3N,0.787903726
p.P3D,0.990286475
p.P3C,0.789340428
p.P3Q,1.086614346
p.P3E,1.075376671
p.P3G,0.979793776
p.P3H,0.813336418
p.P3I,0.381669767
p.P3L,1.061849031
p.P3K,0.963370742
p.P3M,0.454064582
p.P3F,0.972806434
p.P3S,0.936804696
p.P3X,-0.177818672
p.P3T,1.086556537
p.P3W,0.194942823
p.P3Y,0.999624457
p.P3V,1.001282664
p.P424R,0.727814891
p.P424N,1.008950066
p.P424E,1.015742558
p.P424G,1.038928531
p.P424L,-0.129279115
p.P424F,0.076838969
p.P424S,1.0825672
p.P424T,0.05151537
p.P424V,1.028184147
p.P476P,1.034533575
p.P476R,0.982612471
p.P476D,1.044602718
p.P476C,0.094689725
p.P476G,0.89704195
p.P476H,0.314807352
p.P476I,0.920898987
p.P476L,0.946681178
p.P476K,1.011055652
p.P476M,1.246140481
p.P476F,1.011450629
p.P476S,-0.105114941
p.P476X,0.091032939
p.P476T,0.964429408
p.P476W,0.947588796
p.P476Y,-0.087007717
p.P519P,0.952998351
p.P519A,0.053810967
p.P519R,-0.130644466
p.P519N,0.576927986
p.P519C,-0.084629034
p.P519Q,0.05980074
p.P519G,1.068424449
p.P519H,1.043277387
p.P519I,0.505712915
p.P519L,0.891606231
p.P519K,0.577941001
p.P519M,1.057216163
p.P519F,1.060137516
p.P519S,1.04511704
p.P519X,0.228490641
p.P519T,0.133378907
p.P519W,0.792652147
p.P519Y,0.956125041
p.P519V,0.485913412
p.P526P,0.969249568
p.P526A,1.05973283
p.P526R,0.611258567
p.P526N,1.017784551
p.P526D,1.001182526
p.P526C,0.687134277
p.P526Q,0.906761026
p.P526E,0.585087589
p.P526H,0.051078889
p.P526I,1.125735681
p.P526L,1.13409963
p.P526K,0.858396725
p.P526M,0.987976948
p.P526F,0.076093513
p.P526S,1.050601639
p.P526X,0.200194645
p.P526T,0.966084063
p.P526W,-0.068953875
p.P526Y,0.072208036
p.P526V,1.057464531
p.P539P,1.161931841
p.P539A,0.999902299
p.P539R,0.960785403
p.P539N,0.459696245
p.P539D,0.971968899
p.P539C,1.055146503
p.P539Q,0.922720012
p.P539E,0.789000769
p.P539G,0.937032501
p.P539H,1.14104112
p.P539I,0.377612227
p.P539L,0.991319352
p.P539K,-0.222586032
p.P539M,0.865279533
p.P539F,1.033424229
p.P539S,1.036272354
p.P539X,0.623065123
p.P539T,1.053102195
p.P539W,1.090220243
p.P539Y,1.037809073
p.P539V,1.158212731
p.P563P,0.984740427
p.P563A,0.982227782
p.P563R,0.335893814
p.P563N,0.093612216
p.P563C,1.06684444
p.P563Q,0.060538373
p.P563E,-0.034094245
p.P563G,0.447134607
p.P563H,-0.138855394
p.P563I,0.923107674
p.P563L,0.944794901
p.P563M,0.291486172
p.P563F,-0.056593613
p.P563S,0.867998057
p.P563X,-0.073743242
p.P563T,0.774029122
p.P563Y,-0.126596007
p.P563V,0.921199321
p.P608P,1.023510658
p.P608A,0.526823427
p.P608R,0.033618473
p.P608N,0.120082972
p.P608D,0.156131642
p.P608C,0.944005248
p.P608E,-0.041359449
p.P608G,0.9412109
p.P608H,0.111039096
p.P608I,0.622420767
p.P608L,0.566923608
p.P608K,-0.103277157
p.P608M,0.891191337
p.P608F,0.514717676
p.P608S,0.814362133
p.P608X,0.215322218
p.P608T,0.848506299
p.P608W,0.340927459
p.P608Y,0.116563385
p.P608V,0.892938932
p.P649P,0.940433068
p.P649A,0.915215301
p.P649R,0.574176912
p.P649N,0.811989175
p.P649C,1.00395743
p.P649Q,0.728732516
p.P649E,0.162710121
p.P649G,-0.096143583
p.P649H,-0.039044713
p.P649I,0.38938559
p.P649L,1.054965965
p.P649F,0.627331231
p.P649S,0.910522613
p.P649X,-0.032986292
p.P649T,0.924678486
p.P661P,0.791215105
p.P661A,0.961302302
p.P661R,0.938775331
p.P661D,1.093244493
p.P661C,-0.036929871
p.P661Q,0.938784687
p.P661G,0.167358904
p.P661H,0.733374898
p.P661I,0.060365806
p.P661L,0.911414019
p.P661K,1.04844429
p.P661S,1.042101934
p.P661X,0.057519384
p.P661T,0.126456343
p.P661Y,0.241317862
p.P661V,1.018045345
p.P683P,0.994156387
p.P683A,1.039541379
p.P683R,0.992735789
p.P683N,0.811418511
p.P683D,0.153650157
p.P683C,0.954176325
p.P683Q,1.019075169
p.P683E,0.684609199
p.P683G,1.038326726
p.P683H,1.028610266
p.P683I,0.951574307
p.P683L,0.984955099
p.P683K,0.964924454
p.P683M,0.878829278
p.P683F,0.743190985
p.P683S,1.004013981
p.P683X,-0.116540723
p.P683T,0.941642341
p.P683W,0.262080212
p.P683Y,0.564788304
p.P683V,0.997213398
p.P685P,0.98904488
p.P685A,1.010353422
p.P685R,1.027906564
p.P685N,1.056461096
p.P685D,1.038468832
p.P685C,0.988897379
p.P685Q,0.098609117
p.P685E,1.04246716
p.P685G,1.062271964
p.P685H,0.949728208
p.P685I,1.042208273
p.P685L,0.935228097
p.P685K,1.026442649
p.P685M,1.034301538
p.P685F,0.953971801
p.P685S,0.975034023
p.P685X,0.012095355
p.P685T,1.047161998
p.P685W,1.007691445
p.P685Y,1.051457889
p.P685V,1.011888913
p.P689P,1.046912875
p.P689A,0.882251267
p.P689R,1.011047337
p.P689N,1.034757026
p.P689D,0.98059697
p.P689C,0.98757872
p.P689Q,1.069510676
p.P689E,1.051069214
p.P689G,0.965685343
p.P689H,0.9160648
p.P689I,0.396190351
p.P689L,0.809839323
p.P689K,0.960823546
p.P689M,0.959128995
p.P689F,1.014738514
p.P689S,0.967756648
p.P689X,0.133791536
p.P689T,1.098519013
p.P689W,0.983974477
p.P689Y,1.047506756
p.P689V,0.997190409
p.P692P,0.954982622
p.P692A,0.936138509
p.P692R,1.067656654
p.P692N,1.045364312
p.P692C,1.118193516
p.P692E,0.892523195
p.P692G,0.674200774
p.P692H,1.102502211
p.P692I,0.82393861
p.P692L,0.989976588
p.P692M,1.029016094
p.P692F,0.893074035
p.P692S,0.966430421
p.P692X,0.422221522
p.P692T,0.864032875
p.P692W,1.040669348
p.P692Y,1.076986315
p.P692V,0.919528963
p.P699P,1.024748608
p.P699A,1.003620692
p.P699R,1.003998626
p.P699N,0.894976414
p.P699E,0.091249819
p.P699G,0.05850942
p.P699L,0.231767063
p.P699K,0.976976702
p.P699M,1.047626126
p.P699S,0.954513851
p.P699X,0.120587701
p.P699T,1.103414438
p.P699W,0.394301253
p.P699Y,1.107219514
p.P699V,1.025099023
p.P745P,1.025335107
p.P745A,0.940848464
p.P745R,0.985162863
p.P745N,0.690905242
p.P745D,1.02497812
p.P745C,0.987857414
p.P745Q,0.883114979
p.P745E,0.93012106
p.P745G,0.986786774
p.P745H,1.084319923
p.P745I,0.975960237
p.P745L,0.871821935
p.P745K,1.019374211
p.P745M,1.060633298
p.P745F,0.955347329
p.P745S,0.283599619
p.P745X,-0.057662403
p.P745T,1.021952687
p.P745W,1.033469979
p.P745Y,0.972627627
p.P745V,0.949240902
p.P747P,0.979623613
p.P747A,1.058439128
p.P747R,0.961742302
p.P747N,0.918429572
p.P747D,0.832420953
p.P747C,0.938487577
p.P747Q,1.018072945
p.P747E,1.0013342
p.P747G,0.999704751
p.P747H,1.02681658
p.P747I,1.057666752
p.P747L,0.592965338
p.P747K,0.994152317
p.P747M,0.816349742
p.P747F,0.882274119
p.P747S,0.981646998
p.P747X,-0.108400277
p.P747T,0.583933637
p.P747W,1.020021676
p.P747Y,1.0273975
p.P747V,0.937420483
p.P753P,0.818036688
p.P753A,0.824720271
p.P753R,0.953101299
p.P753N,0.942914932
p.P753D,1.059868307
p.P753C,1.009044424
p.P753Q,0.381734718
p.P753E,0.7833733
p.P753G,1.007156634
p.P753H,0.896894436
p.P753I,1.032633028
p.P753L,0.922118116
p.P753K,0.880961443
p.P753M,0.977966736
p.P753F,0.402178331
p.P753S,0.994574324
p.P753X,-0.065608005
p.P753T,0.982143496
p.P753W,0.784694822
p.P753Y,0.938257882
p.P753V,1.014710496
p.P757P,1.007854877
p.P757A,0.990097825
p.P757R,1.019685042
p.P757N,0.822582005
p.P757D,1.015836645
p.P757C,0.757409202
p.P757Q,0.978683062
p.P757E,0.99593782
p.P757G,0.356771318
p.P757H,0.949844627
p.P757I,0.872271938
p.P757L,0.978197787
p.P757K,0.946692445
p.P757M,1.02588086
p.P757F,0.975737984
p.P757S,0.959864182
p.P757X,-0.143962243
p.P757T,1.037385326
p.P757W,0.95145729
p.P757Y,1.010140347
p.P757V,1.024586473
p.P784P,1.042880126
p.P784A,1.026023393
p.P784R,1.020995771
p.P784D,0.853511946
p.P784C,0.057077785
p.P784Q,1.002811549
p.P784E,0.92892449
p.P784G,1.006659742
p.P784H,0.59255309
p.P784I,0.911087831
p.P784L,0.894922885
p.P784K,1.017689623
p.P784M,0.949472484
p.P784F,-0.232163556
p.P784S,0.888791006
p.P784X,-0.298790758
p.P784T,0.952893533
p.P784W,0.953146878
p.P784Y,1.005774746
p.P784V,0.991590263
p.P795P,0.976395964
p.P795A,0.973626937
p.P795R,0.963589781
p.P795N,0.758880216
p.P795D,1.005393002
p.P795C,0.978210564
p.P795Q,0.928310583
p.P795E,0.995669521
p.P795G,0.959036727
p.P795H,1.061310817
p.P795I,0.909438197
p.P795L,1.054334328
p.P795K,0.89001829
p.P795M,1.080726717
p.P795F,1.042457292
p.P795S,0.977274217
p.P795X,-0.126329106
p.P795T,0.168937201
p.P795Y,0.930213812
p.P795V,0.861395075
p.P826P,0.516302294
p.P826A,1.129937
p.P826R,1.03783819
p.P826N,1.030527984
p.P826D,0.826518243
p.P826C,1.04012643
p.P826Q,0.908118763
p.P826E,0.985741488
p.P826G,1.065068432
p.P826H,1.02395743
p.P826I,0.722333851
p.P826L,0.939273976
p.P826M,0.990677061
p.P826F,1.09887582
p.P826S,1.036928727
p.P826X,1.10868851
p.P826T,1.068640821
p.P826W,1.16849787
p.P826Y,0.729702199
p.P826V,1.05563659
p.P84P,1.072728804
p.P848P,0.961914185
p.P848A,0.981917522
p.P848R,1.050355078
p.P848N,0.446527937
p.P848D,1.032262216
p.P848C,0.969416016
p.P848Q,0.975089895
p.P848E,0.999793982
p.P848G,1.014707485
p.P848H,0.69290555
p.P848I,0.978680266
p.P848L,0.996973181
p.P848K,1.006205995
p.P848M,0.922765313
p.P848F,0.413026768
p.P848S,0.364904032
p.P848X,0.689456781
p.P848T,0.966714257
p.P848W,1.13554583
p.P848V,1.039311614
p.P84A,1.023141255
p.P84R,0.983694208
p.P84N,1.055251971
p.P84D,1.1301504
p.P84C,0.958553182
p.P84Q,1.040686908
p.P84E,1.015880327
p.P84G,0.967756442
p.P84H,1.11872905
p.P84I,1.072637227
p.P84L,0.94809923
p.P84K,-0.084304456
p.P84F,0.529939936
p.P84S,1.060123133
p.P84X,0.013707662
p.P84T,0.883298328
p.P84W,0.30731169
p.P84Y,0.920447097
p.P84V,1.00858567
p.S110S,1.007292912
p.S110A,0.972592612
p.S110R,0.984525338
p.S110N,1.011632558
p.S110D,0.804459492
p.S110C,0.986241868
p.S110Q,1.093391002
p.S110E,1.071470562
p.S110G,1.098037149
p.S110H,0.914922751
p.S110I,1.011095971
p.S110L,1.029095061
p.S110K,1.149831809
p.S110M,1.11578154
p.S110F,1.022237487
p.S110P,0.236697704
p.S110X,-0.070854195
p.S110T,0.837633172
p.S110W,0.976928938
p.S110Y,1.024017427
p.S110V,1.014332647
p.S123S,1.027659345
p.S123A,0.287968403
p.S123R,1.066630995
p.S123N,0.662394953
p.S123D,0.905564336
p.S123C,0.983519259
p.S123G,0.710427195
p.S123H,0.664088318
p.S123I,0.949276911
p.S123L,0.997677795
p.S123K,1.152388802
p.S123M,1.053792233
p.S123F,0.98811997
p.S123P,1.114228353
p.S123X,0.028226959
p.S123T,0.899521238
p.S123W,0.964037284
p.S123Y,1.007756207
p.S123V,1.013842597
p.S130S,1.014570716
p.S130A,1.003665354
p.S130R,0.969643647
p.S130N,1.286029308
p.S130D,0.976798794
p.S130C,0.953716772
p.S130Q,1.015423464
p.S130E,0.993503707
p.S130G,0.989095176
p.S130H,1.100895554
p.S130I,0.916951581
p.S130L,0.920584517
p.S130K,0.987854333
p.S130M,1.047731581
p.S130F,0.976089525
p.S130P,1.093123732
p.S130X,-0.003119998
p.S130T,0.979059796
p.S130W,0.941665908
p.S130Y,0.942990164
p.S130V,0.97946753
p.S138S,1.015362167
p.S138A,1.119591085
p.S138R,1.020143623
p.S138N,0.946584106
p.S138D,1.055764573
p.S138C,1.032071402
p.S138Q,1.053311373
p.S138E,1.23541492
p.S138G,1.027200359
p.S138H,1.058027514
p.S138I,0.91863296
p.S138L,1.036319233
p.S138K,0.962151462
p.S138M,0.960786247
p.S138F,1.061517467
p.S138P,1.078894192
p.S138X,-0.122101769
p.S138T,0.914271968
p.S138W,0.913084661
p.S138Y,1.050193534
p.S138V,0.67428139
p.S142S,0.673424306
p.S142A,1.030720889
p.S142R,1.082585031
p.S142N,1.02364541
p.S142D,0.930109051
p.S142C,0.897663725
p.S142Q,1.016752736
p.S142E,0.962341489
p.S142G,1.036830569
p.S142H,0.887191381
p.S142I,1.114939579
p.S142L,1.040990484
p.S142K,1.025993082
p.S142M,1.104244915
p.S142F,1.038462458
p.S142P,0.946219642
p.S142X,-0.102964426
p.S142T,1.010849535
p.S142W,0.959271969
p.S142Y,1.16402629
p.S142V,1.099231124
p.S152S,1.079413398
p.S152A,0.882552137
p.S152R,0.997859288
p.S152N,0.835123148
p.S152D,0.970129528
p.S152C,0.932498378
p.S152Q,1.065256356
p.S152E,1.078531302
p.S152G,1.014451889
p.S152I,0.970771119
p.S152L,0.996432905
p.S152K,1.079856538
p.S152M,0.99455129
p.S152F,1.054651252
p.S152P,1.178003455
p.S152X,-0.062090192
p.S152T,0.820400008
p.S152W,0.95412796
p.S152Y,0.953168736
p.S152V,0.931119072
p.S157S,1.013642358
p.S157A,1.044037115
p.S157R,1.038604645
p.S157N,1.078450191
p.S157D,0.921808868
p.S157C,0.737917726
p.S157E,0.973052146
p.S157G,1.071664889
p.S157H,1.135145125
p.S157I,1.094737805
p.S157L,0.905893964
p.S157K,1.111910165
p.S157M,0.93506609
p.S157F,1.043922343
p.S157P,1.025442093
p.S157X,-0.017106068
p.S157T,1.034632796
p.S157W,1.09915341
p.S157Y,1.063249969
p.S157V,1.095072697
p.S158S,0.971854595
p.S158A,0.74300846
p.S158R,1.028847916
p.S158N,1.122054282
p.S158D,0.920895073
p.S158C,0.964950087
p.S158Q,1.059037511
p.S158E,0.60661055
p.S158G,1.030581431
p.S158H,0.78660429
p.S158I,0.943640832
p.S158L,0.906528826
p.S158K,0.990019045
p.S158M,0.8819542
p.S158F,0.923229577
p.S158P,1.013920967
p.S158X,-0.199011728
p.S158T,1.02236269
p.S158W,0.980583547
p.S158Y,1.051281373
p.S158V,1.096886099
p.S177S,1.084085217
p.S177A,1.061220566
p.S177R,1.072329672
p.S177N,1.081754978
p.S177D,1.056800424
p.S177C,1.001957448
p.S177Q,1.01654329
p.S177E,0.972193663
p.S177G,0.789819656
p.S177H,1.100374616
p.S177I,0.977034985
p.S177L,1.075698569
p.S177K,1.102707976
p.S177M,1.072765385
p.S177F,1.085064785
p.S177P,1.103606244
p.S177X,-0.110245849
p.S177T,0.978388667
p.S177W,1.001848073
p.S177Y,1.125139134
p.S177V,1.004977773
p.S194S,0.997834506
p.S194A,1.07653753
p.S194R,1.082938147
p.S194N,-0.064859351
p.S194D,1.04107536
p.S194C,1.128372193
p.S194Q,1.059833564
p.S194E,1.01575186
p.S194G,0.967157462
p.S194I,1.025011519
p.S194L,0.991129957
p.S194K,1.025453638
p.S194M,1.085942973
p.S194F,0.807017646
p.S194X,0.080858764
p.S194T,0.969497492
p.S194W,1.027881852
p.S194Y,0.911607705
p.S194V,1.051227564
p.S195S,1.025732589
p.S195A,0.925072383
p.S195R,0.928279069
p.S195N,1.00970043
p.S195D,0.276433158
p.S195C,0.988794604
p.S195G,0.942948321
p.S195I,-0.286995947
p.S195L,1.034842787
p.S195K,0.8938722
p.S195M,1.006614095
p.S195F,0.983265535
p.S195P,1.165226061
p.S195X,0.050501507
p.S195T,0.970165336
p.S195W,1.002832693
p.S195Y,0.970152456
p.S195V,-0.237707625
p.S198S,0.84247665
p.S198A,0.979584147
p.S198R,0.794802488
p.S198N,0.522115644
p.S198D,1.067443984
p.S198C,1.032116401
p.S198Q,0.91863794
p.S198E,1.00962661
p.S198G,0.236778849
p.S198H,1.120766635
p.S198I,1.025544503
p.S198L,0.988645679
p.S198K,1.062767267
p.S198F,1.00642674
p.S198P,0.306078462
p.S198X,-0.112945893
p.S198T,1.033279031
p.S198W,0.958357231
p.S198Y,0.535018491
p.S198V,0.984852093
p.S206S,-0.096457448
p.S206A,0.720267187
p.S206R,1.101102144
p.S206N,-0.112786974
p.S206D,0.97659938
p.S206C,0.890709146
p.S206G,1.039351013
p.S206I,0.690021889
p.S206L,0.91117391
p.S206F,0.962321148
p.S206X,-0.073017557
p.S206T,-0.086048283
p.S206Y,0.688859649
p.S206V,1.024116942
p.S212S,0.991710151
p.S212A,1.014114685
p.S212R,0.933307387
p.S212N,1.044960075
p.S212D,0.937753987
p.S212C,1.171167153
p.S212E,0.994626021
p.S212I,0.937485207
p.S212L,0.992778922
p.S212M,0.983601877
p.S212F,1.047257857
p.S212P,-0.139676826
p.S212X,-0.114065443
p.S212T,1.111329764
p.S212W,0.615990238
p.S212Y,0.720698145
p.S212V,1.033516602
p.S213S,1.066925442
p.S213D,1.037076442
p.S213C,0.88667165
p.S213G,-0.038649884
p.S213I,0.586268815
p.S213K,0.968229294
p.S213F,1.094058599
p.S213T,0.249596071
p.S213W,0.028865354
p.S213Y,0.916209835
p.S213V,1.15692346
p.S226S,0.930517753
p.S226A,1.024661017
p.S226R,1.031888439
p.S226N,1.045256963
p.S226D,1.016550056
p.S226C,1.031653221
p.S226Q,0.243048232
p.S226E,0.740490374
p.S226G,0.819371192
p.S226H,0.933752942
p.S226I,0.867451462
p.S226L,0.925702696
p.S226K,0.770081766
p.S226M,0.267959112
p.S226F,1.058190158
p.S226P,0.975696425
p.S226X,-0.096421959
p.S226T,1.040080882
p.S226Y,1.05448896
p.S226V,1.019133341
p.S244S,1.023212872
p.S244A,0.920357417
p.S244R,0.898063864
p.S244N,0.896762819
p.S244D,1.058365992
p.S244C,0.595926384
p.S244Q,1.089465315
p.S244E,1.029123763
p.S244G,0.99633695
p.S244I,0.934932936
p.S244L,0.989853394
p.S244M,-0.19943401
p.S244F,0.999649616
p.S244P,0.952714199
p.S244X,-0.121894918
p.S244T,0.606846452
p.S244W,1.074512571
p.S244Y,0.901635349
p.S244V,0.808422721
p.S252S,0.943142262
p.S252A,1.077228856
p.S252R,1.016086905
p.S252N,-0.256984794
p.S252D,0.997460847
p.S252C,0.818488898
p.S252Q,0.616914112
p.S252E,0.866431999
p.S252G,0.937434842
p.S252H,1.011888142
p.S252I,1.024594715
p.S252L,0.552647221
p.S252K,1.001905075
p.S252F,0.811495957
p.S252P,0.998041029
p.S252X,-0.100275979
p.S252T,0.713731175
p.S252W,0.996682726
p.S252Y,0.859781927
p.S252V,1.012462164
p.S265S,0.640523068
p.S265A,1.034688626
p.S265R,0.99851978
p.S265N,0.994736092
p.S265D,1.052802787
p.S265C,1.071813787
p.S265Q,1.088779374
p.S265E,1.04700049
p.S265G,1.070841847
p.S265H,1.004786249
p.S265I,0.964288045
p.S265L,1.03921456
p.S265K,1.026684271
p.S265M,1.0708956
p.S265F,1.022365269
p.S265P,1.089814588
p.S265X,-0.075730786
p.S265T,0.787303999
p.S265W,1.004123105
p.S265Y,1.145602608
p.S265V,1.0693352
p.S286S,0.997141779
p.S286A,0.823954515
p.S286R,-0.146063665
p.S286N,0.941292543
p.S286D,1.037098762
p.S286C,-0.069963541
p.S286Q,0.844484439
p.S286E,0.968746252
p.S286G,0.996052804
p.S286H,0.775813598
p.S286I,0.029660341
p.S286L,0.555322883
p.S286K,-0.060859959
p.S286M,0.854661042
p.S286F,0.567359778
p.S286P,0.003322447
p.S286X,0.044619562
p.S286T,0.932526276
p.S286W,0.701765181
p.S286Y,0.443139385
p.S286V,0.749752262
p.S306S,0.943669878
p.S306A,0.732014414
p.S306R,-0.116226391
p.S306N,0.685277804
p.S306D,0.876091695
p.S306C,-0.036760382
p.S306Q,0.59563726
p.S306E,0.912086956
p.S306G,0.990570965
p.S306H,0.49072246
p.S306I,-0.187403577
p.S306L,-0.003718684
p.S306K,-0.256934378
p.S306M,0.887943311
p.S306F,-0.270543531
p.S306P,-0.018191428
p.S306X,-0.090066288
p.S306T,0.989040184
p.S306W,0.326026146
p.S306Y,0.034565438
p.S306V,0.001240408
p.S326S,0.880633003
p.S326A,1.004259501
p.S326R,0.908686624
p.S326N,0.894884257
p.S326D,1.0828846
p.S326C,-0.126105652
p.S326Q,1.272997237
p.S326E,0.939719545
p.S326G,0.995739616
p.S326H,0.942771659
p.S326I,0.927032092
p.S326L,0.993331977
p.S326M,0.057016217
p.S326F,0.876699612
p.S326P,0.939401202
p.S326X,-0.052221785
p.S326T,0.914305065
p.S326W,1.01318415
p.S326Y,0.501233092
p.S326V,0.893837674
p.S365S,0.995592137
p.S365A,1.041133378
p.S365R,1.007689274
p.S365N,0.730787542
p.S365D,0.94478941
p.S365C,0.974154366
p.S365E,1.091500903
p.S365G,1.018010914
p.S365I,0.995301399
p.S365L,1.002801353
p.S365K,0.268844839
p.S365M,1.054482784
p.S365F,0.957007497
p.S365X,0.128758643
p.S365T,0.964368232
p.S365W,1.157965313
p.S365Y,0.182671166
p.S365V,1.017217674
p.S397S,0.915783047
p.S397R,0.970070027
p.S397D,0.073392678
p.S397C,1.086894318
p.S397E,1.068851898
p.S397H,-0.099913106
p.S397I,1.139892118
p.S397L,1.027806138
p.S397M,1.105009003
p.S397F,1.116443095
p.S397X,0.124132852
p.S397W,1.029991206
p.S397V,0.933221458
p.S41S,0.990573275
p.S417S,0.936986525
p.S417R,1.031644387
p.S417N,1.146531682
p.S417C,0.373970639
p.S417E,0.795892026
p.S417G,1.01521055
p.S417H,0.942324983
p.S417I,0.98993916
p.S417L,1.049107815
p.S417M,1.257184608
p.S417X,0.098693611
p.S417T,0.944729738
p.S417V,1.018682581
p.S41A,1.063933709
p.S41R,0.898422346
p.S41N,0.973186664
p.S41D,1.140269873
p.S41C,1.069555629
p.S41Q,1.026306181
p.S41E,1.070383734
p.S41G,1.07270775
p.S41H,0.763697777
p.S41I,1.126920923
p.S41L,1.030456881
p.S41K,0.91929239
p.S41M,1.191604247
p.S41F,0.959392724
p.S41P,0.968077634
p.S41X,-0.095183168
p.S41T,0.916326508
p.S41W,1.036544129
p.S41Y,1.032198575
p.S41V,1.024835853
p.S421S,0.94281917
p.S421A,0.995340634
p.S421R,1.053754077
p.S421N,1.02554723
p.S421D,0.834041845
p.S421Q,0.210049185
p.S421G,0.978100934
p.S421H,0.086111631
p.S421I,0.133030271
p.S421L,0.911639436
p.S421K,1.162652859
p.S421M,1.184829919
p.S421F,1.013588074
p.S421P,0.969086933
p.S421X,0.770642736
p.S421W,0.922716572
p.S421Y,1.118247837
p.S421V,0.959496861
p.S438S,0.798500398
p.S438A,0.579918256
p.S438R,1.183341718
p.S438N,1.098271855
p.S438D,1.051353302
p.S438Q,0.946484301
p.S438E,0.903738267
p.S438G,1.077200657
p.S438I,0.740078833
p.S438L,0.835808501
p.S438K,0.99318546
p.S438M,0.586198861
p.S438F,1.018323075
p.S438X,0.138836549
p.S438T,0.576392585
p.S438W,1.024779797
p.S438V,-0.177185767
p.S444S,0.771532765
p.S444A,0.029187581
p.S444R,0.818457346
p.S444Q,0.206784974
p.S444G,0.949546251
p.S444H,0.104930449
p.S444P,0.702402369
p.S444X,-0.115844201
p.S444T,1.103179077
p.S444W,1.105447416
p.S444Y,0.97194971
p.S444V,1.023735792
p.S447S,1.059061239
p.S447A,0.042314969
p.S447N,0.67441937
p.S447D,1.076703471
p.S447Q,0.995680707
p.S447E,0.513741405
p.S447I,1.016118948
p.S447K,0.941453326
p.S447M,0.921599017
p.S447F,1.068850419
p.S447P,1.031643603
p.S447T,0.943315354
p.S447W,1.053832484
p.S447Y,1.171810582
p.S447V,0.782239303
p.S453S,0.440400178
p.S453A,0.375196757
p.S453R,1.024258983
p.S453N,0.972377828
p.S453D,1.067423001
p.S453C,0.320524948
p.S453Q,1.027769289
p.S453E,0.476224017
p.S453G,0.641998189
p.S453H,0.195822644
p.S453I,1.067798389
p.S453L,1.044541651
p.S453K,1.209538833
p.S453M,-0.07624601
p.S453F,0.881972627
p.S453P,0.303178792
p.S453X,0.354590587
p.S453T,0.84176323
p.S453W,0.931268567
p.S453Y,1.149572119
p.S453V,1.12762358
p.S463S,0.972261873
p.S463R,1.099175815
p.S463G,1.077410667
p.S463L,0.955814763
p.S463K,0.895778829
p.S463F,1.057890002
p.S463P,0.041166258
p.S463X,0.735736878
p.S463W,0.639317013
p.S463Y,1.044730457
p.S464S,1.054402958
p.S464R,1.055945663
p.S464N,0.74774507
p.S464D,0.632079254
p.S464C,1.009950575
p.S464Q,1.035910116
p.S464I,0.990094398
p.S464L,1.053526747
p.S464K,1.362406842
p.S464M,-0.245849552
p.S464F,0.241964049
p.S464T,-0.068431721
p.S464W,1.19243723
p.S464Y,0.960207114
p.S470R,-0.042906673
p.S470N,0.187456148
p.S470D,0.797063743
p.S470C,0.71666071
p.S470Q,0.995082966
p.S470G,1.020094533
p.S470I,1.063009626
p.S470T,0.700709325
p.S470W,0.838674507
p.S470V,1.045988747
p.S486S,0.894466389
p.S486A,1.107779921
p.S486N,1.026400771
p.S486D,0.348600089
p.S486C,1.010116577
p.S486G,0.957388364
p.S486H,-0.007372508
p.S486I,1.265323314
p.S486L,1.063126364
p.S486K,1.061914253
p.S486M,0.915645974
p.S486F,1.051779886
p.S486P,0.312735453
p.S486X,0.027138762
p.S486Y,0.011094198
p.S486V,0.299468333
p.S49S,0.829087399
p.S493S,0.585758737
p.S493R,0.925767797
p.S493N,0.723934336
p.S493D,0.946345818
p.S493I,0.190241412
p.S493L,0.258178015
p.S493M,0.845174736
p.S493F,0.997697084
p.S493X,0.78093684
p.S493T,-0.297405881
p.S493Y,0.797181896
p.S493V,0.398818497
p.S499S,0.989284007
p.S499A,1.007452335
p.S499R,1.058925138
p.S499N,0.987905064
p.S499D,1.079275165
p.S499C,0.91605243
p.S499Q,1.072192214
p.S499E,-0.162670878
p.S499H,1.003236311
p.S499I,0.21785054
p.S499L,1.024829448
p.S499K,0.033578668
p.S499M,0.975453987
p.S499F,0.971007332
p.S499P,0.692016575
p.S499X,-0.043727489
p.S499T,0.215161117
p.S499Y,0.808924219
p.S499V,0.383241501
p.S49A,0.979105496
p.S49R,1.144548492
p.S49N,0.940692302
p.S49D,0.910290496
p.S49C,0.820266531
p.S49Q,0.984990787
p.S49G,0.952133636
p.S49H,1.100046552
p.S49I,0.851191405
p.S49L,0.96371237
p.S49K,0.880359486
p.S49M,0.906121599
p.S49F,0.898838653
p.S49P,0.952215659
p.S49X,0.233911642
p.S49T,0.416865765
p.S49W,0.874649905
p.S49Y,1.0789542
p.S49V,0.926193443
p.S517S,1.102125706
p.S517A,0.861186638
p.S517R,1.038516849
p.S517N,1.089590848
p.S517D,0.49054327
p.S517C,1.079081474
p.S517Q,1.060269717
p.S517E,0.861594779
p.S517G,1.187662947
p.S517H,1.03401039
p.S517I,0.925727723
p.S517L,0.973192901
p.S517K,1.055765422
p.S517M,0.435143477
p.S517F,0.584801271
p.S517P,0.839409543
p.S517X,-0.042945931
p.S517T,1.046506542
p.S517W,1.006035977
p.S517Y,1.104715335
p.S517V,0.928286035
p.S554S,0.794121753
p.S554A,0.794120656
p.S554R,1.07626765
p.S554N,1.083241107
p.S554D,0.408835817
p.S554C,1.136883517
p.S554E,1.040851515
p.S554G,0.554536215
p.S554I,1.002797286
p.S554L,1.007856481
p.S554K,0.639867415
p.S554M,1.303059532
p.S554F,0.87178107
p.S554P,1.025279211
p.S554X,-0.018820687
p.S554T,0.555523231
p.S554W,1.057151449
p.S554Y,1.203618013
p.S554V,0.954093183
p.S56S,0.952048463
p.S56A,0.915430147
p.S56R,1.053589975
p.S56N,0.998767356
p.S56D,1.050926287
p.S56C,1.038918071
p.S56Q,0.90311902
p.S56E,0.382697248
p.S56G,0.680103338
p.S56H,0.200980654
p.S56I,1.036971245
p.S56L,1.119871363
p.S56K,0.842746715
p.S56M,0.934330728
p.S56F,1.043320698
p.S56P,1.031271665
p.S56X,-0.093453927
p.S56T,1.026582708
p.S56W,1.008073333
p.S56Y,1.032043109
p.S56V,0.939479328
p.S572S,1.072571338
p.S572R,1.038373027
p.S572N,0.984646494
p.S572D,-0.11929743
p.S572C,0.979824526
p.S572Q,0.022247313
p.S572E,1.01671436
p.S572G,0.998038164
p.S572I,0.671094191
p.S572L,0.985824777
p.S572K,0.875891913
p.S572M,0.987425981
p.S572F,1.04879222
p.S572T,0.813287159
p.S572W,0.937974188
p.S572Y,1.005370814
p.S572V,0.951112579
p.S580S,0.955605671
p.S580A,0.95363204
p.S580R,1.008394574
p.S580N,0.982834552
p.S580C,0.956164393
p.S580Q,1.078239216
p.S580E,0.843476902
p.S580G,0.997620122
p.S580H,0.802860308
p.S580I,1.037469658
p.S580L,0.959045335
p.S580K,1.007988621
p.S580M,0.91358766
p.S580F,0.98685253
p.S580W,0.979649467
p.S580Y,1.227326151
p.S580V,1.018818149
p.S584S,1.079717257
p.S584A,1.021799238
p.S584R,0.963924415
p.S584D,0.833911837
p.S584C,1.008994031
p.S584Q,0.529052613
p.S584G,0.979934989
p.S584H,1.018927474
p.S584L,0.695830798
p.S584M,0.900267354
p.S584F,1.013821223
p.S584X,-0.070790738
p.S584T,1.05753595
p.S584W,1.014665133
p.S584Y,1.098642606
p.S586S,1.006204914
p.S586A,1.077625611
p.S586R,1.012541743
p.S586C,0.977199115
p.S586Q,0.957887209
p.S586G,0.731417948
p.S586H,1.024258728
p.S586L,0.942415038
p.S586P,-0.083603662
p.S586X,-0.001024523
p.S586T,1.03133947
p.S586W,0.081109576
p.S586V,1.014327495
p.S587S,0.837666966
p.S587A,1.07686191
p.S587R,1.026335561
p.S587N,1.066226707
p.S587D,-0.016432678
p.S587G,0.502063028
p.S587H,1.156164888
p.S587L,0.951398724
p.S587M,1.068421672
p.S587F,0.870159506
p.S587P,0.069373743
p.S587X,-0.113158351
p.S587T,1.036582224
p.S587Y,-0.109444003
p.S587V,0.778609715
p.S59S,0.977386611
p.S59A,1.098103108
p.S59R,1.024870397
p.S59D,0.95310977
p.S59C,1.13351919
p.S59Q,0.842645684
p.S59E,1.067055454
p.S59G,0.938693736
p.S59H,1.059384067
p.S59I,0.944161151
p.S59L,1.003410899
p.S59K,0.979367492
p.S59M,1.109422616
p.S59F,0.993115372
p.S59P,1.006053732
p.S59X,-0.135431419
p.S59T,1.019152811
p.S59W,0.046407738
p.S59Y,1.048389864
p.S59V,0.952261973
p.S610S,0.931317698
p.S610A,1.039744296
p.S610R,0.858914345
p.S610N,0.769031213
p.S610D,0.976127121
p.S610C,0.865163682
p.S610E,0.939037342
p.S610G,0.913564859
p.S610H,0.042970896
p.S610I,0.0092189
p.S610L,0.05372389
p.S610K,0.174579974
p.S610M,0.898979453
p.S610F,0.123753672
p.S610P,-0.090643892
p.S610X,-0.003453879
p.S610T,0.96990829
p.S610W,-0.08700076
p.S610Y,-0.045632448
p.S610V,-0.00966177
p.S630S,0.979592836
p.S630A,1.045288316
p.S630R,0.998382918
p.S630N,-0.106121051
p.S630D,0.903073804
p.S630C,0.925492308
p.S630Q,0.976075268
p.S630E,0.933985526
p.S630G,0.922043127
p.S630I,0.990536553
p.S630L,1.036590488
p.S630K,0.458457131
p.S630F,0.983468253
p.S630P,0.320685489
p.S630X,-0.152739281
p.S630T,0.967176045
p.S630W,1.053104889
p.S630Y,0.904203272
p.S630V,0.756797822
p.S637S,0.991025982
p.S637A,0.994104679
p.S637R,1.0245875
p.S637N,0.776453731
p.S637D,0.727323641
p.S637C,0.905932757
p.S637Q,0.908716198
p.S637E,1.048535679
p.S637G,1.028209485
p.S637H,1.03954196
p.S637I,0.98587453
p.S637L,0.775030991
p.S637K,1.046030618
p.S637M,0.580499207
p.S637F,0.951253462
p.S637P,0.985593527
p.S637X,-0.013562436
p.S637T,1.072507846
p.S637W,0.96581123
p.S637Y,1.026530201
p.S637V,0.996522817
p.S648S,1.045056451
p.S648A,0.974766259
p.S648R,0.988798998
p.S648N,1.069990594
p.S648D,0.971769491
p.S648C,1.021223043
p.S648Q,0.980479523
p.S648E,1.006748762
p.S648G,0.944098143
p.S648H,1.016694237
p.S648I,1.0218641
p.S648L,0.789232139
p.S648K,1.005582653
p.S648M,1.008923273
p.S648F,1.002158599
p.S648P,0.975646141
p.S648X,-0.07494376
p.S648T,0.981568939
p.S648W,1.043842717
p.S648Y,1.122373794
p.S648V,1.045121179
p.S65S,0.908394043
p.S65A,0.978951557
p.S65R,0.964096537
p.S65N,1.050998448
p.S65D,0.956115841
p.S65C,0.91989676
p.S65Q,1.063028116
p.S65E,0.681303721
p.S65G,0.809313376
p.S65H,1.033138027
p.S65I,0.984231238
p.S65L,1.00460603
p.S65K,1.020180588
p.S65M,0.964722598
p.S65F,1.056459411
p.S65P,1.03551642
p.S65X,-0.050492378
p.S65T,1.039569612
p.S65W,1.046482677
p.S65Y,1.149611772
p.S65V,0.986660764
p.S673S,0.754061632
p.S673A,1.000268228
p.S673R,0.996019105
p.S673N,0.995729505
p.S673D,0.950069192
p.S673C,1.005930754
p.S673Q,0.999013501
p.S673E,1.132024266
p.S673G,0.999876431
p.S673I,1.033575249
p.S673L,0.954412182
p.S673K,0.943770405
p.S673M,0.981118567
p.S673F,0.920261939
p.S673P,0.326905222
p.S673X,-0.082483477
p.S673T,1.000105201
p.S673W,0.893196678
p.S673Y,0.952450556
p.S673V,1.014557543
p.S691S,0.965135863
p.S691A,0.991816626
p.S691R,1.087685291
p.S691N,1.042436247
p.S691D,1.061653557
p.S691C,1.127835308
p.S691Q,1.009429052
p.S691E,1.017090666
p.S691G,1.028293887
p.S691H,1.041305189
p.S691I,1.045271945
p.S691L,0.956726734
p.S691K,1.025426584
p.S691M,1.092840243
p.S691F,1.031773848
p.S691P,1.028343728
p.S691X,0.100087526
p.S691T,1.091411976
p.S691W,1.056502305
p.S691Y,0.904123208
p.S691V,0.967685894
p.S70S,1.017921361
p.S70A,0.935063045
p.S70R,0.948404661
p.S70N,0.91664648
p.S70D,0.958811536
p.S70C,0.681736433
p.S70Q,1.274058777
p.S70E,0.99944011
p.S70H,1.045806073
p.S70I,1.004764076
p.S70L,0.988788904
p.S70K,1.053734768
p.S70M,0.948050919
p.S70F,0.966059416
p.S70P,0.960982703
p.S70X,0.137393839
p.S70T,1.007514296
p.S70W,1.172321804
p.S70Y,1.037286513
p.S70V,0.862874973
p.S725S,0.448557918
p.S725A,1.018753891
p.S725R,1.000972563
p.S725D,0.934185092
p.S725C,0.994266364
p.S725Q,0.943405193
p.S725E,0.993952919
p.S725G,0.98429422
p.S725H,0.992654825
p.S725I,1.042700885
p.S725L,1.02089692
p.S725F,0.916314259
p.S725P,0.992431793
p.S725X,-0.229973795
p.S725T,1.025184263
p.S725W,0.842928176
p.S725Y,1.131035161
p.S725V,1.028180389
p.S732S,1.002959946
p.S732A,0.899827476
p.S732R,0.997758966
p.S732N,0.975045038
p.S732D,1.080237221
p.S732C,0.973360161
p.S732Q,0.967320312
p.S732E,1.007447219
p.S732G,1.049239647
p.S732I,0.955186612
p.S732L,1.033704658
p.S732K,1.005008132
p.S732M,0.957826554
p.S732F,1.085985191
p.S732P,1.087683156
p.S732X,-0.218114754
p.S732T,0.947386804
p.S732W,1.032839579
p.S732Y,1.025161321
p.S732V,1.012348603
p.S733S,1.009147855
p.S733A,0.977017835
p.S733R,0.929435497
p.S733N,0.903632888
p.S733D,1.042421171
p.S733C,1.035087866
p.S733Q,0.991419745
p.S733E,0.993553286
p.S733G,0.920467864
p.S733H,0.945217637
p.S733I,1.002595489
p.S733L,0.957162549
p.S733K,0.715014033
p.S733M,0.938619905
p.S733F,1.015939361
p.S733P,0.801433111
p.S733X,-0.1573342
p.S733T,1.017542505
p.S733W,1.010084791
p.S733Y,0.927036888
p.S733V,0.987283446
p.S74S,0.99176034
p.S74A,0.920930503
p.S74R,1.017262041
p.S74N,1.045267828
p.S74D,0.937061975
p.S74C,0.844799204
p.S74Q,0.821489104
p.S74E,1.032937616
p.S74G,1.029001037
p.S74H,0.96507004
p.S74I,1.006076003
p.S74L,0.906660784
p.S74K,0.957173491
p.S74M,1.009862616
p.S74F,0.975133274
p.S74P,0.878388716
p.S74X,-0.219482182
p.S74T,0.920202155
p.S74W,0.040553273
p.S74Y,0.707205796
p.S74V,1.015026245
p.S750S,1.137216231
p.S750A,0.982420075
p.S750R,0.984184863
p.S750N,0.958454024
p.S750D,0.97619117
p.S750C,0.897818811
p.S750E,0.779803063
p.S750G,1.005304303
p.S750H,0.982573511
p.S750I,0.988595626
p.S750L,1.005619029
p.S750K,0.336815875
p.S750M,0.583793818
p.S750F,0.965864489
p.S750P,1.032674331
p.S750X,0.106860497
p.S750T,0.957798322
p.S750W,0.97878113
p.S750Y,0.992593646
p.S750V,0.993807294
p.S768S,0.919758102
p.S768A,0.953165195
p.S768R,1.007891201
p.S768N,0.958384725
p.S768D,0.480378664
p.S768C,0.81948098
p.S768Q,1.034621137
p.S768E,0.967482206
p.S768G,1.025846874
p.S768H,0.862407515
p.S768I,1.02766043
p.S768L,0.97241025
p.S768K,1.05742058
p.S768M,1.049843656
p.S768F,0.966671523
p.S768P,0.94329332
p.S768X,-0.040252393
p.S768T,0.984984174
p.S768W,0.852926977
p.S768Y,0.963170276
p.S768V,0.967650857
p.S785S,0.998853424
p.S785A,1.019605457
p.S785R,1.023399333
p.S785N,0.981391314
p.S785D,0.921413716
p.S785C,0.972024164
p.S785Q,0.646016178
p.S785E,1.022457668
p.S785G,0.733508184
p.S785H,0.784796226
p.S785I,0.993905822
p.S785L,1.027241301
p.S785K,0.910810125
p.S785M,0.982603076
p.S785F,1.052647083
p.S785P,0.978472022
p.S785X,-0.082271798
p.S785T,1.085310356
p.S785W,1.017089645
p.S785Y,1.023358838
p.S785V,0.956321412
p.S786S,1.016900569
p.S786A,1.059603916
p.S786R,0.922802582
p.S786N,1.034859367
p.S786D,0.599911889
p.S786C,0.946358612
p.S786Q,1.035510227
p.S786E,0.851891232
p.S786G,1.022492558
p.S786H,0.715070394
p.S786I,0.9030396
p.S786L,0.928468543
p.S786K,1.051006379
p.S786M,0.971845286
p.S786F,1.009747009
p.S786P,0.970100391
p.S786X,-0.288555266
p.S786T,0.935600385
p.S786W,0.978539339
p.S786Y,0.924306137
p.S786V,1.026281071
p.S791S,1.0365252
p.S791A,1.014128151
p.S791R,1.073904374
p.S791N,0.993618752
p.S791D,0.938755685
p.S791C,1.037083226
p.S791Q,1.028808927
p.S791E,0.957246407
p.S791G,0.984069101
p.S791H,0.884810916
p.S791I,0.987265686
p.S791L,1.011831543
p.S791K,1.022616538
p.S791M,1.013690793
p.S791F,0.97104081
p.S791P,0.996176852
p.S791X,-0.187296067
p.S791T,1.027410096
p.S791W,0.985340664
p.S791Y,1.009083151
p.S791V,1.06807125
p.S820S,1.103746859
p.S820A,0.34958411
p.S820R,1.050870712
p.S820N,1.045257429
p.S820D,0.203654604
p.S820C,1.058662429
p.S820Q,1.095341679
p.S820E,0.930884902
p.S820G,1.064467457
p.S820H,1.069296989
p.S820I,1.026638518
p.S820L,0.930647694
p.S820M,1.012491748
p.S820P,1.018805735
p.S820X,0.972161781
p.S820T,0.921353431
p.S820W,0.898278527
p.S820Y,0.994877422
p.S820V,0.971289143
p.S846S,1.022198356
p.S846A,0.403577865
p.S846R,1.04448539
p.S846N,0.082741187
p.S846D,0.997741871
p.S846C,1.006744707
p.S846Q,1.035499934
p.S846E,0.978942698
p.S846G,0.786657288
p.S846H,0.971286243
p.S846I,0.964669422
p.S846L,0.961268903
p.S846K,0.951863772
p.S846M,1.023635107
p.S846F,1.056761552
p.S846P,0.163984165
p.S846X,0.885240763
p.S846T,0.958795991
p.S846W,1.005635568
p.S846Y,0.96364451
p.S846V,1.060473301
p.S849S,0.727717754
p.S849A,1.009955284
p.S849R,1.006934515
p.S849N,1.028089373
p.S849D,1.005984474
p.S849C,1.079698762
p.S849Q,1.005239668
p.S849E,1.026637787
p.S849G,0.994425946
p.S849I,0.919982639
p.S849L,1.016748581
p.S849K,0.882601507
p.S849M,1.058192912
p.S849F,0.96973138
p.S849P,1.023441229
p.S849X,0.480785675
p.S849T,0.894444753
p.S849W,0.494114158
p.S849Y,0.974414534
p.S849V,1.008898475
p.S854S,1.010928507
p.S854A,1.00687196
p.S854R,0.946746281
p.S854N,0.666580917
p.S854D,1.012231741
p.S854C,0.950870277
p.S854Q,0.951135767
p.S854G,0.993510235
p.S854I,1.056263732
p.S854L,1.001913219
p.S854K,1.052477936
p.S854F,0.960191779
p.S854X,1.109199854
p.S854T,1.024743343
p.S854W,0.98365064
p.S854V,1.087564779
p.S99S,0.811167459
p.S99A,0.912614642
p.S99R,1.049270135
p.S99N,0.911555051
p.S99D,0.968052699
p.S99C,0.693534826
p.S99Q,0.949204691
p.S99E,0.985343683
p.S99G,1.049927699
p.S99H,0.998059665
p.S99I,0.986111338
p.S99L,1.011951758
p.S99K,0.924880313
p.S99M,1.033590797
p.S99F,0.804116938
p.S99P,0.924132846
p.S99X,-0.08014875
p.S99T,0.929074549
p.S99W,1.095023222
p.S99Y,0.749622828
p.S99V,1.042725118
p.T108T,0.905421105
p.T108A,1.036010215
p.T108R,0.992857694
p.T108N,0.999823855
p.T108D,1.11170005
p.T108C,0.917073632
p.T108Q,1.010331118
p.T108E,0.984129583
p.T108G,1.080387748
p.T108H,1.05125273
p.T108I,1.07945237
p.T108L,0.932485165
p.T108K,0.997994515
p.T108M,0.790403746
p.T108F,1.062918856
p.T108P,1.17965896
p.T108S,0.976195374
p.T108X,-0.180765575
p.T108W,0.976112287
p.T108Y,1.110371042
p.T108V,1.01816723
p.T11T,1.047829696
p.T11A,0.9633816
p.T11R,1.108999503
p.T11N,0.823661537
p.T11D,0.861939517
p.T11C,1.067225163
p.T11E,0.973025227
p.T11G,0.372944447
p.T11H,0.960399987
p.T11I,1.013629613
p.T11L,1.05464569
p.T11K,0.863695725
p.T11M,1.025237993
p.T11F,1.005822877
p.T11P,0.760590556
p.T11S,0.928770662
p.T11X,0.012673068
p.T11W,1.253261697
p.T11Y,0.578363671
p.T11V,0.967741808
p.T147T,0.967284338
p.T147A,0.966539722
p.T147R,1.009130902
p.T147N,0.951889211
p.T147D,0.943739057
p.T147C,1.123539114
p.T147Q,1.008234464
p.T147E,1.059506825
p.T147G,1.015062391
p.T147H,0.999009406
p.T147I,1.058552818
p.T147L,1.018733968
p.T147K,1.052517182
p.T147M,1.071597629
p.T147F,1.026955706
p.T147P,0.840694488
p.T147S,1.023924284
p.T147X,-0.002667562
p.T147W,0.950093537
p.T147Y,0.906317819
p.T147V,1.006558558
p.T159T,0.993959404
p.T159A,0.966972427
p.T159R,0.94746671
p.T159N,0.977509624
p.T159D,1.034357836
p.T159Q,1.272161403
p.T159E,1.017385913
p.T159G,1.062430581
p.T159H,0.731667156
p.T159I,1.062707107
p.T159L,0.991555759
p.T159K,0.787785024
p.T159M,0.921252365
p.T159F,0.882468142
p.T159P,1.000728763
p.T159S,1.064476792
p.T159X,-0.084060959
p.T159W,1.018498172
p.T159Y,0.947878842
p.T159V,0.920121981
p.T21T,0.905736628
p.T21A,1.027823389
p.T21R,1.128701072
p.T21N,0.982890807
p.T21D,0.923539531
p.T21C,1.012044296
p.T21Q,0.924373986
p.T21E,0.945308157
p.T21G,0.983016086
p.T21H,1.035066858
p.T21I,0.982494203
p.T21L,1.005802741
p.T21K,0.984603108
p.T21M,1.043141533
p.T21F,1.097589068
p.T21P,0.927788045
p.T21S,0.995286394
p.T21X,-0.112853952
p.T21W,0.965024221
p.T21Y,1.046480012
p.T21V,1.100824813
p.T235T,0.656517501
p.T235A,0.391376596
p.T235R,0.94034419
p.T235N,0.979124107
p.T235D,0.800099694
p.T235C,1.068674576
p.T235E,0.916980419
p.T235G,0.98669871
p.T235H,1.10980615
p.T235I,0.969016497
p.T235L,1.034516347
p.T235K,1.063358703
p.T235M,0.931741284
p.T235F,1.007028433
p.T235P,0.913081673
p.T235S,1.017825507
p.T235X,-0.207869479
p.T235W,0.914234496
p.T235Y,1.16618581
p.T235V,0.956765348
p.T274T,1.02765699
p.T274A,1.013520498
p.T274R,0.886763171
p.T274N,1.036057841
p.T274D,1.003083713
p.T274C,1.057016758
p.T274Q,1.092123579
p.T274E,1.034098519
p.T274G,0.996498372
p.T274H,1.062507607
p.T274I,1.038641179
p.T274L,0.925144274
p.T274K,1.101062525
p.T274M,0.970096343
p.T274F,1.013784323
p.T274P,1.036371947
p.T274S,0.91808665
p.T274X,-0.027193318
p.T274W,1.032228111
p.T274Y,1.03811787
p.T274V,0.986709402
p.T291T,0.9448125
p.T291A,0.941057588
p.T291R,0.994792879
p.T291N,1.103994888
p.T291D,1.048108299
p.T291C,0.958423514
p.T291Q,0.222641011
p.T291E,0.902995687
p.T291G,0.905742265
p.T291H,0.827247978
p.T291I,0.986995261
p.T291L,0.997082113
p.T291K,0.983273091
p.T291M,0.884257758
p.T291F,0.9700733
p.T291P,1.014615419
p.T291S,1.00226835
p.T291X,-0.11820908
p.T291W,1.04816481
p.T291Y,0.507474059
p.T291V,0.762168466
p.T315T,1.017313312
p.T315A,0.921109311
p.T315R,0.815501229
p.T315N,0.974354727
p.T315D,1.006535604
p.T315C,1.031174445
p.T315Q,0.907058158
p.T315E,0.985058077
p.T315G,0.993875132
p.T315H,1.044267395
p.T315I,0.77013933
p.T315L,1.035272832
p.T315K,0.966177114
p.T315M,0.888942089
p.T315F,0.966398759
p.T315P,0.252727979
p.T315S,0.790905809
p.T315X,-0.245771529
p.T315W,0.992356732
p.T315Y,1.081527884
p.T315V,0.892708167
p.T363T,0.870772627
p.T363A,0.274530747
p.T363R,0.145607735
p.T363N,0.997989558
p.T363D,1.066424734
p.T363C,0.678584067
p.T363E,0.869018844
p.T363G,0.955226727
p.T363H,1.042583683
p.T363I,1.046403635
p.T363L,0.964458671
p.T363K,1.022055424
p.T363M,0.872749277
p.T363F,1.026960076
p.T363P,1.0407054
p.T363S,1.147163527
p.T363X,-0.064322304
p.T363W,1.059015292
p.T363Y,0.951338129
p.T363V,0.837620664
p.T389T,1.016061833
p.T389A,0.168994262
p.T389N,1.039064031
p.T389D,0.990691198
p.T389C,0.948055013
p.T389G,1.06772261
p.T389H,-0.129279115
p.T389I,1.169309435
p.T389L,0.81683134
p.T389K,1.176531883
p.T389M,1.271873203
p.T389F,0.762470805
p.T389P,-0.173861003
p.T389S,1.04215772
p.T389X,0.011584673
p.T389W,0.499419522
p.T389Y,0.171623514
p.T389V,0.897289265
p.T404A,0.961792856
p.T404R,0.153586591
p.T404N,0.913147902
p.T404D,-0.039867167
p.T404Q,-0.008019168
p.T404E,0.772521431
p.T404G,1.002338346
p.T404H,0.447660049
p.T404I,0.112857861
p.T404L,0.92874921
p.T404M,0.153747717
p.T404F,0.435474009
p.T404P,-0.208135021
p.T404S,1.19940689
p.T404V,0.706485894
p.T413A,1.060293428
p.T413R,0.909499261
p.T413N,1.121827171
p.T413D,1.091518167
p.T413C,1.026096789
p.T413Q,0.580505388
p.T413G,0.944182352
p.T413H,0.922558358
p.T413I,1.087908126
p.T413L,1.157951458
p.T413K,1.045975756
p.T413M,1.152151452
p.T413F,1.037059761
p.T413P,1.007092941
p.T413S,1.154823724
p.T413X,-0.048464756
p.T413W,1.129237675
p.T420T,0.895288593
p.T420A,0.528147472
p.T420R,0.95412084
p.T420N,1.028871706
p.T420C,-0.07039323
p.T420Q,1.008142773
p.T420E,1.047341938
p.T420G,1.034782127
p.T420H,1.194285168
p.T420I,1.051995473
p.T420L,0.827447163
p.T420K,-0.027877109
p.T420M,0.89743656
p.T420F,0.995680707
p.T420P,0.986089264
p.T420S,1.171819122
p.T420X,0.072920663
p.T420W,0.465723019
p.T420Y,0.881552477
p.T420V,1.052600151
p.T434A,0.896606463
p.T434R,1.046459789
p.T434N,1.121696796
p.T434C,0.946105791
p.T434Q,0.002723477
p.T434G,1.038132972
p.T434H,1.094348745
p.T434I,0.400499168
p.T434L,0.852781056
p.T434K,1.014516672
p.T434M,0.524659951
p.T434F,0.343411608
p.T434P,0.990257519
p.T434S,0.827023232
p.T434X,0.05350375
p.T434Y,0.935979022
p.T434V,1.096839366
p.T454T,0.771281827
p.T454R,1.038912621
p.T454N,0.74667749
p.T454C,1.064243679
p.T454I,1.019775597
p.T454L,0.80656817
p.T454M,1.301542935
p.T454F,0.698212791
p.T454S,0.838111758
p.T454X,-0.149371388
p.T454Y,0.97392193
p.T454V,0.953593595
p.T467T,0.830862694
p.T467A,1.143972065
p.T467R,0.325558811
p.T467D,0.472976835
p.T467L,0.316159834
p.T467M,0.419403878
p.T467S,0.728903047
p.T467X,0.042891384
p.T467W,-0.102408302
p.T467Y,1.059464393
p.T467V,0.998275125
p.T491T,0.982191867
p.T491R,0.096544853
p.T491D,0.93835681
p.T491C,0.395013542
p.T491E,0.309542147
p.T491G,-0.053744054
p.T491I,0.963257159
p.T491L,0.943756301
p.T491F,0.548489024
p.T491P,1.055777977
p.T491S,0.077524317
p.T491Y,0.101662532
p.T491V,0.970214391
p.T497T,0.981797516
p.T497A,0.656871109
p.T497R,0.887766226
p.T497N,1.033687208
p.T497D,0.929850906
p.T497C,0.716608529
p.T497E,1.045115277
p.T497G,0.515918948
p.T497H,0.317577997
p.T497I,0.999727585
p.T497L,1.043339118
p.T497K,0.956688716
p.T497M,0.947904447
p.T497F,0.924702803
p.T497P,-0.049458304
p.T497S,0.611010931
p.T497W,1.200149584
p.T497V,0.937369739
p.T503T,0.928532353
p.T503R,1.029643098
p.T503N,1.162976438
p.T503D,1.157852989
p.T503C,0.22401272
p.T503G,1.132877625
p.T503I,0.13311648
p.T503L,1.170676061
p.T503M,0.285696272
p.T503F,0.961261634
p.T503S,1.03479669
p.T510A,0.309711287
p.T510R,0.648982175
p.T510N,1.052007783
p.T510D,0.987337073
p.T510C,0.899528233
p.T510Q,0.883440046
p.T510E,1.018362152
p.T510G,1.129151129
p.T510I,1.014131408
p.T510L,1.021404841
p.T510K,0.932848434
p.T510M,1.163732525
p.T510F,-0.007840799
p.T510P,0.927446008
p.T510S,0.813678456
p.T510X,-0.15084042
p.T510W,0.881514108
p.T510Y,0.750655625
p.T510V,1.064851422
p.T534T,0.962036818
p.T534A,1.08992681
p.T534R,0.027757882
p.T534N,1.224219681
p.T534D,0.776312999
p.T534C,1.047870577
p.T534Q,0.860796103
p.T534E,1.094494703
p.T534G,0.913488813
p.T534H,1.149874239
p.T534L,1.026020872
p.T534K,-0.034086704
p.T534M,1.014387439
p.T534F,0.910799981
p.T534P,1.028117792
p.T534S,0.968384894
p.T534X,0.517183136
p.T534W,-0.110384406
p.T534Y,0.682811407
p.T534V,1.077608096
p.T538T,0.624007605
p.T538A,1.115771899
p.T538R,0.910363612
p.T538D,0.829052505
p.T538C,1.044570298
p.T538E,0.928835777
p.T538G,1.027311113
p.T538H,1.033276212
p.T538I,0.74649281
p.T538L,1.068757257
p.T538K,0.072830299
p.T538M,0.898567006
p.T538F,0.760479401
p.T538P,1.071061515
p.T538S,0.983359959
p.T538X,0.054168583
p.T538W,0.932094394
p.T538Y,0.883090155
p.T538V,1.045475991
p.T557T,0.988869828
p.T557A,1.139517639
p.T557R,1.060356262
p.T557N,1.059488625
p.T557C,1.152628532
p.T557Q,0.302678812
p.T557E,-0.297405881
p.T557G,0.31931901
p.T557H,1.183994473
p.T557I,1.143972065
p.T557L,0.074032522
p.T557M,0.302875444
p.T557F,1.088719367
p.T557P,0.978285622
p.T557S,0.992663737
p.T557W,1.102233694
p.T557Y,1.118712431
p.T557V,0.953581626
p.T567T,0.954417002
p.T567A,0.980401737
p.T567R,1.01229998
p.T567N,0.949701413
p.T567D,0.927630919
p.T567C,1.164342772
p.T567E,0.905066248
p.T567G,0.990962231
p.T567I,0.981081798
p.T567L,0.913629268
p.T567K,0.997886315
p.T567M,0.885852615
p.T567F,0.989472621
p.T567P,-0.14792765
p.T567S,0.977199716
p.T567X,-0.059780939
p.T567Y,0.945266987
p.T567V,0.807193997
p.T597T,0.964789486
p.T597A,0.996582995
p.T597R,0.964664159
p.T597N,1.111177457
p.T597D,1.004905237
p.T597C,1.007356706
p.T597Q,0.999482234
p.T597E,0.754944862
p.T597G,0.919067512
p.T597H,0.939425631
p.T597I,0.997831968
p.T597L,1.005447549
p.T597K,0.982642872
p.T597M,0.991011169
p.T597F,0.964224754
p.T597P,1.023833053
p.T597S,0.962126406
p.T597X,0.092683021
p.T597W,0.916918454
p.T597Y,0.890219778
p.T597V,1.007541954
p.T62T,0.900885468
p.T621T,1.009404812
p.T621A,1.060520058
p.T621R,-0.014360999
p.T621N,0.954361023
p.T621D,-0.188518509
p.T621C,1.016880297
p.T621Q,-0.089574345
p.T621E,-0.049726239
p.T621G,1.014016489
p.T621H,0.000506298
p.T621I,0.971210712
p.T621L,0.30938671
p.T621K,0.083150619
p.T621M,0.553879479
p.T621F,0.018021509
p.T621P,0.10204697
p.T621S,0.939632486
p.T621X,0.118389065
p.T621W,0.003635504
p.T621V,0.997981825
p.T62A,1.000042604
p.T62R,0.880195544
p.T62N,0.968516306
p.T62D,0.972610552
p.T62C,0.798173204
p.T62Q,1.050083218
p.T62E,1.079966833
p.T62G,1.057279677
p.T62H,1.019275444
p.T62I,0.890960476
p.T62L,0.855713509
p.T62K,0.935772072
p.T62M,1.021248155
p.T62F,0.987700537
p.T62P,1.098951794
p.T62S,0.974180978
p.T62X,-0.143588804
p.T62W,1.020405754
p.T62Y,0.452613959
p.T62V,0.94015615
p.T635T,0.940557882
p.T635A,0.206362617
p.T635R,0.993207027
p.T635N,0.994756575
p.T635D,1.024868557
p.T635C,1.024825925
p.T635Q,1.020682675
p.T635E,0.972060684
p.T635G,0.7124692
p.T635H,0.639422919
p.T635I,0.950039187
p.T635L,0.985860562
p.T635K,0.347439274
p.T635M,0.971570283
p.T635F,0.862249444
p.T635P,1.039969488
p.T635S,0.970293583
p.T635X,0.109891582
p.T635W,0.942923439
p.T635V,0.736070217
p.T659T,0.955814457
p.T659A,1.100648653
p.T659C,1.038125923
p.T659E,0.851734422
p.T659G,0.932653744
p.T659H,0.912864254
p.T659I,1.019285256
p.T659L,0.962366478
p.T659K,0.987855649
p.T659M,1.018748319
p.T659S,0.553653081
p.T659Y,0.990965509
p.T659V,0.910891885
p.T67T,0.979419855
p.T670T,1.035661591
p.T670A,1.022262997
p.T670R,0.949676104
p.T670N,1.026235436
p.T670C,1.078782174
p.T670Q,0.925210577
p.T670E,1.059903171
p.T670G,0.92924019
p.T670H,0.989115791
p.T670I,1.104309461
p.T670L,0.977444148
p.T670K,0.706347297
p.T670M,1.106919309
p.T670P,0.907078355
p.T670S,0.968041676
p.T670X,0.050678903
p.T670W,0.92170116
p.T670Y,0.982602228
p.T670V,0.996818873
p.T671T,0.869952781
p.T671A,1.039583282
p.T671R,0.947946891
p.T671D,1.044095678
p.T671C,1.000390725
p.T671Q,0.655608294
p.T671E,1.027051048
p.T671G,0.998944322
p.T671H,0.981836631
p.T671I,1.017598132
p.T671L,0.938909949
p.T671K,1.020435755
p.T671M,0.994353911
p.T671F,0.909048402
p.T671P,0.921196911
p.T671S,0.654334155
p.T671X,-0.242331755
p.T671W,0.618182903
p.T671Y,1.100929377
p.T671V,1.010989144
p.T67A,1.050989448
p.T67R,0.930549058
p.T67N,1.080076379
p.T67D,1.034777928
p.T67C,0.985389553
p.T67Q,0.852577487
p.T67E,0.884517788
p.T67G,1.051260616
p.T67H,1.07323565
p.T67I,0.861000757
p.T67L,0.991686163
p.T67K,0.821051344
p.T67M,1.002616085
p.T67F,0.963310066
p.T67P,1.076311278
p.T67S,0.902730835
p.T67X,-0.032512002
p.T67W,1.083889378
p.T67Y,1.090300914
p.T67V,0.938026857
p.T695T,1.049147669
p.T695A,1.066780628
p.T695R,1.050530018
p.T695N,1.071881171
p.T695D,1.013363594
p.T695C,0.902826428
p.T695Q,0.711362823
p.T695G,1.05510547
p.T695H,-0.074819927
p.T695L,1.061658715
p.T695K,1.072800799
p.T695M,1.099123429
p.T695F,1.093026165
p.T695P,-0.048080258
p.T695S,0.959318982
p.T695X,-0.101755051
p.T695W,1.00954986
p.T695Y,0.88233665
p.T695V,1.008368484
p.T713T,0.973956494
p.T713A,0.957628333
p.T713R,0.970979154
p.T713N,1.051788135
p.T713D,1.001544676
p.T713C,1.036201887
p.T713G,0.951662787
p.T713H,0.599081186
p.T713I,1.063309532
p.T713L,1.08235145
p.T713K,0.652743832
p.T713M,0.997655899
p.T713F,1.002344306
p.T713P,0.888563825
p.T713S,1.007654697
p.T713X,-0.04853428
p.T713Y,1.055785401
p.T713V,0.998711586
p.T721T,0.995236572
p.T721A,0.959156288
p.T721R,0.639759783
p.T721N,1.043883606
p.T721D,0.908922485
p.T721C,0.717098083
p.T721Q,0.927152912
p.T721E,0.509363512
p.T721G,1.029046672
p.T721H,1.011633491
p.T721I,0.980375539
p.T721L,1.00290215
p.T721K,0.966982108
p.T721M,0.916363783
p.T721F,1.032142458
p.T721P,0.960341469
p.T721S,0.887127615
p.T721X,0.002448253
p.T721W,1.024354885
p.T721Y,1.038299723
p.T721V,1.013963978
p.T724T,1.01123989
p.T724A,1.037069922
p.T724R,0.956551332
p.T724N,0.873051893
p.T724D,0.849234502
p.T724C,1.022646205
p.T724Q,1.069617536
p.T724E,0.302885163
p.T724G,0.9898482
p.T724H,1.030255164
p.T724I,0.983972115
p.T724L,0.777213
p.T724K,0.982854488
p.T724M,0.955601704
p.T724F,0.435939714
p.T724P,1.040161893
p.T724S,0.978829069
p.T724X,-0.040089634
p.T724W,1.003160743
p.T724Y,0.983825828
p.T724V,0.914981259
p.T726T,1.022555027
p.T726A,0.913192447
p.T726R,0.86053802
p.T726N,0.739847222
p.T726D,0.836269836
p.T726Q,0.893997258
p.T726E,0.914775477
p.T726G,0.601823384
p.T726H,1.04931591
p.T726I,0.942764101
p.T726L,0.817276219
p.T726K,0.82401618
p.T726M,0.916382442
p.T726F,0.828742995
p.T726P,1.028364899
p.T726S,1.041867574
p.T726X,0.232851388
p.T726Y,0.896537172
p.T726V,0.990752567
p.T734T,0.982192775
p.T734A,0.96953614
p.T734R,0.984670871
p.T734N,0.776472007
p.T734D,1.050802078
p.T734C,0.283420377
p.T734Q,0.998225301
p.T734E,1.013174119
p.T734G,0.956610734
p.T734H,0.949717003
p.T734I,1.009046496
p.T734L,0.71992549
p.T734K,0.924886626
p.T734M,0.925696876
p.T734F,0.97488966
p.T734P,0.791597062
p.T734S,1.012461475
p.T734X,-0.326210996
p.T734W,0.859620163
p.T734Y,1.059333138
p.T734V,1.06666788
p.T738T,0.968272619
p.T738A,1.045149539
p.T738R,1.012007065
p.T738N,0.940059646
p.T738D,0.596591666
p.T738C,1.006088026
p.T738E,1.031551978
p.T738G,0.991157916
p.T738H,1.032033196
p.T738I,0.977264715
p.T738L,0.685607943
p.T738K,1.013808089
p.T738F,0.353658176
p.T738P,1.026025987
p.T738S,0.847344203
p.T738X,-0.162666028
p.T738W,0.414673834
p.T738Y,0.328452788
p.T738V,0.988041057
p.T741T,-0.029575593
p.T741A,0.968003241
p.T741R,0.99040852
p.T741N,1.024591907
p.T741D,0.984861835
p.T741C,0.845546328
p.T741Q,0.55501324
p.T741E,0.965908705
p.T741G,1.039978262
p.T741H,0.966306356
p.T741I,0.862888511
p.T741L,0.981805904
p.T741K,0.926847245
p.T741M,1.391584405
p.T741F,0.945534648
p.T741P,1.042459337
p.T741S,0.926995037
p.T741X,-0.092989386
p.T741W,1.024825747
p.T741Y,0.929838041
p.T741V,0.999203495
p.T742T,0.961192243
p.T742A,0.859950748
p.T742R,0.879313278
p.T742N,0.315333028
p.T742D,0.94005132
p.T742C,1.055595915
p.T742Q,1.001864971
p.T742E,1.044972219
p.T742G,0.986476592
p.T742H,0.751866259
p.T742I,0.987627646
p.T742L,0.399669033
p.T742K,1.040558815
p.T742M,1.021103424
p.T742F,0.884697255
p.T742P,0.996254851
p.T742S,0.910727801
p.T742X,-0.240216381
p.T742W,0.983650383
p.T742Y,0.812465923
p.T742V,1.018070721
p.T743T,0.814485667
p.T743A,0.926771591
p.T743R,0.422781823
p.T743N,1.028068184
p.T743D,1.047591063
p.T743C,0.949333592
p.T743Q,1.056098166
p.T743E,0.986835038
p.T743G,1.05495697
p.T743H,0.960384281
p.T743I,1.057570657
p.T743L,1.023933957
p.T743K,1.035287832
p.T743M,0.865981239
p.T743F,0.971580222
p.T743P,0.443594281
p.T743S,0.800152073
p.T743X,0.046491339
p.T743W,1.039682525
p.T743Y,1.087698092
p.T743V,0.984634944
p.T749T,0.977113399
p.T749A,1.019439078
p.T749R,1.036868133
p.T749N,0.968570128
p.T749D,0.26151763
p.T749C,1.047106341
p.T749Q,1.013647315
p.T749E,0.627806546
p.T749G,1.017500512
p.T749H,1.014996817
p.T749I,1.002770398
p.T749L,0.93258911
p.T749K,0.920306156
p.T749M,0.965616451
p.T749F,0.96785009
p.T749P,0.963878273
p.T749S,0.736713107
p.T749X,-0.184864715
p.T749W,0.897648901
p.T749Y,0.954893743
p.T749V,1.011172617
p.T756T,1.018331701
p.T756A,1.06583403
p.T756R,0.98783314
p.T756N,0.926737659
p.T756D,0.904920107
p.T756C,1.032530306
p.T756Q,0.960255562
p.T756E,0.561953659
p.T756G,0.977217232
p.T756H,0.460990352
p.T756I,0.990278791
p.T756L,0.649721006
p.T756K,0.897431908
p.T756M,0.94794803
p.T756F,0.977836137
p.T756P,0.873439307
p.T756S,1.113516208
p.T756X,-0.140098865
p.T756W,1.054198708
p.T756Y,0.976164851
p.T756V,1.014492395
p.T760T,0.988645303
p.T760A,1.014876327
p.T760R,0.954744822
p.T760N,0.983676886
p.T760D,0.96225856
p.T760C,0.930650123
p.T760Q,0.93797305
p.T760E,1.008437462
p.T760G,1.02006445
p.T760H,0.941306241
p.T760I,1.007549566
p.T760L,0.934578287
p.T760M,1.018248527
p.T760F,0.894928978
p.T760P,0.93827447
p.T760S,0.965382327
p.T760X,-0.161428515
p.T760W,0.966913388
p.T761T,0.970906294
p.T761A,0.951602684
p.T761R,0.769460624
p.T761N,-0.155023456
p.T761D,0.684172349
p.T761C,0.986883618
p.T761Q,0.997165872
p.T761E,1.04644795
p.T761G,1.019414579
p.T761H,0.974520381
p.T761I,1.026796334
p.T761L,0.964280497
p.T761K,1.015278095
p.T761M,1.015232216
p.T761F,0.872348535
p.T761P,1.027777709
p.T761S,0.931068175
p.T761X,-0.089080463
p.T761W,0.975754215
p.T761V,1.009574676
p.T766T,0.930426232
p.T766A,0.951667686
p.T766R,0.99953429
p.T766N,1.010933401
p.T766D,0.989792754
p.T766C,0.988309227
p.T766Q,1.035641005
p.T766E,-0.161008074
p.T766G,1.084138387
p.T766H,0.992572439
p.T766I,1.010450581
p.T766L,0.979593117
p.T766K,1.048629411
p.T766M,1.019487997
p.T766F,0.036670157
p.T766P,0.986032504
p.T766S,0.96371563
p.T766X,-0.324716416
p.T766W,1.060497549
p.T766Y,1.001958126
p.T766V,0.432442403
p.T831T,1.011830283
p.T831A,1.003505854
p.T831R,1.026472112
p.T831N,0.959779502
p.T831C,1.036999949
p.T831Q,0.970683873
p.T831E,0.873950186
p.T831G,0.932176878
p.T831H,0.992553027
p.T831L,0.917477458
p.T831K,0.518110912
p.T831M,0.937342658
p.T831F,0.875966624
p.T831P,0.979545511
p.T831S,1.067418385
p.T831X,0.527254759
p.T831W,0.968649714
p.T831Y,0.314031875
p.T831V,0.857561098
p.T832T,1.057235749
p.T832A,1.083003658
p.T832R,0.98937511
p.T832N,0.833270555
p.T832D,0.798342597
p.T832C,0.896942898
p.T832Q,1.041536336
p.T832E,0.86774902
p.T832G,0.946918212
p.T832H,0.987553383
p.T832I,0.973405514
p.T832L,0.979677899
p.T832M,1.041608359
p.T832F,0.938745708
p.T832P,0.81308695
p.T832S,0.966409662
p.T832X,0.735711334
p.T832W,1.069562677
p.T832Y,-0.204730933
p.T832V,0.067985554
p.W10A,0.958785736
p.W10R,0.171228665
p.W10N,-0.01190186
p.W10D,-0.197675496
p.W10C,0.976720145
p.W10Q,0.553774996
p.W10E,-0.04923674
p.W10G,0.439102327
p.W10I,1.029038462
p.W10L,0.982577981
p.W10K,-0.189216709
p.W10M,1.099435237
p.W10F,1.018960087
p.W10P,0.060790469
p.W10S,0.70236731
p.W10X,-0.121175709
p.W10T,0.773006331
p.W10Y,0.898203266
p.W10V,0.993305728
p.W165A,0.828116198
p.W165R,1.059963562
p.W165N,0.919096899
p.W165D,0.5662559
p.W165C,1.030089209
p.W165Q,0.810082053
p.W165E,1.127221454
p.W165G,1.038904553
p.W165I,1.048286737
p.W165L,1.01388008
p.W165M,1.06618744
p.W165F,1.048563485
p.W165P,1.109536097
p.W165S,1.045287256
p.W165X,0.020627719
p.W165T,1.014214864
p.W165Y,0.859077845
p.W165V,1.062107901
p.W180A,1.09422223
p.W180R,0.92807715
p.W180N,1.214453563
p.W180C,0.980098973
p.W180Q,1.039344792
p.W180E,1.22254677
p.W180G,0.981793137
p.W180I,1.028355428
p.W180L,0.991907447
p.W180K,1.009422658
p.W180M,1.057460281
p.W180F,0.826192523
p.W180P,1.040065966
p.W180S,0.975935937
p.W180X,-0.093964873
p.W180T,1.05617106
p.W180Y,1.067315259
p.W180V,1.004722052
p.W214A,1.109663026
p.W214R,1.065143926
p.W214C,1.155854117
p.W214Q,1.102319167
p.W214E,0.953273618
p.W214G,-0.027590359
p.W214L,1.034427692
p.W214M,0.953244032
p.W214F,0.916907322
p.W214S,0.936188876
p.W214X,0.051272446
p.W214V,-0.221845874
p.W305A,0.020876075
p.W305R,0.03345217
p.W305N,0.059698771
p.W305D,-0.117804982
p.W305C,-0.15333914
p.W305Q,-0.204595157
p.W305E,-0.223745911
p.W305G,-0.121562029
p.W305H,0.085516889
p.W305I,-0.060828603
p.W305L,-0.172340753
p.W305K,-0.01641661
p.W305M,-0.014581244
p.W305F,-0.040738793
p.W305P,-0.144047497
p.W305S,-0.028726166
p.W305X,0.012343261
p.W305T,0.285961257
p.W305Y,-0.111957412
p.W305V,-0.035114951
p.W443A,1.096634524
p.W443R,0.283798255
p.W443N,-0.035823984
p.W443D,0.080282739
p.W443C,1.033984401
p.W443Q,0.308932866
p.W443E,0.28451169
p.W443G,-0.066238739
p.W443H,1.131455372
p.W443I,0.980764661
p.W443L,0.928552118
p.W443K,0.605462933
p.W443M,0.997116185
p.W443F,0.760378011
p.W443P,0.018169979
p.W443S,0.96156835
p.W443X,0.025804469
p.W443T,1.063475359
p.W443Y,0.995482006
p.W443V,1.008407111
p.W44A,0.942850357
p.W44R,1.139235643
p.W44N,1.027286132
p.W44D,0.99543018
p.W44C,1.032783459
p.W44Q,0.71719068
p.W44E,0.963826317
p.W44G,1.089738668
p.W44I,0.457752404
p.W44L,0.946437671
p.W44K,0.932798171
p.W44M,1.024673042
p.W44F,1.18757028
p.W44P,0.904878794
p.W44S,1.013685746
p.W44X,-0.110321063
p.W44T,0.912880073
p.W44Y,1.042770495
p.W44V,0.965713498
p.W483R,0.225948038
p.W483C,0.989768709
p.W483F,0.088061496
p.W483P,0.634203666
p.W483X,0.304221729
p.W483V,0.881381732
p.W490R,-0.024256314
p.W490N,-0.069285723
p.W490D,-0.085653207
p.W490C,1.068859129
p.W490E,0.025446336
p.W490G,0.773482414
p.W490I,0.717669911
p.W490L,1.058522739
p.W490M,1.042482085
p.W490F,1.010424754
p.W490S,1.133213747
p.W490X,0.894187768
p.W490Y,0.240464666
p.W490V,0.096178222
p.W4A,1.027529542
p.W4R,1.095442607
p.W4N,1.032121342
p.W4D,0.882397543
p.W4C,0.999564792
p.W4Q,1.009871819
p.W4E,1.051846358
p.W4G,0.243301596
p.W4H,-0.120670397
p.W4I,0.949679585
p.W4L,1.065440392
p.W4K,1.000314378
p.W4M,1.172122568
p.W4F,0.908549447
p.W4P,0.568366078
p.W4S,1.094597489
p.W4X,-0.076313035
p.W4T,0.985480622
p.W4Y,0.639570267
p.W4V,1.131143215
p.W533R,-0.055671945
p.W533N,1.070910606
p.W533D,0.015276541
p.W533C,1.000643488
p.W533G,0.842055593
p.W533H,0.116797862
p.W533I,0.902849693
p.W533L,0.98800309
p.W533K,-0.028172003
p.W533M,0.067714218
p.W533F,1.041860083
p.W533S,0.234927374
p.W533X,-0.145789117
p.W533Y,1.069749118
p.W533V,0.964348892
p.W536A,1.070570046
p.W536R,0.910593303
p.W536N,0.896606463
p.W536D,1.037748288
p.W536C,0.72174279
p.W536Q,1.087144576
p.W536E,1.009510013
p.W536G,0.996371408
p.W536I,1.052871105
p.W536L,0.919166608
p.W536K,1.032830556
p.W536M,0.990810222
p.W536F,0.944007205
p.W536P,0.897632203
p.W536S,1.027039273
p.W536X,-0.214193075
p.W536T,1.032848681
p.W536Y,0.639141856
p.W536V,1.027562635
p.W562A,0.861871218
p.W562R,0.998826775
p.W562N,0.958201608
p.W562D,0.887429937
p.W562C,1.080885135
p.W562E,1.017886524
p.W562G,0.905563817
p.W562I,0.742352933
p.W562L,1.035848986
p.W562K,1.035814216
p.W562M,0.707382708
p.W562F,1.012833867
p.W562S,0.983689679
p.W562X,0.062181834
p.W562T,0.968503054
p.W562Y,0.868387075
p.W562V,1.086740019
p.W577A,-0.031494486
p.W577R,-0.004918539
p.W577N,-0.03467738
p.W577D,-0.073227203
p.W577C,-0.013976413
p.W577Q,-0.090508021
p.W577E,-0.071217437
p.W577G,-0.020839605
p.W577H,-0.100042644
p.W577I,0.882339704
p.W577L,0.772418846
p.W577K,-0.132985794
p.W577M,0.822524005
p.W577F,0.998126756
p.W577P,0.036282145
p.W577S,-0.037794502
p.W577X,-0.060196483
p.W577T,0.056051285
p.W577Y,1.049975191
p.W577V,0.826478016
p.W620A,0.692621763
p.W620R,-0.01658654
p.W620D,0.341004375
p.W620C,-0.033331308
p.W620E,0.000486214
p.W620G,-0.042154486
p.W620I,0.936862306
p.W620L,-0.20454184
p.W620K,0.1134751
p.W620M,0.473300876
p.W620F,1.081787576
p.W620P,-0.089900758
p.W620S,-0.166475821
p.W620T,-0.138286131
p.W620Y,0.822983521
p.W620V,0.62888313
p.W666A,0.229884062
p.W666R,1.011579329
p.W666N,1.015973625
p.W666D,0.406253338
p.W666C,1.029791757
p.W666Q,1.024584298
p.W666E,0.921714021
p.W666G,0.992001692
p.W666H,0.98332772
p.W666L,0.920797125
p.W666K,1.007987452
p.W666M,0.999812815
p.W666F,1.010114118
p.W666P,0.990028305
p.W666S,1.031601119
p.W666X,-0.054403276
p.W666T,1.017755292
p.W666Y,1.010797949
p.W666V,1.012347568
p.W6A,0.835051371
p.W6R,0.83668343
p.W6N,0.977286544
p.W6D,0.976160928
p.W6C,0.964770041
p.W6Q,0.957157715
p.W6E,0.94383414
p.W6G,1.004229497
p.W6H,0.929419146
p.W6I,1.005559251
p.W6L,1.079610282
p.W6K,0.669431095
p.W6M,1.088198159
p.W6F,0.995615656
p.W6P,1.044304129
p.W6S,0.990359226
p.W6X,0.06578897
p.W6T,1.058220184
p.W6Y,0.888792965
p.W6V,1.036029882
p.W810A,0.919128863
p.W810R,0.869031462
p.W810N,1.06395765
p.W810D,-0.309035119
p.W810C,1.02405151
p.W810Q,0.947457078
p.W810E,1.032933838
p.W810G,1.07946479
p.W810H,0.975127326
p.W810I,0.972831828
p.W810L,0.971192215
p.W810K,0.953261361
p.W810M,0.979910306
p.W810F,1.067845447
p.W810P,0.92278555
p.W810S,1.014286356
p.W810X,1.035740225
p.W810T,1.077313156
p.W810Y,-0.222483401
p.W810V,0.971336453
p.W813A,1.028608661
p.W813R,1.03130301
p.W813N,1.07512922
p.W813D,0.968311057
p.W813C,0.66227904
p.W813Q,0.958629339
p.W813E,0.735941906
p.W813G,1.002146266
p.W813H,0.959740281
p.W813L,0.921419795
p.W813K,0.946840585
p.W813F,1.0116845
p.W813P,1.016493072
p.W813S,0.311663809
p.W813X,1.052595395
p.W813T,1.071458256
p.W813Y,-0.198694983
p.W813V,1.019660849
p.W87A,1.179598431
p.W87R,1.061935551
p.W87N,0.965805799
p.W87D,1.085778023
p.W87C,1.049443358
p.W87Q,0.88643909
p.W87E,0.798477653
p.W87G,1.06157046
p.W87H,1.121908166
p.W87I,1.00328593
p.W87L,0.972611132
p.W87K,1.03030821
p.W87M,0.998646218
p.W87F,0.761357743
p.W87P,0.959347335
p.W87S,1.049705749
p.W87X,0.008350349
p.W87T,0.866988007
p.W87Y,0.972286378
p.W87V,0.694277464
p.Y188Y,1.010449388
p.Y188A,0.85417242
p.Y188R,0.80666993
p.Y188N,1.017683805
p.Y188D,1.016957079
p.Y188C,0.965786565
p.Y188Q,1.083322992
p.Y188E,1.101497767
p.Y188G,0.886812238
p.Y188H,0.978934552
p.Y188I,1.076671895
p.Y188L,0.956143679
p.Y188K,1.107636023
p.Y188M,-0.143360669
p.Y188F,1.074055071
p.Y188P,0.284452268
p.Y188S,0.933841506
p.Y188X,-0.275343582
p.Y188T,0.940573077
p.Y188W,1.050580812
p.Y188V,1.042744634
p.Y259Y,0.809189221
p.Y259A,0.998147639
p.Y259R,1.032041348
p.Y259N,1.019551003
p.Y259D,1.020093554
p.Y259C,0.977782679
p.Y259Q,0.882717315
p.Y259E,0.962150758
p.Y259G,1.066433664
p.Y259H,1.066912925
p.Y259I,0.960563189
p.Y259L,0.959797739
p.Y259K,1.032003922
p.Y259M,1.047196609
p.Y259F,1.03461271
p.Y259P,1.001812043
p.Y259S,1.022611004
p.Y259X,-0.008042183
p.Y259T,1.014442505
p.Y259W,1.040077459
p.Y259V,1.082255888
p.Y336Y,1.027211533
p.Y336A,1.031507019
p.Y336R,1.115062659
p.Y336N,1.001782986
p.Y336D,0.016782528
p.Y336C,0.728590737
p.Y336Q,0.755058297
p.Y336E,0.368851991
p.Y336G,-0.19309778
p.Y336H,0.896447243
p.Y336I,0.923771465
p.Y336L,0.772183891
p.Y336K,0.992099652
p.Y336M,0.392766641
p.Y336F,0.92562286
p.Y336P,0.073425571
p.Y336S,0.99054097
p.Y336X,0.009339365
p.Y336W,0.829358064
p.Y336V,0.640553404
p.Y375Y,0.12660794
p.Y375R,0.966227325
p.Y375D,-0.038862535
p.Y375C,1.030143113
p.Y375G,0.986347525
p.Y375H,1.055884959
p.Y375L,1.101261629
p.Y375F,1.016357462
p.Y375S,0.922148536
p.Y375W,1.197520145
p.Y375V,0.775104954
p.Y400Y,1.056902177
p.Y400A,1.010351022
p.Y400R,0.875505205
p.Y400N,1.000709068
p.Y400D,0.85138124
p.Y400C,0.983603238
p.Y400G,0.992136183
p.Y400H,1.041610401
p.Y400I,1.188637931
p.Y400L,1.014320756
p.Y400F,0.910347599
p.Y400S,0.81989176
p.Y400V,1.015773254
p.Y419Y,0.596101751
p.Y419A,0.97172078
p.Y419R,1.097782877
p.Y419N,-0.039608704
p.Y419D,0.951240297
p.Y419C,1.053905345
p.Y419Q,0.974506585
p.Y419G,1.075205285
p.Y419I,0.866653401
p.Y419L,1.040776563
p.Y419M,1.228258862
p.Y419F,1.027080922
p.Y419S,0.960667118
p.Y419X,0.471420904
p.Y419V,1.059583756
p.Y42Y,1.048534112
p.Y42A,0.584443092
p.Y42R,0.997292182
p.Y42N,1.030592066
p.Y42D,0.230863637
p.Y42C,1.075902741
p.Y42Q,0.895534848
p.Y42E,0.848552762
p.Y42G,0.969467993
p.Y42H,0.875544746
p.Y42I,0.895215666
p.Y42L,0.873155426
p.Y42K,0.874553261
p.Y42M,1.073005268
p.Y42F,1.045639224
p.Y42P,1.093119037
p.Y42S,0.979033648
p.Y42X,-0.127175433
p.Y42T,0.998675082
p.Y42W,0.995775566
p.Y42V,1.027731586
p.Y442Y,1.02020635
p.Y442A,0.70150568
p.Y442R,-0.205476182
p.Y442N,-0.025737852
p.Y442C,0.240240401
p.Y442Q,0.281444162
p.Y442G,0.096374361
p.Y442H,-0.200446559
p.Y442I,1.053457806
p.Y442L,1.020928418
p.Y442K,0.421582874
p.Y442M,1.053095397
p.Y442F,0.949582032
p.Y442P,-0.193316499
p.Y442S,0.467135831
p.Y442X,-0.084063291
p.Y442T,0.235340479
p.Y442W,1.035139703
p.Y442V,1.050335871
p.Y465R,0.832749011
p.Y465N,-0.105114941
p.Y465D,0.636312695
p.Y465C,1.035196551
p.Y465Q,0.823084468
p.Y465E,0.882645631
p.Y465G,1.074953624
p.Y465H,0.77683882
p.Y465I,0.801715626
p.Y465L,0.911616587
p.Y465K,1.04679294
p.Y465M,1.066130973
p.Y465F,0.356580229
p.Y465S,1.036674997
p.Y465X,0.109564467
p.Y465T,0.982661102
p.Y465W,0.947326331
p.Y465V,1.026664023
p.Y489Y,0.986321496
p.Y489A,-0.001785681
p.Y489R,-0.043961217
p.Y489N,-0.040573579
p.Y489C,0.995655767
p.Y489E,0.793655862
p.Y489H,1.258867695
p.Y489I,0.758308972
p.Y489L,0.129238172
p.Y489K,0.061104454
p.Y489M,1.071339414
p.Y489F,0.807337499
p.Y489P,0.216977936
p.Y489S,-0.063727365
p.Y489X,-0.190289382
p.Y489T,0.141289723
p.Y489W,0.535500156
p.Y489V,1.03635991
p.Y532Y,0.997661038
p.Y532R,-0.128200622
p.Y532N,-0.071847662
p.Y532C,1.100050796
p.Y532E,-0.107325131
p.Y532G,-0.103631312
p.Y532H,0.966005433
p.Y532I,0.674306507
p.Y532L,-0.118317604
p.Y532K,0.854910389
p.Y532F,0.872458996
p.Y532S,0.342926218
p.Y532X,-0.116152295
p.Y532T,1.252097032
p.Y532W,0.544780151
p.Y532V,0.961187553
p.Y553Y,1.034329634
p.Y553A,0.827466427
p.Y553R,0.918777661
p.Y553N,0.955828393
p.Y553D,0.98167714
p.Y553C,0.883288887
p.Y553E,0.939598486
p.Y553G,0.793382325
p.Y553I,1.075276752
p.Y553L,0.954795263
p.Y553M,0.979971545
p.Y553F,1.072908609
p.Y553S,0.977015131
p.Y553X,-0.153270458
p.Y553T,0.732876743
p.Y553W,0.985490472
p.Y553V,1.023981712
p.Y576Y,1.029009957
p.Y576A,0.938002277
p.Y576R,0.152101712
p.Y576N,0.840796103
p.Y576D,-0.119763579
p.Y576C,0.899053484
p.Y576E,-0.050795389
p.Y576G,0.032497679
p.Y576H,0.967147369
p.Y576I,0.971234477
p.Y576L,1.019786655
p.Y576K,-0.015070501
p.Y576M,0.935124951
p.Y576F,0.944187365
p.Y576P,0.074991699
p.Y576S,0.795781583
p.Y576X,-0.018081993
p.Y576T,0.995133036
p.Y576W,1.000768678
p.Y576V,0.879479425
p.Y679A,0.483190345
p.Y679R,0.881197293
p.Y679N,0.974130503
p.Y679D,0.974072811
p.Y679C,0.957652892
p.Y679E,1.040113413
p.Y679G,0.80050951
p.Y679H,0.719714659
p.Y679I,1.010407033
p.Y679L,1.028838891
p.Y679K,0.899522062
p.Y679M,0.941047725
p.Y679F,1.007910906
p.Y679P,0.084950505
p.Y679S,1.001611857
p.Y679X,-0.036206745
p.Y679T,0.920292635
p.Y679W,1.007040678
p.Y679V,0.97560086
p.Y828A,1.052206697
p.Y828R,1.051919917
p.Y828N,0.925471175
p.Y828D,1.036161705
p.Y828C,1.068868209
p.Y828Q,1.070079844
p.Y828E,0.979685415
p.Y828G,1.071836239
p.Y828H,1.056974251
p.Y828I,1.049190144
p.Y828L,1.084176777
p.Y828K,0.839263641
p.Y828M,1.104038357
p.Y828F,0.924819495
p.Y828P,0.410330248
p.Y828S,1.066022727
p.Y828X,1.086885419
p.Y828T,1.067253476
p.Y828W,1.041697985
p.Y828V,1.0775689
p.Y845Y,0.959077305
p.Y845A,1.070160388
p.Y845R,1.005575174
p.Y845N,1.027433446
p.Y845D,1.024679117
p.Y845C,0.952479059
p.Y845Q,1.004878085
p.Y845E,1.021148158
p.Y845G,0.997674741
p.Y845H,0.912387813
p.Y845I,1.026549652
p.Y845L,0.831676943
p.Y845K,0.921517311
p.Y845M,0.947388479
p.Y845F,0.928867161
p.Y845P,1.072137877
p.Y845S,0.898389848
p.Y845X,1.01896153
p.Y845T,0.897149944
p.Y845W,1.037446917
p.Y845V,1.0488736
p.Y847Y,0.645833776
p.Y847A,1.00147715
p.Y847R,0.662891403
p.Y847N,0.875548408
p.Y847D,-0.183670093
p.Y847C,1.003398022
p.Y847Q,0.997584285
p.Y847E,0.994960721
p.Y847G,1.066999491
p.Y847H,0.975508033
p.Y847I,0.657151501
p.Y847L,1.019162785
p.Y847K,0.975749237
p.Y847M,0.980570673
p.Y847F,1.004066584
p.Y847P,0.984563433
p.Y847S,0.929807312
p.Y847X,0.930280517
p.Y847T,0.193134862
p.Y847W,1.035705289
p.Y847V,0.916849168
p.V12V,1.020045234
p.V127V,0.960952749
p.V127A,0.899753646
p.V127R,1.027850726
p.V127N,1.010850835
p.V127D,1.010038456
p.V127C,0.356175142
p.V127Q,1.116031712
p.V127E,0.978231205
p.V127G,1.039915287
p.V127H,1.04496346
p.V127I,0.737920691
p.V127L,1.050738233
p.V127K,1.156748666
p.V127M,0.615512339
p.V127F,0.940975154
p.V127P,1.07150942
p.V127S,1.030522961
p.V127X,0.054610026
p.V127T,0.976723159
p.V127W,1.138735095
p.V127Y,0.972639332
p.V12A,1.032295463
p.V12R,-0.020821187
p.V12N,-0.099597732
p.V12D,-0.043149014
p.V12C,1.056413474
p.V12Q,0.030243763
p.V12E,-0.025845794
p.V12G,0.580128832
p.V12H,-0.184956891
p.V12I,0.821283695
p.V12L,1.018770246
p.V12K,0.073467619
p.V12F,1.018712016
p.V12P,-0.06029571
p.V12S,0.798950201
p.V12X,0.0014054
p.V12T,1.380483413
p.V12W,0.862741991
p.V12Y,1.038586625
p.V145V,0.977116367
p.V145A,0.851248315
p.V145R,0.93967961
p.V145N,1.057990212
p.V145D,0.852708602
p.V145C,1.016706397
p.V145Q,1.22110747
p.V145E,0.9772448
p.V145G,1.089628604
p.V145H,0.808342238
p.V145I,1.074250016
p.V145L,0.935573092
p.V145K,0.975987119
p.V145M,0.933243459
p.V145F,1.035563571
p.V145P,1.186870743
p.V145S,0.97453114
p.V145X,0.072177094
p.V145T,0.906122946
p.V145W,0.929458148
p.V145Y,1.043216471
p.V189V,1.007672836
p.V189A,1.025827332
p.V189R,0.629763864
p.V189N,0.875404463
p.V189D,0.793817164
p.V189C,1.072261949
p.V189Q,0.116793601
p.V189E,0.998531059
p.V189G,1.01000314
p.V189H,1.160785702
p.V189I,1.048946595
p.V189L,0.960091429
p.V189K,0.823773055
p.V189M,1.023154721
p.V189F,0.762382037
p.V189S,1.005497887
p.V189X,-0.12032549
p.V189T,0.942298811
p.V189W,0.949564067
p.V189Y,0.442067786
p.V23V,0.92368613
p.V233V,0.817314717
p.V233A,1.045634702
p.V233R,0.951157818
p.V233N,0.967579928
p.V233D,1.009866342
p.V233C,1.040939133
p.V233Q,1.032707685
p.V233E,0.974461955
p.V233G,0.435821591
p.V233H,1.088227288
p.V233I,0.805899005
p.V233L,1.026499604
p.V233K,0.90993533
p.V233M,1.015537898
p.V233F,0.999249896
p.V233P,0.989505139
p.V233S,0.95191429
p.V233X,0.175205936
p.V233T,1.007112823
p.V233W,0.951477119
p.V233Y,0.345489693
p.V23A,0.931189776
p.V23R,1.028404259
p.V23D,0.393209179
p.V23C,1.141744089
p.V23Q,0.995202348
p.V23E,1.001828374
p.V23G,1.063816498
p.V23H,0.802562086
p.V23I,1.046861215
p.V23L,0.770230424
p.V23K,0.884655219
p.V23M,1.136717193
p.V23F,1.057298044
p.V23P,1.012101366
p.V23S,0.720085917
p.V23X,-0.062048079
p.V23T,0.951082283
p.V23W,0.312083908
p.V23Y,0.576441643
p.V268V,0.883766835
p.V268A,1.025227041
p.V268R,0.877423634
p.V268N,0.955351728
p.V268D,0.870424953
p.V268C,0.929342296
p.V268Q,0.935062949
p.V268E,1.35128416
p.V268G,0.999195681
p.V268H,0.904726365
p.V268I,1.012894216
p.V268L,0.972997629
p.V268K,1.076303634
p.V268M,0.690802375
p.V268F,0.980089838
p.V268P,0.972034191
p.V268S,1.016908394
p.V268X,-0.062617874
p.V268T,1.036309295
p.V268W,1.022750627
p.V268Y,0.995118368
p.V271V,0.985778707
p.V271A,0.991868668
p.V271R,1.01956748
p.V271N,1.004345829
p.V271D,1.054579147
p.V271C,0.869885967
p.V271Q,0.870552127
p.V271E,0.941605953
p.V271G,0.997902424
p.V271I,0.267191715
p.V271L,1.006553747
p.V271K,0.376941365
p.V271M,1.047244597
p.V271F,0.989551059
p.V271P,0.970589935
p.V271S,0.137600314
p.V271X,-0.030269455
p.V271T,1.163856051
p.V271W,0.961879454
p.V271Y,1.019017947
p.V273V,0.970162763
p.V273A,0.884254235
p.V273R,0.853549192
p.V273N,1.034526526
p.V273D,1.017139207
p.V273C,1.000960579
p.V273Q,0.643152215
p.V273E,0.938383314
p.V273G,1.003585341
p.V273H,0.996391566
p.V273I,0.941686445
p.V273L,0.93471776
p.V273K,0.39878559
p.V273M,1.068048949
p.V273F,1.101651955
p.V273P,1.016884575
p.V273S,0.998038183
p.V273X,0.188709557
p.V273T,1.032701148
p.V273W,1.047238201
p.V273Y,0.533181691
p.V295V,1.035582694
p.V295A,0.975065263
p.V295N,-0.05937449
p.V295D,-0.033659687
p.V295C,-0.019806407
p.V295Q,0.081964014
p.V295E,0.073491797
p.V295G,0.302010737
p.V295H,-0.293709558
p.V295I,0.344493433
p.V295L,1.020882957
p.V295K,0.772505716
p.V295M,0.654381013
p.V295F,0.370788734
p.V295P,-0.131413018
p.V295S,0.039545636
p.V295X,0.030279905
p.V295T,0.830529334
p.V295W,0.161729291
p.V295Y,0.148162032
p.V328V,0.968746779
p.V328A,0.943509429
p.V328R,0.935404672
p.V328N,0.954171448
p.V328D,0.651970977
p.V328C,0.930589942
p.V328Q,0.956425142
p.V328E,0.984237362
p.V328G,0.976405546
p.V328H,0.966503447
p.V328I,1.052649451
p.V328L,0.931124136
p.V328K,0.962197409
p.V328M,1.036113587
p.V328F,1.004206213
p.V328P,-0.295186396
p.V328S,1.030983704
p.V328X,-0.010103144
p.V328T,0.817094572
p.V328W,0.736751023
p.V328Y,1.030838904
p.V347V,0.968367296
p.V347A,0.870910686
p.V347R,0.653634201
p.V347N,1.093357715
p.V347C,-0.068008004
p.V347Q,-0.175459645
p.V347E,0.837196824
p.V347G,1.075081483
p.V347I,0.971699494
p.V347L,1.013069444
p.V347M,1.104431058
p.V347F,1.124643531
p.V347S,0.808169513
p.V347X,-0.141965277
p.V347T,1.022211624
p.V347W,0.912557528
p.V347Y,1.062590812
p.V369V,0.994990953
p.V369A,1.01944739
p.V369R,1.003688835
p.V369N,0.960943019
p.V369D,0.958358132
p.V369C,0.7965322
p.V369E,0.881913703
p.V369G,0.98667195
p.V369H,1.075551389
p.V369I,0.978865365
p.V369L,0.99871107
p.V369K,0.959245834
p.V369M,1.011942399
p.V369F,0.994984045
p.V369P,0.602549191
p.V369S,1.037611521
p.V369X,-0.098802701
p.V369T,1.020052241
p.V369W,0.989006215
p.V369Y,0.917877426
p.V395V,1.012820107
p.V395A,1.005101008
p.V395R,1.03054654
p.V395D,1.085847296
p.V395C,-0.11822273
p.V395G,0.503696775
p.V395I,1.018590786
p.V395L,0.820407645
p.V395K,0.760902402
p.V395M,0.9607252
p.V395F,1.023098319
p.V395S,1.003702184
p.V395X,0.032299192
p.V395T,1.057670308
p.V395Y,0.924351991
p.V409V,0.72979138
p.V409A,0.314613055
p.V409R,-0.048040209
p.V409N,-0.202442743
p.V409D,-0.104868792
p.V409C,0.323718466
p.V409G,0.049641929
p.V409I,0.970441246
p.V409L,0.990987695
p.V409F,0.718270892
p.V409P,0.086228009
p.V409S,-0.081347204
p.V409X,0.491804943
p.V409T,1.07805864
p.V409W,0.481340579
p.V429V,1.273307696
p.V429A,0.325702839
p.V429R,0.293314897
p.V429N,1.091181272
p.V429C,0.911157434
p.V429E,0.526167118
p.V429G,1.057884454
p.V429I,0.713851785
p.V429L,0.808437411
p.V429K,1.003155526
p.V429M,0.759867461
p.V429F,0.807704213
p.V429X,-0.009863176
p.V429T,-0.265233162
p.V429W,-0.02159714
p.V429Y,0.45373223
p.V430V,1.022605704
p.V430A,0.926162451
p.V430R,0.987182885
p.V430N,0.946682674
p.V430D,1.069046891
p.V430G,1.236646285
p.V430H,-0.159119142
p.V430L,0.989536202
p.V430F,0.925451943
p.V430S,-0.022941726
p.V430X,0.117482369
p.V430T,0.949013999
p.V430Y,0.970555928
p.V436V,1.023906203
p.V436N,1.074589299
p.V436D,0.05283083
p.V436E,0.91479417
p.V436G,1.000768065
p.V436I,1.049940739
p.V436L,0.416514899
p.V436K,-0.20286901
p.V436P,-0.052272763
p.V436S,0.247448992
p.V436X,-0.155867282
p.V436T,0.980999502
p.V436W,0.912212957
p.V436Y,0.775546569
p.V45V,1.054120964
p.V45A,0.870127136
p.V45R,0.814639569
p.V45N,1.143682978
p.V45D,1.101756218
p.V45C,0.793465615
p.V45Q,0.958047264
p.V45E,1.042714165
p.V45G,0.874529603
p.V45H,1.044610474
p.V45I,0.987027767
p.V45L,0.956981747
p.V45K,0.981003842
p.V45M,0.881632463
p.V45F,0.992995867
p.V45P,0.967716078
p.V45S,0.990767693
p.V45T,0.973924725
p.V45W,0.990080437
p.V45Y,1.151695475
p.V462V,0.748889746
p.V462A,0.953855553
p.V462R,0.787907708
p.V462N,1.028211436
p.V462D,1.069762538
p.V462Q,1.004617984
p.V462E,0.60492359
p.V462G,1.074194041
p.V462I,1.043854845
p.V462K,0.975607403
p.V462M,1.025334542
p.V462F,1.002921097
p.V462S,1.034455561
p.V462X,0.025653851
p.V462W,0.746054943
p.V462Y,0.950519025
p.V468V,0.988940123
p.V468A,0.62324893
p.V468R,1.002061423
p.V468N,0.055123516
p.V468C,0.162517977
p.V468G,0.442737077
p.V468I,1.072550257
p.V468L,0.012635226
p.V468M,-0.007372508
p.V468F,0.812938973
p.V468S,1.037274005
p.V468X,-0.109094279
p.V468T,1.011860414
p.V468Y,-0.045569294
p.V481V,0.457159262
p.V481R,1.201484441
p.V481N,0.19808627
p.V481C,0.998674956
p.V481G,1.011702881
p.V481I,0.962412687
p.V481L,0.674849768
p.V481K,1.022053689
p.V481M,0.674195966
p.V481F,1.173980445
p.V481P,-0.148674643
p.V481S,0.714799873
p.V481X,0.4775531
p.V481T,1.090688417
p.V481Y,-0.032093044
p.V494V,1.065410194
p.V494A,0.933649044
p.V494R,0.628381758
p.V494N,0.990872384
p.V494D,0.982423432
p.V494E,1.065820474
p.V494G,1.025477224
p.V494I,0.980223472
p.V494L,0.975968274
p.V494K,-0.183495747
p.V494M,1.016471593
p.V494F,0.973230717
p.V494P,1.16322555
p.V494S,0.973962709
p.V494T,0.989684567
p.V494W,0.774966792
p.V494Y,0.468550757
p.V498V,0.766827927
p.V498A,0.674418805
p.V498R,-0.077081198
p.V498N,0.945617095
p.V498D,-0.009480816
p.V498C,1.050189072
p.V498Q,-0.165469978
p.V498E,0.930653374
p.V498G,1.158310427
p.V498H,0.987075569
p.V498I,1.111812686
p.V498L,0.899145043
p.V498K,0.08619397
p.V498M,0.624568644
p.V498F,0.995317531
p.V498P,0.081314068
p.V498S,0.044389369
p.V498X,0.185711341
p.V498T,0.988103017
p.V498W,0.386986736
p.V498Y,-0.082669855
p.V500V,1.011110867
p.V500R,-0.317650236
p.V500N,-0.141465093
p.V500D,0.056735974
p.V500C,0.055411244
p.V500Q,0.298435614
p.V500G,0.676853362
p.V500H,-0.04333645
p.V500I,0.997475632
p.V500L,0.853857253
p.V500K,0.129140539
p.V500M,1.264618835
p.V500F,0.388212184
p.V500P,0.016888426
p.V500S,0.431099842
p.V500X,-0.080681314
p.V500T,-0.138716145
p.V500W,0.461583393
p.V500Y,0.446197565
p.V506V,0.450400724
p.V506A,0.093756678
p.V506R,1.017193107
p.V506N,0.778137207
p.V506D,0.964086817
p.V506C,0.967972973
p.V506Q,0.993853956
p.V506E,0.933888925
p.V506G,0.917771156
p.V506H,0.989158816
p.V506I,1.072457268
p.V506L,0.958639078
p.V506K,0.939678914
p.V506M,1.033167836
p.V506F,0.766911278
p.V506P,0.941091798
p.V506S,1.176456139
p.V506X,0.059348807
p.V506T,0.982985145
p.V506W,1.045454997
p.V523V,1.076842947
p.V523A,0.654427237
p.V523R,0.653815973
p.V523C,0.900677789
p.V523Q,1.025108258
p.V523E,1.101807423
p.V523G,1.03534965
p.V523H,1.062064242
p.V523I,1.10277772
p.V523L,0.854349197
p.V523K,0.954360173
p.V523M,0.971438019
p.V523F,1.021816261
p.V523S,0.983716753
p.V523X,-0.147530597
p.V523T,0.917368238
p.V523W,1.064295892
p.V523Y,0.992143676
p.V524V,1.12275525
p.V524A,0.938030358
p.V524R,0.40011115
p.V524N,1.115256634
p.V524D,0.96190537
p.V524C,0.487398433
p.V524E,0.379859373
p.V524G,1.086586645
p.V524H,0.959369567
p.V524I,0.918179124
p.V524L,0.887830061
p.V524K,-0.047969135
p.V524M,1.065070018
p.V524F,-0.152007111
p.V524S,1.109913162
p.V524X,-0.03620382
p.V524T,1.254387476
p.V524W,-0.214231883
p.V527V,1.082455513
p.V527A,0.951339588
p.V527R,1.07117236
p.V527N,1.044386509
p.V527D,1.058728954
p.V527C,1.232803415
p.V527Q,-0.297405881
p.V527E,0.863825127
p.V527G,0.873929581
p.V527H,0.329694658
p.V527I,1.098353767
p.V527L,0.961434396
p.V527K,0.947298279
p.V527M,1.076413761
p.V527F,0.993575029
p.V527S,0.99423971
p.V527T,1.076446255
p.V527W,0.936427279
p.V527Y,0.897108465
p.V550V,0.850719475
p.V550A,0.867719446
p.V550R,1.091156004
p.V550N,0.980489712
p.V550D,1.065220582
p.V550C,1.068481416
p.V550Q,0.87994028
p.V550E,0.573747663
p.V550G,0.872535575
p.V550H,1.01436447
p.V550I,0.666077762
p.V550L,0.949189601
p.V550K,1.05396171
p.V550M,0.584848231
p.V550F,0.94105607
p.V550P,1.035547365
p.V550S,0.9757219
p.V550X,-0.044394967
p.V550T,0.98141384
p.V550W,0.940884018
p.V550Y,1.01952216
p.V556V,1.079109167
p.V556A,0.980060961
p.V556R,1.02934771
p.V556N,0.970984667
p.V556D,0.971095904
p.V556C,1.067111592
p.V556Q,0.7918453
p.V556E,1.17897379
p.V556G,0.978511718
p.V556L,1.013626638
p.V556K,1.00342654
p.V556M,0.901516688
p.V556F,1.075117013
p.V556S,0.127299141
p.V556X,0.226296841
p.V556T,0.351164912
p.V556W,0.95102509
p.V556Y,1.082539203
p.V578V,0.982765929
p.V578A,1.045014938
p.V578R,-0.099800339
p.V578N,0.652475398
p.V578D,0.931686786
p.V578C,1.33426725
p.V578Q,0.824205451
p.V578E,0.499905654
p.V578G,1.009722051
p.V578H,0.857494382
p.V578I,0.690612746
p.V578L,0.996072408
p.V578K,-0.047863058
p.V578M,0.932750603
p.V578F,-0.064229375
p.V578P,0.733792027
p.V578S,1.006894665
p.V578X,0.310316991
p.V578T,1.016284448
p.V578W,-0.104210364
p.V578Y,0.026907211
p.V590V,1.01464743
p.V590A,0.527376094
p.V590R,0.899753547
p.V590N,0.985360509
p.V590D,0.985327418
p.V590G,0.642561183
p.V590I,0.84785929
p.V590L,1.090244786
p.V590K,0.73766052
p.V590M,0.230974583
p.V590F,0.494915254
p.V590P,0.934369066
p.V590S,0.556980435
p.V590X,0.071663871
p.V590T,1.024782015
p.V590W,1.015997827
p.V613V,0.999248491
p.V613A,1.023802355
p.V613R,0.905076964
p.V613D,0.050850692
p.V613C,0.141802835
p.V613Q,0.097759068
p.V613E,0.966072651
p.V613G,0.878388967
p.V613H,1.086645336
p.V613I,1.113555875
p.V613L,0.967099237
p.V613K,0.984164816
p.V613M,1.026638981
p.V613F,0.823512836
p.V613P,-0.101246242
p.V613S,0.270252055
p.V613X,-0.047416974
p.V613T,0.958873786
p.V613W,0.994767882
p.V618V,0.954767218
p.V618A,1.015158367
p.V618R,-0.090748202
p.V618N,0.203297655
p.V618D,-0.023609041
p.V618C,1.016824154
p.V618E,0.09450637
p.V618G,-0.043049801
p.V618H,-0.125620596
p.V618L,0.95087079
p.V618M,0.418551824
p.V618F,0.452419562
p.V618P,-0.199701631
p.V618S,-0.200796104
p.V618X,-0.187933835
p.V618W,0.044600404
p.V618Y,-0.147718828
p.V639V,0.9911701
p.V639A,0.89551159
p.V639R,0.590630774
p.V639D,0.954194713
p.V639C,0.914012722
p.V639G,0.9220808
p.V639H,1.002610289
p.V639I,0.995929606
p.V639L,0.678140642
p.V639K,0.861852182
p.V639M,0.992666396
p.V639F,1.021521756
p.V639P,-0.151455145
p.V639S,0.978592583
p.V639T,0.945610757
p.V653V,0.988046405
p.V653A,0.395385902
p.V653R,0.952167075
p.V653N,1.062559036
p.V653D,0.655414343
p.V653C,1.0293299
p.V653Q,0.852164899
p.V653E,0.298484531
p.V653G,0.712264652
p.V653H,0.93501055
p.V653I,1.037795567
p.V653L,1.001383868
p.V653K,1.030849047
p.V653F,0.850956572
p.V653P,-0.017124808
p.V653S,0.950698527
p.V653X,0.047063444
p.V653T,0.641257527
p.V653W,-0.050958729
p.V653Y,0.631356524
p.V66V,1.051632833
p.V664V,0.588272716
p.V664A,0.988055012
p.V664R,1.008174616
p.V664N,1.020641813
p.V664D,0.100992975
p.V664C,0.864393478
p.V664Q,0.591017534
p.V664E,1.129740451
p.V664G,0.969643067
p.V664L,0.80340811
p.V664M,0.707437904
p.V664F,1.034791807
p.V664P,1.011733322
p.V664S,1.022579556
p.V664X,0.009357847
p.V664T,1.004897195
p.V664W,0.925949436
p.V664Y,1.034277919
p.V66A,1.055611809
p.V66R,0.96431234
p.V66N,1.057047566
p.V66D,1.091697591
p.V66C,1.013524301
p.V66Q,1.128365227
p.V66E,1.158513221
p.V66G,1.064952169
p.V66H,1.076185495
p.V66I,1.100147224
p.V66L,0.937151441
p.V66K,0.980605772
p.V66M,0.794668093
p.V66F,0.884479784
p.V66P,1.045223623
p.V66S,0.973653683
p.V66X,0.276135269
p.V66T,0.92107065
p.V66W,1.105820012
p.V66Y,1.043650994
p.V719V,1.029784745
p.V719A,1.027997919
p.V719R,1.02330307
p.V719N,1.069542855
p.V719D,1.048803063
p.V719C,0.946366354
p.V719Q,0.92911714
p.V719E,0.970115451
p.V719G,0.748024026
p.V719H,0.954338858
p.V719I,0.890692812
p.V719L,0.948275116
p.V719K,0.968447416
p.V719M,1.08487556
p.V719F,1.101698109
p.V719P,1.002705883
p.V719S,0.936039546
p.V719X,0.021751078
p.V719T,0.958066584
p.V719W,1.039465824
p.V719Y,0.616858932
p.V727V,0.996289552
p.V727A,1.016869244
p.V727R,0.943296274
p.V727N,1.002082112
p.V727C,0.339669311
p.V727Q,1.005819096
p.V727E,0.984139389
p.V727G,1.008912295
p.V727I,0.893775445
p.V727L,0.991867906
p.V727K,1.03311303
p.V727F,1.020035186
p.V727P,0.951351929
p.V727S,0.229246356
p.V727X,0.134982216
p.V727T,0.930659468
p.V727W,1.004504975
p.V727Y,0.991190425
p.V731V,0.762849317
p.V731A,0.947948352
p.V731R,1.016390917
p.V731N,1.039312367
p.V731D,1.031553699
p.V731C,0.868999413
p.V731Q,0.948174669
p.V731E,0.973417576
p.V731G,1.003832216
p.V731H,1.008399047
p.V731I,1.043000927
p.V731L,1.014036068
p.V731M,1.022600778
p.V731F,1.012933594
p.V731P,0.963800993
p.V731S,1.02288051
p.V731X,-0.126336699
p.V731W,1.007470836
p.V731Y,0.934776938
p.V736V,1.050082982
p.V736A,0.822096916
p.V736R,0.985611599
p.V736N,1.013876086
p.V736D,0.992746676
p.V736C,0.109074436
p.V736Q,0.951536447
p.V736E,1.013439792
p.V736G,0.983511561
p.V736H,0.979832271
p.V736I,0.991921034
p.V736L,0.672164413
p.V736K,1.004850318
p.V736M,0.905626259
p.V736F,0.985506724
p.V736P,0.268914799
p.V736S,0.969793037
p.V736X,-0.216467772
p.V736T,1.026804155
p.V736W,1.043161286
p.V736Y,1.087130645
p.V746V,1.06356638
p.V746A,1.032064222
p.V746R,0.962805498
p.V746N,0.906652091
p.V746D,0.985754485
p.V746C,1.032054731
p.V746E,1.048091249
p.V746G,1.040257738
p.V746I,0.899295778
p.V746L,1.039947072
p.V746K,1.094811094
p.V746M,0.986734863
p.V746F,0.947453816
p.V746P,1.05644698
p.V746S,0.770287657
p.V746X,-0.152204175
p.V746T,1.033383711
p.V746W,0.94855151
p.V746Y,0.944308321
p.V762V,1.015470167
p.V762A,1.022735606
p.V762R,0.98707049
p.V762N,0.962063704
p.V762D,1.024680335
p.V762C,0.950929447
p.V762Q,0.807073985
p.V762E,0.69845196
p.V762G,0.998376738
p.V762I,1.065947299
p.V762L,0.82999626
p.V762K,0.330006093
p.V762M,0.837961088
p.V762F,0.091024291
p.V762P,0.998335351
p.V762S,0.577027446
p.V762X,-0.145736594
p.V762T,0.348293683
p.V762W,0.98011058
p.V765V,0.911831738
p.V765A,0.384250035
p.V765R,0.931268882
p.V765N,0.998944781
p.V765D,1.015930316
p.V765C,1.113460926
p.V765Q,0.880406614
p.V765E,0.944804557
p.V765G,0.903081697
p.V765H,0.943515708
p.V765L,0.919458384
p.V765M,0.947119718
p.V765F,1.04440457
p.V765P,0.266476108
p.V765S,0.699904867
p.V765X,-0.085985497
p.V765T,1.015232948
p.V765W,0.580212853
p.V765Y,1.0116845
p.V775V,1.028855181
p.V775A,1.024311769
p.V775R,0.973507178
p.V775N,0.986317413
p.V775D,1.014788162
p.V775C,0.956081274
p.V775Q,1.016133142
p.V775E,1.033839462
p.V775G,1.00699607
p.V775H,0.948682231
p.V775I,1.032937015
p.V775L,0.953070201
p.V775K,1.06295505
p.V775M,0.6327537
p.V775F,0.852824208
p.V775P,1.050037826
p.V775S,0.937086653
p.V775X,0.067525383
p.V775T,1.007984308
p.V775W,1.019090526
p.V775Y,1.026047877
p.V787V,1.065323215
p.V787A,0.877895973
p.V787R,1.04346472
p.V787N,0.751685387
p.V787D,0.908567761
p.V787C,0.887468236
p.V787Q,0.717097312
p.V787E,1.006395423
p.V787G,1.035857141
p.V787H,1.022846415
p.V787I,1.020005669
p.V787L,0.99894661
p.V787K,1.015525909
p.V787M,0.985357256
p.V787F,1.032626288
p.V787P,1.009971494
p.V787S,0.974524249
p.V787X,-0.279330409
p.V787T,0.947030364
p.V787W,1.017672905
p.V787Y,0.87395521
p.V79V,0.975201043
p.V793V,1.008977787
p.V793A,0.907679489
p.V793R,1.029299697
p.V793N,1.024539251
p.V793D,0.999959562
p.V793C,1.11714317
p.V793Q,0.967303117
p.V793E,0.997512615
p.V793G,0.962735253
p.V793H,0.754939549
p.V793I,1.006122316
p.V793L,0.974816714
p.V793K,0.977020834
p.V793M,0.968361812
p.V793F,0.984031227
p.V793P,0.932329299
p.V793S,0.083270981
p.V793X,-0.038346844
p.V793T,0.997390243
p.V793W,0.999022465
p.V793Y,1.035189615
p.V797V,1.037379959
p.V797A,0.997780197
p.V797R,-0.159329891
p.V797N,-0.197236106
p.V797D,0.611771191
p.V797C,1.004784739
p.V797Q,0.803223206
p.V797E,0.888076159
p.V797G,0.717030601
p.V797H,0.843484676
p.V797L,1.049271917
p.V797K,-0.231820509
p.V797M,1.064642613
p.V797F,0.94535236
p.V797P,0.940465952
p.V797S,1.036588896
p.V797X,-0.306738811
p.V797W,1.028777457
p.V79A,1.063067675
p.V79R,0.956016974
p.V79N,0.74182163
p.V79D,0.91563102
p.V79C,1.023521484
p.V79Q,0.992792747
p.V79E,1.014565401
p.V79G,1.040653717
p.V79H,1.081798934
p.V79I,0.980579273
p.V79L,0.948455559
p.V79K,0.799693741
p.V79M,0.908878032
p.V79F,0.875304596
p.V79P,1.02906062
p.V79S,1.035663853
p.V79X,-0.060420317
p.V79T,0.984737076
p.V79W,0.997429021
p.V79Y,0.93007601
p.V800V,0.798817809
p.V800A,1.008944221
p.V800R,0.122552248
p.V800N,0.980194837
p.V800D,-0.068905376
p.V800C,1.023276682
p.V800Q,0.81505874
p.V800E,-0.035048551
p.V800G,0.970438694
p.V800H,0.804313765
p.V800I,0.885990245
p.V800L,0.591039505
p.V800K,0.995278826
p.V800F,0.984613961
p.V800P,0.932883284
p.V800S,1.047286785
p.V800X,0.557221976
p.V800T,1.04705951
p.V800W,0.317740588
p.V806V,0.987736136
p.V806A,1.012728133
p.V806R,1.05928798
p.V806N,1.070399717
p.V806C,1.096068057
p.V806E,-0.16107258
p.V806G,0.901571844
p.V806H,0.517940967
p.V806I,0.932480281
p.V806L,0.976229632
p.V806K,1.111477487
p.V806S,1.006804797
p.V806X,1.107140451
p.V806T,0.282711149
p.V827V,0.938208888
p.V827A,0.953954492
p.V827R,0.453588854
p.V827N,0.710140547
p.V827D,0.890613656
p.V827C,0.755505712
p.V827E,0.287308044
p.V827G,0.962736936
p.V827I,0.992805994
p.V827L,0.951913454
p.V827K,1.015823029
p.V827M,-0.127773725
p.V827F,1.088064142
p.V827S,1.022597948
p.V827X,1.058243265
p.V827T,0.916605857
p.V827W,1.074512576
p.V836V,1.035306986
p.V836A,1.043523731
p.V836R,0.750412279
p.V836N,0.92416868
p.V836D,0.922672304
p.V836C,0.92036804
p.V836Q,0.756592058
p.V836E,0.61454649
p.V836G,0.995558272
p.V836H,0.73350581
p.V836I,1.034914322
p.V836L,0.939412875
p.V836M,0.911854247
p.V836F,1.004138393
p.V836P,0.971271438
p.V836S,-0.161678564
p.V836X,0.848903305
p.V836T,0.951757952
p.V836Y,0.912615436
p.V853V,0.950755545
p.V853A,1.058816194
p.V853R,1.003409642
p.V853N,1.042194033
p.V853D,0.941889273
p.V853C,0.920894608
p.V853Q,0.968300396
p.V853E,1.057545414
p.V853G,0.988905338
p.V853H,0.506558146
p.V853I,1.045397206
p.V853L,0.847101505
p.V853K,0.900872265
p.V853M,0.943876711
p.V853F,0.108490595
p.V853P,1.008724237
p.V853S,0.719689867
p.V853X,0.979237358
p.V853T,0.574294027
p.V853W,0.995031863
p.V853Y,1.009393763
p.V859V,0.946283743
p.V859A,1.019709574
p.V859R,0.681618779
p.V859N,0.960670366
p.V859D,1.001105378
p.V859C,0.994503296
p.V859Q,1.015494007
p.V859E,1.021792207
p.V859G,0.821667762
p.V859H,0.499564151
p.V859L,0.968537185
p.V859K,0.977759374
p.V859M,0.984213181
p.V859F,1.045451731
p.V859P,0.694014591
p.V859S,0.99569743
p.V859X,0.00820771
p.V859T,0.817129534
p.V859W,0.971323865
p.V93V,0.93837569
p.V93A,1.058049813
p.V93R,1.008283483
p.V93N,0.999550692
p.V93D,1.090740634
p.V93C,1.022727254
p.V93Q,0.973123018
p.V93E,1.008499443
p.V93G,0.868698189
p.V93H,1.031233569
p.V93I,1.020542449
p.V93L,0.999429181
p.V93K,0.965620444
p.V93M,0.98843376
p.V93F,1.026416019
p.V93P,0.494949707
p.V93S,0.992937066
p.V93X,-0.154689951
p.V93T,0.980876154
p.V93W,1.083636104
p.V93Y,1.053290795