hgvs_pro,functional_score_noVLDL
p.A13A,0.981486792
p.A13R,1.079282815
p.A13N,1.113525471
p.A13D,0.883352254
p.A13C,1.125081043
p.A13Q,1.017376386
p.A13E,0.748211524
p.A13G,0.883405462
p.A13H,0.608077093
p.A13I,1.028594962
p.A13L,1.069791682
p.A13K,0.059984473
p.A13M,0.908139289
p.A13F,1.045295641
p.A13P,0.994483151
p.A13S,1.057038863
p.A13X,0.188290664
p.A13T,0.913724753
p.A13W,0.700386815
p.A13Y,0.902490284
p.A13V,1.07166682
p.A141A,1.046672857
p.A141R,0.964121819
p.A141N,0.730805234
p.A141D,0.927335798
p.A141C,0.702688744
p.A141Q,1.174968876
p.A141E,1.091554806
p.A141G,0.924167509
p.A141H,0.300820895
p.A141L,1.014646213
p.A141K,1.022513348
p.A141M,0.992285662
p.A141F,1.0369091
p.A141P,-0.2015088
p.A141S,1.1292217
p.A141X,0.003596782
p.A141T,1.024458964
p.A141W,0.885652971
p.A141Y,0.937026587
p.A141V,0.994277978
p.A151A,0.996717573
p.A151R,0.998812496
p.A151N,0.750890047
p.A151D,0.970512443
p.A151C,0.869939271
p.A151Q,0.151825011
p.A151E,0.635455382
p.A151G,0.987347325
p.A151H,0.936309703
p.A151I,0.584531345
p.A151L,0.989455613
p.A151K,1.000596718
p.A151M,0.546922796
p.A151F,0.942859829
p.A151P,0.858894002
p.A151S,0.998290387
p.A151X,-0.152306045
p.A151T,0.874709953
p.A151W,1.021972611
p.A151Y,0.756798402
p.A151V,0.912602036
p.A166A,1.009547258
p.A166R,0.928660566
p.A166N,0.285564452
p.A166D,0.938830104
p.A166C,1.058817635
p.A166Q,0.529946545
p.A166E,0.863939498
p.A166G,0.853699154
p.A166H,-0.048030491
p.A166I,1.078976252
p.A166L,1.215976202
p.A166K,1.079663819
p.A166M,0.973815358
p.A166F,1.031043396
p.A166P,0.073273476
p.A166S,0.963132788
p.A166X,0.083937214
p.A166T,1.012251014
p.A166W,1.072510358
p.A166Y,1.016162359
p.A166V,1.029726406
p.A17A,1.051589778
p.A17R,-0.094997166
p.A17N,0.89258386
p.A17D,0.415555463
p.A17C,0.667495287
p.A17Q,1.13487568
p.A17G,0.984897884
p.A17L,0.986964161
p.A17K,-0.036377089
p.A17M,1.048250004
p.A17F,0.148387657
p.A17P,0.855977658
p.A17S,1.085669986
p.A17T,0.66307871
p.A17Y,1.008305541
p.A17V,0.320234589
p.A18A,0.084571495
p.A18R,0.713289021
p.A18G,1.047103892
p.A18H,1.191234369
p.A18K,1.120509898
p.A18P,0.861811807
p.A18S,0.9653913
p.A18T,1.032594465
p.A18V,1.039868875
p.A19A,0.991101398
p.A199A,0.930400627
p.A199R,0.973192055
p.A199D,1.013309566
p.A199C,0.917882054
p.A199Q,0.597957783
p.A199E,0.239305866
p.A199G,1.024721286
p.A199H,1.052269843
p.A199I,0.794619875
p.A199L,1.105950482
p.A199K,0.538732829
p.A199M,1.005534103
p.A199F,0.948481385
p.A199P,1.045929661
p.A199S,0.903187765
p.A199X,-0.333427344
p.A199T,1.086357458
p.A199W,0.770210687
p.A199Y,0.964821581
p.A199V,0.976100409
p.A19R,0.692545307
p.A19N,0.747452331
p.A19D,0.855576564
p.A19C,-0.234021942
p.A19Q,0.094095766
p.A19E,1.144711117
p.A19G,0.979767708
p.A19H,1.011883719
p.A19I,0.065840952
p.A19L,1.000863406
p.A19K,0.798045862
p.A19M,1.011960083
p.A19F,0.858732654
p.A19S,1.043936459
p.A19X,-0.155908356
p.A19T,0.723450708
p.A19W,1.043348873
p.A19Y,0.951397735
p.A19V,1.023999853
p.A22A,1.019657505
p.A22R,0.969716958
p.A22N,1.095144192
p.A22D,1.075080533
p.A22C,0.307821038
p.A22Q,0.284534359
p.A22E,0.895653161
p.A22G,0.788353472
p.A22H,0.868455667
p.A22I,1.151213579
p.A22L,0.977904911
p.A22K,0.393659783
p.A22M,0.988923528
p.A22F,0.357493366
p.A22P,0.475551073
p.A22S,0.972231564
p.A22X,-0.071006063
p.A22T,-0.202811388
p.A22W,0.961096866
p.A22Y,0.218035173
p.A22V,1.034613684
p.A232A,1.036958048
p.A232R,1.079317409
p.A232N,0.970168481
p.A232D,1.03826564
p.A232C,0.79431203
p.A232Q,0.516326334
p.A232E,1.117771129
p.A232G,1.006020905
p.A232H,-0.019096512
p.A232I,-0.12256893
p.A232L,0.732878476
p.A232K,0.989808001
p.A232M,0.923319884
p.A232F,1.00894249
p.A232P,1.14994294
p.A232S,1.02200006
p.A232X,0.521086283
p.A232T,0.946136006
p.A232W,0.285105264
p.A232Y,0.991086486
p.A232V,0.863199983
p.A234A,0.553221234
p.A234R,1.030191483
p.A234N,0.95110261
p.A234D,0.90119924
p.A234C,0.98132323
p.A234Q,0.577415467
p.A234E,1.088617185
p.A234G,1.031270352
p.A234H,0.383170948
p.A234I,1.011361289
p.A234L,0.580000372
p.A234K,-0.090200749
p.A234M,0.872597138
p.A234F,1.086782482
p.A234P,1.003186717
p.A234S,0.79439562
p.A234X,-0.014379132
p.A234T,1.120457825
p.A234W,0.965389401
p.A234Y,1.020360167
p.A234V,1.048375736
p.A299A,-0.172670759
p.A299R,1.070523945
p.A299N,0.96978203
p.A299D,1.12458443
p.A299C,0.126820993
p.A299G,0.916775764
p.A299H,1.035002255
p.A299I,-0.082526607
p.A299L,1.019020408
p.A299K,0.939687551
p.A299M,1.065763994
p.A299F,1.059462519
p.A299P,0.355020011
p.A299S,0.295952998
p.A299X,0.536278215
p.A299T,-0.111262128
p.A299W,0.009100119
p.A299Y,1.00126238
p.A299V,0.926429429
p.A348A,0.968276683
p.A348R,0.661089547
p.A348D,0.802481726
p.A348C,0.610693823
p.A348Q,0.251260458
p.A348E,0.735546205
p.A348G,0.981895262
p.A348I,0.964037915
p.A348K,0.904008383
p.A348S,1.058210564
p.A348T,-0.288688622
p.A348V,-0.007251882
p.A391A,0.984885944
p.A391N,1.047073876
p.A391D,1.083817234
p.A391C,0.614479029
p.A391Q,1.089466461
p.A391E,1.104849487
p.A391G,0.978031665
p.A391L,1.017478225
p.A391K,0.32421123
p.A391F,1.014593988
p.A391P,1.129052887
p.A391S,1.014887438
p.A391T,1.177472273
p.A391Y,1.151373212
p.A391V,0.947982704
p.A394A,1.106863952
p.A394R,1.020939523
p.A394N,0.996661058
p.A394D,1.177959083
p.A394C,1.143163603
p.A394E,1.074895291
p.A394G,0.930340424
p.A394H,1.026168619
p.A394I,0.967420135
p.A394L,0.969883206
p.A394K,1.103818554
p.A394M,0.933169555
p.A394F,1.017323723
p.A394P,1.038638377
p.A394S,1.113055114
p.A394X,-0.06695837
p.A394T,1.087487926
p.A394Y,0.965465227
p.A394V,0.930064744
p.A399A,1.09169863
p.A399R,0.446150384
p.A399G,0.961406874
p.A399L,0.698449285
p.A399K,1.200464842
p.A399S,0.585886961
p.A399X,0.054495216
p.A399Y,1.043506564
p.A431R,0.933133836
p.A431N,0.94307307
p.A431D,0.382140065
p.A431E,0.123952613
p.A431G,0.683040112
p.A431H,0.232562099
p.A431I,0.799925198
p.A431L,-0.005353457
p.A431M,0.616746974
p.A431F,-0.148772108
p.A431P,0.069856343
p.A431S,0.953859292
p.A431T,0.797013394
p.A431W,0.230239247
p.A431V,0.264537792
p.A437A,1.034353547
p.A437R,0.957582783
p.A437D,0.918538982
p.A437C,1.105167714
p.A437E,1.01052953
p.A437G,1.036207087
p.A437H,0.695412333
p.A437I,1.108885876
p.A437L,1.028819006
p.A437F,0.991131351
p.A437P,0.536069676
p.A437S,0.723651849
p.A437T,0.744266425
p.A437W,0.801508413
p.A437V,1.110332444
p.A459A,1.153120349
p.A459R,1.080394349
p.A459N,1.049006052
p.A459D,1.023433316
p.A459E,0.912725425
p.A459G,0.782248203
p.A459I,1.058086603
p.A459L,0.999418839
p.A459M,1.12292612
p.A459F,0.796429913
p.A459S,0.953918192
p.A459X,0.180403415
p.A459T,0.909834877
p.A459W,1.001289647
p.A459Y,0.951815217
p.A459V,0.832004964
p.A475A,1.021741696
p.A475R,1.018343786
p.A475N,1.244802177
p.A475E,0.857802861
p.A475G,0.925995589
p.A475H,1.056124785
p.A475I,0.86991049
p.A475L,0.999981091
p.A475K,0.71757025
p.A475M,1.115601547
p.A475F,1.081299567
p.A475S,0.399286461
p.A475X,-0.261477443
p.A475T,0.937753587
p.A475W,0.715943382
p.A475Y,0.806588344
p.A475V,0.935772592
p.A480R,1.000977736
p.A480D,0.922865446
p.A480C,1.098738306
p.A480E,0.842984363
p.A480G,0.990361221
p.A480I,0.755867024
p.A480M,0.65271649
p.A480F,-0.129145302
p.A480P,-0.18759721
p.A480S,0.822818462
p.A480X,0.294486982
p.A480T,1.110753507
p.A480Y,0.021805927
p.A480V,0.884530176
p.A50A,1.12602931
p.A501A,0.750594557
p.A501R,0.662367331
p.A501N,-0.1662775
p.A501D,0.739366339
p.A501C,0.955195781
p.A501E,0.722917452
p.A501G,1.018424689
p.A501I,1.09148271
p.A501L,0.798657678
p.A501K,0.406439556
p.A501F,1.032831122
p.A501P,0.109138232
p.A501S,0.982611139
p.A501X,-0.016401989
p.A501T,0.958440912
p.A501W,1.048827063
p.A501Y,1.007269908
p.A501V,0.799806965
p.A50R,0.916065097
p.A50N,-0.078847299
p.A50D,0.919057045
p.A50C,0.822102784
p.A50Q,1.01660573
p.A50G,1.042022152
p.A50I,0.446592133
p.A50L,1.014965343
p.A50K,0.71957805
p.A50M,0.966950424
p.A50P,0.993259567
p.A50S,0.9339243
p.A50X,0.05909941
p.A50T,1.014803006
p.A50W,0.181678138
p.A50Y,0.864618317
p.A50V,1.000079322
p.A521A,0.916228491
p.A521R,0.763554879
p.A521N,1.105409734
p.A521D,0.998352182
p.A521C,0.805632117
p.A521E,0.838767708
p.A521G,0.865689021
p.A521I,0.777182456
p.A521L,0.537276188
p.A521M,0.953303667
p.A521F,0.956085704
p.A521P,0.734007476
p.A521S,0.926852063
p.A521X,0.117633236
p.A521W,1.041628605
p.A521Y,0.990835123
p.A521V,0.619062685
p.A540A,1.101397984
p.A540R,0.909367355
p.A540N,-0.061378646
p.A540D,0.908562613
p.A540C,0.944327343
p.A540Q,0.963567338
p.A540E,0.790732958
p.A540G,0.98557402
p.A540I,0.902656957
p.A540L,0.690554376
p.A540K,0.635403323
p.A540M,0.804108295
p.A540F,0.774450294
p.A540P,0.760710711
p.A540S,0.906533807
p.A540X,-0.035588106
p.A540T,0.958206696
p.A540W,0.862593867
p.A540Y,0.665827551
p.A540V,0.829459978
p.A606A,0.939448677
p.A606R,0.962669807
p.A606D,0.985465959
p.A606C,1.067426123
p.A606Q,1.052744461
p.A606E,0.461690776
p.A606G,1.017265892
p.A606H,0.971964187
p.A606I,1.093677646
p.A606L,1.012180367
p.A606K,0.930792596
p.A606M,-0.141397923
p.A606F,1.086915559
p.A606P,0.949525636
p.A606S,1.001793717
p.A606X,0.046808219
p.A606T,1.006402496
p.A606W,0.971041633
p.A606Y,1.035029428
p.A606V,0.881081868
p.A612A,0.949868611
p.A612R,0.98682594
p.A612N,1.071979764
p.A612D,0.884497117
p.A612C,0.741131735
p.A612Q,0.108503375
p.A612E,1.090526373
p.A612G,0.947267287
p.A612H,-0.039468731
p.A612I,0.898451443
p.A612L,-0.009309131
p.A612P,0.41205406
p.A612S,1.020469731
p.A612X,-0.181164137
p.A612T,1.011841686
p.A612Y,0.586460434
p.A612V,1.043488718
p.A627A,0.992616413
p.A627R,-0.00609861
p.A627D,0.371304211
p.A627E,0.805996631
p.A627G,0.749036257
p.A627H,0.864074468
p.A627I,0.152053669
p.A627L,0.120786864
p.A627K,0.563714555
p.A627M,0.909576467
p.A627P,-0.170555492
p.A627S,0.9813315
p.A627X,-0.187469268
p.A627T,0.756056063
p.A627W,0.69298482
p.A627Y,0.010849603
p.A627V,0.963525345
p.A631A,1.020577031
p.A631R,0.354470152
p.A631N,0.703555927
p.A631D,-0.035747557
p.A631C,0.636644495
p.A631Q,0.659666658
p.A631G,1.050895225
p.A631H,-0.146996892
p.A631I,0.9730973
p.A631L,0.457249115
p.A631K,-0.141397923
p.A631M,0.959829884
p.A631F,0.276131729
p.A631P,-0.072308575
p.A631S,0.87743531
p.A631X,-0.048454007
p.A631T,0.895248671
p.A631W,-0.07756849
p.A631V,0.897499992
p.A643A,1.191103928
p.A643N,1.086933616
p.A643D,0.994349156
p.A643C,1.02838721
p.A643Q,0.958257961
p.A643E,0.998057735
p.A643G,0.992285185
p.A643H,0.92664839
p.A643I,1.020003261
p.A643L,0.7120881
p.A643K,0.918886842
p.A643M,-0.374580188
p.A643F,0.978994989
p.A643P,-0.176817439
p.A643S,0.651045227
p.A643X,-0.037672335
p.A643T,0.998918491
p.A643W,0.990098557
p.A643Y,1.004379293
p.A643V,0.966432372
p.A684A,1.25128538
p.A684R,0.591574515
p.A684D,0.967233426
p.A684C,0.087753322
p.A684E,0.431386183
p.A684G,1.019660885
p.A684H,0.821390803
p.A684I,1.039881901
p.A684L,0.95046956
p.A684K,0.984691815
p.A684M,0.937859306
p.A684F,1.070725797
p.A684P,0.495148882
p.A684S,0.862523588
p.A684X,0.053466865
p.A684T,-0.006977824
p.A684Y,0.99336701
p.A684V,1.044566798
p.A697A,0.923138818
p.A697R,0.077494569
p.A697D,1.026090246
p.A697C,0.921492711
p.A697Q,0.973570294
p.A697G,1.050865856
p.A697H,1.021707557
p.A697I,1.030953224
p.A697L,1.014606998
p.A697K,1.034397304
p.A697M,0.627075051
p.A697F,0.992215814
p.A697P,0.285257474
p.A697S,0.993875082
p.A697X,-0.021289143
p.A697T,0.895620919
p.A697W,0.885787981
p.A697Y,0.964593671
p.A697V,1.002333214
p.A705A,0.965747118
p.A705R,0.84865171
p.A705N,0.921782387
p.A705D,1.160635805
p.A705C,0.916842496
p.A705E,0.740273532
p.A705G,1.060866634
p.A705I,0.881134712
p.A705L,0.830347407
p.A705K,1.151656424
p.A705M,0.971570249
p.A705F,0.374623488
p.A705P,0.53547613
p.A705S,0.928542971
p.A705T,0.978788413
p.A705Y,1.204935693
p.A705V,1.096875584
p.A715A,1.01060179
p.A715R,0.994833921
p.A715N,1.024196938
p.A715D,1.036156839
p.A715C,0.908291043
p.A715Q,1.297018314
p.A715E,0.993899639
p.A715G,0.997935653
p.A715H,0.964520393
p.A715I,0.904976268
p.A715L,0.590891054
p.A715K,0.816961015
p.A715M,0.985425945
p.A715F,1.009429145
p.A715P,0.817063015
p.A715S,1.018162493
p.A715X,0.444008024
p.A715T,1.048952852
p.A715W,0.958162336
p.A715Y,0.931690509
p.A715V,0.994305395
p.A717A,0.969061667
p.A717R,1.084336273
p.A717N,1.043329192
p.A717D,1.02942465
p.A717C,0.96211364
p.A717Q,0.922739533
p.A717E,1.011159187
p.A717G,1.018612878
p.A717H,1.004473645
p.A717I,0.956981487
p.A717L,0.91993783
p.A717K,0.754585884
p.A717M,1.044621088
p.A717F,1.037076991
p.A717P,0.971289506
p.A717S,0.852126009
p.A717X,-0.184011651
p.A717T,1.07202922
p.A717W,0.917434104
p.A717Y,1.087374788
p.A717V,1.037636888
p.A718A,0.983633092
p.A718R,1.057261234
p.A718N,1.076435648
p.A718D,1.017778944
p.A718C,0.955641714
p.A718Q,0.93101989
p.A718E,0.982620065
p.A718G,0.973202461
p.A718H,0.994103877
p.A718I,0.969759065
p.A718L,0.979888585
p.A718K,0.892959941
p.A718M,1.023669979
p.A718F,0.682345661
p.A718P,0.999364875
p.A718S,0.970352035
p.A718X,-0.413158015
p.A718T,0.852661971
p.A718W,0.875218529
p.A718Y,1.001407575
p.A718V,0.788003338
p.A720A,0.995087508
p.A720R,1.015079225
p.A720N,1.028922008
p.A720D,1.028089057
p.A720C,1.058506639
p.A720Q,0.645449134
p.A720E,0.98830479
p.A720G,0.994405471
p.A720H,0.043991617
p.A720I,1.015683053
p.A720L,0.774154434
p.A720K,0.972704451
p.A720M,0.844404756
p.A720F,0.581103201
p.A720P,1.016860705
p.A720S,0.689632458
p.A720X,-0.146930892
p.A720T,1.02420128
p.A720W,0.964004108
p.A720Y,0.985337082
p.A720V,1.010129134
p.A735A,1.0101661
p.A735R,0.906368514
p.A735N,0.012371683
p.A735D,1.006286611
p.A735C,0.9227245
p.A735Q,1.008315262
p.A735E,1.02877918
p.A735G,0.88220171
p.A735H,0.999394811
p.A735L,1.055683727
p.A735K,1.050591716
p.A735M,1.001509005
p.A735F,1.011645018
p.A735P,0.698947006
p.A735S,1.020413009
p.A735X,-0.1770688
p.A735T,0.89268326
p.A735W,0.993409731
p.A735Y,1.02950067
p.A735V,0.989928618
p.A755A,0.988344344
p.A755R,1.037453333
p.A755N,0.856180622
p.A755D,0.689106785
p.A755C,0.800400049
p.A755Q,1.023076458
p.A755E,0.967175885
p.A755G,1.001581713
p.A755H,0.660805159
p.A755I,1.048599212
p.A755L,0.850480029
p.A755K,0.82620043
p.A755M,0.779596912
p.A755F,0.99210141
p.A755P,0.979456103
p.A755S,0.265540472
p.A755X,-0.28329291
p.A755T,1.017015739
p.A755W,1.010983934
p.A755Y,1.043105827
p.A755V,0.978209356
p.A771A,1.030533071
p.A771R,0.882889804
p.A771N,0.448772136
p.A771D,1.080803734
p.A771C,1.008029896
p.A771Q,1.043843669
p.A771E,-0.217617589
p.A771G,0.960177794
p.A771H,0.167386045
p.A771I,0.996426751
p.A771L,0.975085798
p.A771K,1.002878941
p.A771M,1.029242803
p.A771F,0.960894852
p.A771P,1.027501105
p.A771S,1.087377151
p.A771X,0.419071641
p.A771T,1.007726807
p.A771W,0.940553086
p.A771Y,0.864856673
p.A771V,1.011752839
p.A776A,0.988650587
p.A776R,0.84853717
p.A776D,0.711575695
p.A776C,0.878859753
p.A776Q,1.03519974
p.A776E,1.072697018
p.A776G,0.961931684
p.A776H,0.974369912
p.A776I,0.993283092
p.A776L,0.997966336
p.A776K,0.932910447
p.A776M,0.897147467
p.A776F,0.958015537
p.A776P,0.990181709
p.A776S,0.871332888
p.A776T,1.065946009
p.A776W,0.999333891
p.A776Y,1.036049011
p.A776V,0.978146793
p.A789A,1.146824148
p.A789R,1.063412449
p.A789N,1.015951893
p.A789D,0.919485642
p.A789C,0.9977691
p.A789Q,0.985610766
p.A789E,1.029169577
p.A789G,1.006581352
p.A789H,1.00514998
p.A789I,1.005657834
p.A789L,0.641082534
p.A789K,1.025799106
p.A789M,0.999265537
p.A789F,1.014804931
p.A789P,0.986583583
p.A789S,1.047435842
p.A789X,-0.199364478
p.A789T,0.990178047
p.A789W,0.977060868
p.A789Y,0.976604954
p.A789V,0.684919978
p.A860A,0.991833992
p.A860R,0.962048014
p.A860D,0.978284843
p.A860C,1.019472404
p.A860E,1.013235524
p.A860G,0.365621261
p.A860H,0.954487105
p.A860K,0.726510858
p.A860M,0.939500872
p.A860P,-0.016790116
p.A860S,0.92091209
p.A860T,-0.327145812
p.A860W,1.011951701
p.A860Y,0.99025032
p.A860V,0.954631315
p.R115R,0.833392775
p.R115A,1.087721326
p.R115N,1.098913882
p.R115D,0.886801259
p.R115C,0.968910475
p.R115Q,0.269442766
p.R115E,1.069202505
p.R115G,0.829678705
p.R115H,0.664787831
p.R115I,0.861474233
p.R115L,0.731837718
p.R115M,0.996048833
p.R115F,1.090755521
p.R115P,0.812094363
p.R115S,0.90429105
p.R115X,-0.124017847
p.R115T,1.024056094
p.R115W,0.244891711
p.R115Y,0.980246709
p.R115V,0.983470709
p.R124R,0.853179151
p.R124A,0.94773747
p.R124N,1.147140605
p.R124D,1.044910722
p.R124C,1.007322933
p.R124E,0.948116421
p.R124G,0.977067125
p.R124H,0.907036741
p.R124I,0.772851127
p.R124L,0.963537781
p.R124M,1.016551206
p.R124F,0.957269359
p.R124P,0.987868054
p.R124S,0.932164268
p.R124X,-0.020150692
p.R124T,1.02935246
p.R124W,1.039763638
p.R124Y,0.904654734
p.R124V,1.11798261
p.R132R,0.980691845
p.R132A,1.004625328
p.R132N,0.982798373
p.R132D,-0.078123752
p.R132C,0.865036299
p.R132Q,0.860569339
p.R132E,1.055639557
p.R132G,1.036799411
p.R132H,0.979707824
p.R132I,-0.14153236
p.R132L,0.997985868
p.R132K,0.723227941
p.R132M,0.943419568
p.R132F,-0.064193641
p.R132P,0.91234919
p.R132S,1.053213093
p.R132X,0.034287536
p.R132T,1.030170872
p.R132W,0.945503041
p.R132Y,0.921049518
p.R132V,0.693128587
p.R183R,0.984822777
p.R183A,1.080507743
p.R183N,1.048323388
p.R183D,0.865105589
p.R183C,0.904953141
p.R183E,0.801052747
p.R183G,1.01140556
p.R183H,0.749200433
p.R183I,0.94456836
p.R183L,1.097430982
p.R183K,0.624009628
p.R183M,0.943349561
p.R183F,0.985514956
p.R183P,1.078429882
p.R183S,0.988381774
p.R183X,-0.061654099
p.R183T,0.946973602
p.R183W,1.029727781
p.R183Y,0.834924558
p.R183V,0.930973542
p.R185R,1.021086518
p.R185A,1.080769783
p.R185N,0.964167394
p.R185D,0.558445934
p.R185C,0.971411529
p.R185Q,1.0122818
p.R185E,0.894112448
p.R185G,0.989214458
p.R185H,1.011948028
p.R185I,0.992246715
p.R185L,0.977553218
p.R185K,0.951315365
p.R185M,1.016187603
p.R185F,0.927391473
p.R185P,1.114246986
p.R185S,0.902065215
p.R185X,-0.037252617
p.R185T,0.917222847
p.R185W,0.994048688
p.R185Y,0.96926185
p.R185V,0.898088689
p.R215R,1.022125324
p.R215A,0.8547954
p.R215N,0.762592358
p.R215D,0.586702125
p.R215C,0.924451063
p.R215H,0.966444003
p.R215I,1.32907104
p.R215L,-0.008771517
p.R215F,0.297971897
p.R215S,0.817092758
p.R215W,0.731684639
p.R215Y,0.964074799
p.R215V,1.0001016
p.R237R,0.915858008
p.R237A,0.999494983
p.R237D,1.011888505
p.R237C,1.015192871
p.R237E,0.974613698
p.R237G,1.010481527
p.R237H,1.085687869
p.R237I,1.059353464
p.R237L,1.129890074
p.R237M,1.127329222
p.R237F,1.076115898
p.R237P,0.925431908
p.R237S,0.883232277
p.R237X,-0.017881116
p.R237T,1.062693093
p.R237W,1.107668141
p.R237Y,0.92322366
p.R237V,0.698595142
p.R253R,0.982063234
p.R253A,1.116255478
p.R253N,-0.037071675
p.R253D,0.979743129
p.R253C,0.905974631
p.R253Q,0.273914611
p.R253E,0.419228309
p.R253G,1.002156485
p.R253H,1.034257979
p.R253I,1.028543766
p.R253L,1.05479916
p.R253K,0.628991848
p.R253M,0.979714909
p.R253F,1.049924865
p.R253P,1.09738267
p.R253S,0.969969006
p.R253X,0.086001974
p.R253T,1.028224607
p.R253W,0.985950309
p.R253Y,1.048883507
p.R253V,0.101457035
p.R257R,0.94640032
p.R257A,1.024346395
p.R257N,0.994703852
p.R257D,0.727849388
p.R257C,0.981142342
p.R257Q,0.981009126
p.R257E,1.026828422
p.R257G,0.959418066
p.R257H,1.189034727
p.R257I,1.192595404
p.R257L,0.983779841
p.R257K,0.979775069
p.R257M,0.904815887
p.R257F,0.928854673
p.R257P,0.827549235
p.R257S,0.996681301
p.R257X,0.484367671
p.R257T,0.963683206
p.R257W,0.563614402
p.R257Y,1.080035124
p.R257V,0.926158137
p.R26R,1.031057258
p.R26A,0.874469713
p.R26N,1.017944877
p.R26D,0.738346694
p.R26C,1.046698008
p.R26Q,0.516917916
p.R26E,0.848351568
p.R26G,1.066901291
p.R26H,0.994178339
p.R26I,1.033199664
p.R26L,0.924368879
p.R26K,0.912286874
p.R26M,1.051780944
p.R26F,0.806300062
p.R26P,0.806113665
p.R26S,1.079426574
p.R26X,-0.048858782
p.R26T,1.102602021
p.R26W,0.970474041
p.R26Y,1.001502895
p.R26V,0.268557484
p.R29R,0.718452592
p.R29A,0.939964128
p.R29N,1.013543663
p.R29D,1.086983042
p.R29C,0.654479056
p.R29Q,1.024136126
p.R29E,1.239318948
p.R29G,0.93616079
p.R29H,1.120720178
p.R29I,0.801410303
p.R29L,1.02098584
p.R29K,1.027026996
p.R29M,1.0285378
p.R29F,0.915659
p.R29P,0.497168134
p.R29S,0.963611556
p.R29X,-0.094988332
p.R29T,1.024603814
p.R29W,0.890130028
p.R29Y,0.902510519
p.R29V,0.988711725
p.R300R,1.019677532
p.R300A,0.152599157
p.R300N,0.317440271
p.R300D,0.791569031
p.R300C,0.090807083
p.R300Q,0.03753564
p.R300E,0.767711258
p.R300G,0.87753967
p.R300I,0.832941471
p.R300L,0.934526373
p.R300K,1.017188764
p.R300M,0.068937182
p.R300F,0.788653808
p.R300P,0.330702511
p.R300S,-0.249421621
p.R300X,0.18640334
p.R300T,0.920142235
p.R300W,0.953562415
p.R300Y,0.69159364
p.R300V,0.678547167
p.R303R,1.040600111
p.R303A,0.906573667
p.R303N,0.590979941
p.R303D,0.778826325
p.R303C,0.848947259
p.R303Q,0.929104321
p.R303E,0.946746893
p.R303G,0.716802851
p.R303H,0.613998096
p.R303I,-0.154757584
p.R303L,0.958311981
p.R303K,0.78474281
p.R303M,0.958795644
p.R303F,0.870139063
p.R303P,0.99815578
p.R303S,0.969744726
p.R303X,0.258667812
p.R303T,0.893731901
p.R303W,0.878572196
p.R303Y,0.427989217
p.R303V,0.818979566
p.R350R,1.009750939
p.R350A,0.475653487
p.R350N,0.832624931
p.R350D,1.026938379
p.R350C,1.079692312
p.R350Q,1.090254016
p.R350E,1.22084526
p.R350G,1.008734287
p.R350H,0.456130216
p.R350I,1.155209391
p.R350L,1.024776867
p.R350K,0.997424129
p.R350M,1.059368181
p.R350F,0.977726865
p.R350P,0.955951767
p.R350S,1.073698522
p.R350X,0.057697185
p.R350T,0.896435882
p.R350W,1.033689681
p.R350Y,1.007986972
p.R350V,0.953987071
p.R351R,0.885354481
p.R351A,-0.065446649
p.R351N,0.989991464
p.R351D,0.880581703
p.R351C,0.894736569
p.R351Q,1.18429769
p.R351E,0.849881927
p.R351G,1.029366753
p.R351H,0.856424179
p.R351I,0.970170993
p.R351L,0.901541608
p.R351K,1.002699334
p.R351M,1.006587908
p.R351F,0.933168189
p.R351P,0.921050738
p.R351S,1.043571798
p.R351X,-0.199531486
p.R351T,0.998290714
p.R351W,0.97731037
p.R351Y,0.86052456
p.R351V,0.866761401
p.R406R,0.985901873
p.R406A,1.1533093
p.R406D,0.904963456
p.R406C,1.061585072
p.R406Q,0.966181561
p.R406E,0.446075936
p.R406G,0.987266859
p.R406L,1.125602035
p.R406M,1.128735467
p.R406F,1.185924971
p.R406X,-0.125754481
p.R406W,1.097567492
p.R406Y,-0.403062448
p.R406V,0.46712663
p.R410R,1.122240521
p.R410A,1.107943963
p.R410N,0.199453963
p.R410C,1.080666769
p.R410E,1.075014069
p.R410G,1.072095819
p.R410H,1.023722394
p.R410I,0.785082178
p.R410L,1.075703031
p.R410K,0.749517051
p.R410M,0.416933563
p.R410P,0.425286409
p.R410S,0.967559657
p.R410X,-0.083346827
p.R410T,0.987101564
p.R410W,1.109249819
p.R410V,0.960318774
p.R416R,0.377909652
p.R416A,1.016317857
p.R416D,0.938509335
p.R416Q,1.154275271
p.R416G,1.022526712
p.R416I,1.047919318
p.R416L,0.814439194
p.R416M,0.959244679
p.R416F,0.977662903
p.R416P,0.54984991
p.R416X,0.029129195
p.R416T,0.991726551
p.R416W,0.935498741
p.R416V,0.817517297
p.R427R,0.846545374
p.R427C,1.151568751
p.R427Q,0.848729798
p.R427E,0.817833183
p.R427G,0.743784189
p.R427H,1.387077066
p.R427I,1.10038696
p.R427L,1.037713475
p.R427K,0.983331489
p.R427M,0.94376047
p.R427S,0.956094612
p.R427X,-0.167048205
p.R427W,1.071880051
p.R427Y,1.055665951
p.R427V,1.017034292
p.R440R,0.963744265
p.R440A,0.984732438
p.R440N,1.120679353
p.R440D,0.817230648
p.R440C,0.973048294
p.R440Q,0.739919885
p.R440E,1.216698144
p.R440G,1.05171816
p.R440I,0.735071547
p.R440L,0.915142474
p.R440K,0.989069599
p.R440M,-0.038033573
p.R440F,1.079888947
p.R440S,0.823188901
p.R440X,-0.090371612
p.R440W,0.978858867
p.R440Y,0.719689718
p.R440V,1.037770236
p.R449R,0.99541813
p.R449A,1.029967343
p.R449N,1.166659049
p.R449D,0.901824037
p.R449C,0.929744921
p.R449E,0.834000873
p.R449G,1.028560381
p.R449I,1.235626155
p.R449L,0.949055823
p.R449K,0.909929921
p.R449M,1.219481333
p.R449F,0.932047202
p.R449S,0.881342017
p.R449T,0.980447552
p.R449W,1.050811074
p.R449Y,0.973526635
p.R449V,1.010157946
p.R458R,0.989646469
p.R458A,0.080304033
p.R458N,0.970183504
p.R458D,0.980375126
p.R458C,0.999732783
p.R458Q,0.271981987
p.R458E,1.054858861
p.R458G,1.020077823
p.R458H,0.866407991
p.R458I,1.02603678
p.R458L,0.901259442
p.R458K,0.816149889
p.R458F,0.680986072
p.R458S,0.935748189
p.R458X,-0.068583516
p.R458T,1.025112264
p.R458W,1.11352502
p.R458Y,0.729000563
p.R458V,0.950259969
p.R471R,1.021932702
p.R471A,0.980072963
p.R471N,0.648963989
p.R471C,1.062840142
p.R471Q,1.048165148
p.R471G,0.6369451
p.R471I,0.235806102
p.R471L,0.885981511
p.R471K,0.942477604
p.R471F,0.925693156
p.R471S,0.964641981
p.R471X,-0.11699041
p.R471T,0.902934266
p.R471W,1.011652363
p.R471Y,0.96461431
p.R471V,0.975086149
p.R508R,0.941263848
p.R508A,0.976766262
p.R508N,0.974148122
p.R508D,0.804384712
p.R508C,0.438102445
p.R508Q,0.829220198
p.R508E,0.717365843
p.R508G,1.092835835
p.R508I,0.618723372
p.R508L,0.997449126
p.R508K,1.018336243
p.R508M,0.881836262
p.R508F,0.951798771
p.R508P,1.243524693
p.R508S,1.003411251
p.R508X,-0.079572134
p.R508T,-0.075453339
p.R508W,0.852666603
p.R508Y,1.010903151
p.R508V,0.985992622
p.R513R,0.931677511
p.R513A,0.871060375
p.R513N,0.899997233
p.R513D,1.077047867
p.R513C,0.362616302
p.R513Q,0.780197573
p.R513E,0.193916751
p.R513G,0.739682813
p.R513H,0.693516894
p.R513L,0.832202991
p.R513K,1.023188853
p.R513M,0.857768433
p.R513F,0.988317086
p.R513P,1.089202537
p.R513S,0.95452807
p.R513X,-0.060460051
p.R513T,0.889428899
p.R513W,0.998259396
p.R513Y,0.14511502
p.R513V,1.080775033
p.R520R,1.018278048
p.R520A,0.900025756
p.R520N,1.025403652
p.R520C,0.745448889
p.R520Q,0.206095327
p.R520E,0.91757448
p.R520G,0.790166017
p.R520H,0.965351472
p.R520I,0.904141792
p.R520L,0.761763282
p.R520M,1.002970544
p.R520F,0.95550197
p.R520P,-0.054309119
p.R520S,0.925663525
p.R520X,0.066741519
p.R520T,0.917776237
p.R520W,0.966445238
p.R520Y,0.777995422
p.R520V,0.964985012
p.R574R,0.864127769
p.R574A,0.462096408
p.R574N,1.040393678
p.R574D,0.947107579
p.R574C,0.811849364
p.R574G,1.018421985
p.R574H,0.717577227
p.R574I,1.037685337
p.R574L,1.100509768
p.R574K,0.95108477
p.R574M,1.163407789
p.R574F,1.06400259
p.R574P,-0.214635392
p.R574S,0.985665116
p.R574X,-0.086911827
p.R574W,-0.093672577
p.R574Y,1.011052673
p.R574V,1.124176823
p.R595R,0.940855832
p.R595A,0.908638479
p.R595N,0.911658378
p.R595D,0.568004766
p.R595C,1.076449989
p.R595Q,0.554815006
p.R595E,0.369313128
p.R595G,0.901099677
p.R595H,0.941852705
p.R595I,0.922032634
p.R595L,0.937184327
p.R595K,0.906964702
p.R595M,0.978664979
p.R595F,1.001049402
p.R595S,0.953938355
p.R595X,-0.097588661
p.R595T,0.783550003
p.R595W,0.978793085
p.R595Y,1.0668459
p.R595V,1.04177507
p.R604R,1.064650637
p.R604A,1.01579055
p.R604N,1.13707557
p.R604D,0.82518197
p.R604C,1.00046672
p.R604Q,0.955335253
p.R604E,1.023762081
p.R604G,0.979649733
p.R604H,0.968282646
p.R604I,1.048854916
p.R604L,0.912387533
p.R604K,-0.173988369
p.R604M,0.403188183
p.R604F,0.911010963
p.R604P,1.030829941
p.R604S,0.968164034
p.R604X,0.237409946
p.R604T,0.814870736
p.R604W,0.621827324
p.R604Y,0.993081358
p.R604V,1.00950447
p.R633R,0.864660413
p.R633A,0.777840582
p.R633D,1.039209346
p.R633Q,0.90604838
p.R633E,-0.214237303
p.R633G,0.979895773
p.R633H,1.053488775
p.R633L,0.973064422
p.R633K,0.518482064
p.R633M,1.054848159
p.R633F,1.085812475
p.R633P,1.015044108
p.R633S,0.211102785
p.R633X,-0.195918021
p.R633W,0.94315811
p.R633V,1.032779371
p.R662R,0.975561626
p.R662N,1.093964992
p.R662D,-0.141074672
p.R662E,1.088166004
p.R662L,0.940486605
p.R662K,0.961598582
p.R662M,0.971444808
p.R662F,1.01867547
p.R662P,0.900830647
p.R662S,0.779784675
p.R662X,0.262688279
p.R662W,0.603043331
p.R662V,0.947334176
p.R669R,0.999838363
p.R669A,1.053662312
p.R669D,-0.169208117
p.R669C,0.892822235
p.R669G,1.088746753
p.R669H,0.962883026
p.R669I,0.937088634
p.R669L,0.924146581
p.R669K,0.700591843
p.R669M,0.940389976
p.R669S,1.117884082
p.R669X,-0.024355538
p.R669T,1.185962044
p.R669W,1.072788543
p.R669V,1.01100065
p.R706R,0.900138244
p.R706A,1.028429626
p.R706N,1.036958817
p.R706Q,1.021320107
p.R706E,0.954434284
p.R706G,0.80767273
p.R706L,1.013358733
p.R706K,1.002552001
p.R706M,0.984391232
p.R706S,1.011409604
p.R706X,-0.060242918
p.R706T,-0.169208117
p.R706W,0.903788881
p.R706Y,1.030776371
p.R706V,1.00241827
p.R709R,1.129259057
p.R709A,0.606145927
p.R709N,1.037763321
p.R709D,0.97193341
p.R709C,1.025778434
p.R709E,0.87757985
p.R709G,1.051483881
p.R709H,1.138638931
p.R709I,1.011402251
p.R709L,0.995270928
p.R709K,0.991949994
p.R709M,0.727233317
p.R709P,-0.338997133
p.R709S,0.991831002
p.R709X,-0.043743341
p.R709T,1.027452609
p.R709W,0.490873719
p.R709Y,0.312697301
p.R709V,0.933167811
p.R728R,0.994950585
p.R728A,0.995196836
p.R728N,0.948340308
p.R728D,0.89556255
p.R728C,1.006126621
p.R728Q,0.926078066
p.R728E,1.04713
p.R728G,0.988901872
p.R728H,0.917977802
p.R728I,1.033975437
p.R728L,0.937445815
p.R728K,0.994419065
p.R728M,1.130023202
p.R728F,1.086081392
p.R728P,0.930591836
p.R728S,0.834445098
p.R728X,0.227925293
p.R728T,0.992993006
p.R728W,1.000029089
p.R728Y,1.037726174
p.R728V,0.652568364
p.R737R,0.930230251
p.R737A,1.01151559
p.R737N,1.101183731
p.R737D,0.178151452
p.R737C,0.893668455
p.R737Q,0.993598695
p.R737E,1.012810938
p.R737G,1.040548656
p.R737H,1.042363896
p.R737I,0.96552847
p.R737L,0.987581664
p.R737K,1.012533004
p.R737M,0.859437043
p.R737F,0.861779508
p.R737P,0.882015692
p.R737S,0.83227469
p.R737X,-0.267146291
p.R737T,1.013227756
p.R737W,1.012864206
p.R737Y,1.071728824
p.R737V,0.972063377
p.R744R,1.000429472
p.R744A,0.52549524
p.R744N,0.921901945
p.R744D,0.969051951
p.R744C,0.864476447
p.R744Q,0.283393415
p.R744E,0.953868478
p.R744G,1.00036549
p.R744H,0.799274829
p.R744I,0.712919311
p.R744L,0.908157248
p.R744K,0.839358997
p.R744M,0.963436915
p.R744F,0.865045595
p.R744P,0.7827505
p.R744S,0.096121598
p.R744X,0.364026537
p.R744T,0.87384892
p.R744W,0.999009945
p.R744Y,0.958204628
p.R744V,1.031863412
p.R751R,1.007283226
p.R751A,0.768604173
p.R751N,0.927540964
p.R751C,0.956371613
p.R751Q,0.881399266
p.R751E,1.071368106
p.R751G,0.957963221
p.R751H,1.015993034
p.R751I,0.57330703
p.R751L,1.01529503
p.R751K,1.027779416
p.R751M,1.106373077
p.R751F,0.939751283
p.R751P,0.975229956
p.R751S,0.897562571
p.R751X,0.282312551
p.R751T,0.80094578
p.R751W,1.011303011
p.R751V,-0.068652325
p.R778R,1.031252586
p.R778A,0.738478983
p.R778N,1.000786916
p.R778D,1.027405882
p.R778C,0.966312439
p.R778Q,1.002277694
p.R778E,0.909369064
p.R778G,0.970447873
p.R778I,1.018277172
p.R778L,0.992664596
p.R778K,0.808852733
p.R778M,0.995733673
p.R778F,0.994125244
p.R778P,0.880744677
p.R778S,0.90072185
p.R778X,-0.290336558
p.R778T,0.969013937
p.R778W,1.055938642
p.R778Y,0.80981964
p.R778V,0.864460636
p.R78R,0.995287313
p.R788R,0.998020218
p.R788A,0.996539176
p.R788N,0.969741524
p.R788D,1.021977572
p.R788C,0.891710289
p.R788Q,1.005089859
p.R788E,1.053140335
p.R788G,1.017152006
p.R788H,0.136467223
p.R788I,1.06666978
p.R788L,0.996001076
p.R788K,0.997004124
p.R788M,1.08531427
p.R788F,0.965461069
p.R788P,1.018428769
p.R788S,0.961020225
p.R788X,-0.162317644
p.R788T,0.898544379
p.R788W,1.019097926
p.R788Y,1.011221329
p.R788V,0.817776641
p.R78A,1.008112559
p.R78N,1.170677275
p.R78D,1.123262102
p.R78C,1.027908032
p.R78Q,1.071664974
p.R78E,0.973371009
p.R78G,1.023234583
p.R78H,1.113391616
p.R78I,0.973154249
p.R78L,1.025971144
p.R78K,0.969242763
p.R78M,0.949791617
p.R78F,0.967256001
p.R78P,1.047744788
p.R78S,0.993841839
p.R78X,0.042049385
p.R78T,1.062850221
p.R78W,1.009177068
p.R78Y,1.089369388
p.R78V,1.011785205
p.R81R,0.947157992
p.R814R,1.073999032
p.R814A,1.018006978
p.R814C,1.092038967
p.R814Q,1.044720948
p.R814E,0.969191744
p.R814G,0.988761541
p.R814L,1.005759441
p.R814M,0.960527988
p.R814F,0.641971497
p.R814P,0.98904681
p.R814S,1.007190397
p.R814X,0.539596759
p.R814W,1.01955866
p.R81A,1.007307273
p.R81N,1.016296317
p.R81D,0.790096991
p.R81C,1.004617472
p.R81Q,0.944147819
p.R81E,1.027489252
p.R81G,0.991580663
p.R81H,1.016428796
p.R81I,0.95023198
p.R81L,1.027268912
p.R81K,0.858679356
p.R81M,1.038488594
p.R81F,0.987349099
p.R81P,1.047806466
p.R81S,0.974484172
p.R81X,-0.042395953
p.R81T,0.972074992
p.R81W,0.846288614
p.R81Y,0.526246165
p.R81V,1.038984355
p.R850R,1.023535857
p.R850A,1.066569508
p.R850N,1.044754268
p.R850D,0.980914252
p.R850C,1.090650749
p.R850Q,0.994624484
p.R850E,0.963877041
p.R850G,0.991952237
p.R850H,1.032921338
p.R850I,1.010908413
p.R850L,1.050896445
p.R850K,0.757013362
p.R850M,1.014012568
p.R850F,1.085734506
p.R850P,1.027221935
p.R850S,0.993810023
p.R850X,0.984937318
p.R850T,0.807057139
p.R850W,0.971360684
p.R850Y,1.037468967
p.R850V,0.580074283
p.R88R,1.177697374
p.R88A,1.054887828
p.R88N,0.959473005
p.R88D,0.949458248
p.R88C,0.99569055
p.R88Q,0.248617263
p.R88E,0.939247676
p.R88G,0.809408199
p.R88I,0.997601023
p.R88L,0.757084695
p.R88K,1.025779296
p.R88M,0.986317378
p.R88F,1.057228059
p.R88P,0.993541653
p.R88S,1.063335063
p.R88X,-0.077404855
p.R88T,1.010171317
p.R88W,1.053177843
p.R88Y,0.96921189
p.R88V,1.095759626
p.R9R,0.628225128
p.R9A,1.02759676
p.R9N,1.173142928
p.R9D,0.656157786
p.R9C,1.018526655
p.R9Q,0.706583089
p.R9E,0.509139913
p.R9G,1.092448123
p.R9H,0.368030355
p.R9I,1.102148606
p.R9L,0.943822676
p.R9K,1.011640308
p.R9M,0.977789647
p.R9F,0.180817603
p.R9P,1.031728942
p.R9S,0.957293572
p.R9X,0.051712915
p.R9T,1.068073484
p.R9W,0.993391961
p.R9Y,0.926022668
p.R9V,1.065615334
p.N156N,1.008525038
p.N156A,0.986599826
p.N156R,0.881679104
p.N156D,0.127698957
p.N156C,0.810946634
p.N156Q,0.931927197
p.N156E,1.086684277
p.N156G,1.040911484
p.N156H,1.00584149
p.N156I,0.488795058
p.N156L,0.990185057
p.N156K,0.990399602
p.N156M,0.181450577
p.N156F,0.833352081
p.N156P,0.518755956
p.N156S,0.97051278
p.N156X,0.047418695
p.N156T,1.002567283
p.N156W,0.753701414
p.N156Y,1.035102431
p.N156V,0.942578641
p.N169N,1.035250295
p.N169A,0.932822378
p.N169R,1.008731904
p.N169D,0.961549222
p.N169C,0.910187282
p.N169Q,1.061380404
p.N169E,0.96833815
p.N169G,1.009401853
p.N169H,-0.165922586
p.N169I,0.896726113
p.N169L,1.024827251
p.N169K,0.996428175
p.N169M,0.93080034
p.N169F,0.962711174
p.N169P,0.128606533
p.N169S,1.076072995
p.N169X,0.059352886
p.N169T,1.020317756
p.N169W,0.890163654
p.N169Y,0.89800576
p.N169V,0.896366783
p.N230N,0.71875126
p.N230A,1.161256073
p.N230R,0.698235127
p.N230D,1.10155435
p.N230Q,0.289709491
p.N230E,0.990706113
p.N230G,1.083491139
p.N230H,1.14788575
p.N230I,1.033802903
p.N230L,1.069931303
p.N230K,1.015761846
p.N230M,1.082737829
p.N230F,1.010028752
p.N230P,0.966139563
p.N230S,0.89867307
p.N230X,-0.018533882
p.N230T,1.053641426
p.N230W,0.301809972
p.N230Y,0.92439141
p.N230V,1.025835764
p.N247N,1.182093603
p.N247R,1.093309938
p.N247D,-0.246288746
p.N247C,0.484272224
p.N247E,0.94486113
p.N247G,1.173601384
p.N247H,0.943038071
p.N247I,1.038574418
p.N247L,0.991009692
p.N247K,0.906954849
p.N247M,-0.25182244
p.N247F,0.294769504
p.N247P,0.722810661
p.N247S,0.895135057
p.N247X,-0.026361683
p.N247T,0.876343763
p.N247W,0.946050479
p.N247Y,0.907001987
p.N247V,1.063243955
p.N272A,1.070981144
p.N272R,0.77355681
p.N272D,0.965844814
p.N272C,0.643377752
p.N272E,0.908904023
p.N272G,0.547962799
p.N272H,0.954551616
p.N272I,1.139289733
p.N272L,1.059395418
p.N272K,0.62053623
p.N272M,0.748042015
p.N272F,0.917684518
p.N272P,1.117296331
p.N272S,0.939048967
p.N272X,0.477909601
p.N272T,1.068184305
p.N272Y,0.91446522
p.N272V,0.329811712
p.N280N,0.947786189
p.N280A,0.961183135
p.N280R,0.994180241
p.N280D,0.594076107
p.N280C,0.062453728
p.N280Q,0.975611216
p.N280E,1.062206108
p.N280G,0.971525758
p.N280H,1.023803266
p.N280I,1.008374085
p.N280L,0.88615754
p.N280K,0.843277539
p.N280M,0.93686281
p.N280F,1.074047936
p.N280P,0.951340669
p.N280S,1.033961532
p.N280X,-0.074714796
p.N280T,1.013353718
p.N280W,1.046637988
p.N280Y,1.029216077
p.N280V,0.891852212
p.N297N,0.838236981
p.N297A,0.111595554
p.N297R,0.082713081
p.N297D,0.543044168
p.N297C,0.333155569
p.N297Q,0.587053635
p.N297E,-0.213895811
p.N297G,0.986139212
p.N297H,0.675380513
p.N297I,-0.182068818
p.N297L,0.460072757
p.N297K,-0.117319257
p.N297M,-0.102589499
p.N297F,0.161143507
p.N297P,-0.165229393
p.N297S,0.342247787
p.N297X,-0.047674073
p.N297T,0.396167156
p.N297W,0.102787155
p.N297Y,-0.006134914
p.N297V,0.146773757
p.N30N,0.829744457
p.N30A,0.727802692
p.N30R,1.067587965
p.N30D,0.936765443
p.N30C,1.029748175
p.N30Q,1.0101941
p.N30E,0.916128581
p.N30G,0.89997982
p.N30H,0.560757429
p.N30I,0.955649953
p.N30L,0.933986532
p.N30K,1.078131254
p.N30M,1.092099248
p.N30F,0.972614678
p.N30P,1.01954725
p.N30S,0.941103317
p.N30X,-0.151423383
p.N30T,0.948840691
p.N30W,1.039858453
p.N30Y,0.676235802
p.N30V,0.933311277
p.N316N,0.765781607
p.N316A,0.799784082
p.N316R,0.880734126
p.N316D,1.076342957
p.N316C,0.767583593
p.N316Q,0.935858658
p.N316E,0.790098071
p.N316G,0.74967554
p.N316H,0.958253318
p.N316I,0.775138558
p.N316L,0.842978979
p.N316K,0.929231175
p.N316M,0.905022677
p.N316F,0.89790984
p.N316P,0.51555934
p.N316S,0.788219574
p.N316X,-0.128556604
p.N316T,0.745771494
p.N316W,0.751394801
p.N316Y,0.961949431
p.N316V,0.724983772
p.N321N,0.994784854
p.N321A,1.254150257
p.N321R,1.004983602
p.N321D,0.634288968
p.N321C,0.907154949
p.N321Q,1.030005982
p.N321E,0.892224201
p.N321G,0.976283032
p.N321H,-0.11955342
p.N321I,1.089900712
p.N321L,0.897967148
p.N321K,0.996730796
p.N321M,1.051312443
p.N321F,0.90360066
p.N321P,-0.04438863
p.N321S,1.049882755
p.N321X,-0.067729461
p.N321T,0.795779516
p.N321W,0.845135224
p.N321Y,0.675412093
p.N321V,0.772099852
p.N322N,0.998823358
p.N322A,0.962601046
p.N322R,0.984927897
p.N322D,0.97332181
p.N322C,0.270393945
p.N322Q,1.03660225
p.N322E,0.577155574
p.N322G,0.776638533
p.N322H,1.013857873
p.N322I,0.700981292
p.N322L,0.642143516
p.N322K,0.764875416
p.N322M,0.89557383
p.N322F,0.988359521
p.N322P,0.893683829
p.N322S,0.901636053
p.N322X,-0.329153499
p.N322T,-0.027541712
p.N322W,0.935011838
p.N322Y,1.036822516
p.N322V,0.708420062
p.N330A,0.851416706
p.N330R,1.071519732
p.N330D,0.932019596
p.N330C,1.084616742
p.N330Q,0.975175776
p.N330E,0.920138636
p.N330G,1.112804665
p.N330H,1.032039908
p.N330I,0.902635642
p.N330L,1.01029134
p.N330K,0.863380456
p.N330M,0.838658357
p.N330F,1.058129527
p.N330P,0.679663397
p.N330S,0.93085971
p.N330X,-0.047168814
p.N330T,0.944816703
p.N330W,0.804291901
p.N330Y,0.80914913
p.N330V,1.08114449
p.N370N,0.985727281
p.N370A,1.040751099
p.N370R,0.962315618
p.N370D,0.936848075
p.N370C,1.039936132
p.N370Q,0.889416552
p.N370E,0.67081546
p.N370G,1.043826493
p.N370H,1.022390209
p.N370I,0.928441548
p.N370L,0.948688077
p.N370K,0.858799861
p.N370M,1.02287036
p.N370F,0.975966256
p.N370P,-0.295675428
p.N370S,0.964136669
p.N370T,0.881875195
p.N370W,0.931722228
p.N370Y,0.929191442
p.N370V,0.94478551
p.N405N,0.86384469
p.N405D,0.946299888
p.N405C,-0.127677538
p.N405E,0.758733148
p.N405H,1.009516547
p.N405I,0.877399171
p.N405L,0.718334954
p.N405K,0.847985922
p.N405F,0.774878259
p.N405P,0.860553305
p.N405S,0.341264687
p.N405X,0.008479372
p.N405W,0.159268901
p.N405Y,0.165170856
p.N405V,0.911477574
p.N425N,1.000574364
p.N425R,1.272354395
p.N425D,0.947488804
p.N425E,-0.076235202
p.N425I,0.789003184
p.N425L,1.059583986
p.N425M,0.922285957
p.N425F,0.871854725
p.N425P,0.446324943
p.N425S,0.72868569
p.N425X,-0.097960803
p.N425T,1.136838211
p.N425Y,1.010957215
p.N425V,1.018992906
p.N428N,0.772119984
p.N428A,0.948444951
p.N428R,0.955652352
p.N428C,0.755284162
p.N428E,1.100100828
p.N428H,0.533119507
p.N428I,0.346991913
p.N428L,1.059165673
p.N428K,1.084540917
p.N428M,0.708240349
p.N428F,0.866232706
p.N428S,0.926529545
p.N428X,-0.089449264
p.N428T,1.276074762
p.N428Y,0.992747242
p.N428V,0.882597615
p.N439A,0.818463337
p.N439R,0.747315801
p.N439D,0.988891317
p.N439C,1.053881844
p.N439E,0.955870187
p.N439G,0.978817554
p.N439H,0.421133945
p.N439I,0.86582732
p.N439L,1.021155989
p.N439K,0.80227454
p.N439M,0.959783116
p.N439F,0.770003617
p.N439P,0.955394782
p.N439S,0.790765834
p.N439X,0.061503327
p.N439T,1.060877522
p.N439W,0.993435295
p.N439Y,0.876573361
p.N439V,0.856865957
p.N487N,0.856511966
p.N487A,1.271624752
p.N487R,0.850536726
p.N487C,0.188598913
p.N487E,-0.302912266
p.N487H,1.108261502
p.N487I,1.062294595
p.N487L,0.920309392
p.N487K,1.033412117
p.N487M,1.008424301
p.N487F,1.034599539
p.N487S,0.185270894
p.N487X,0.201375758
p.N487W,1.119609944
p.N487Y,0.300126094
p.N487V,0.919988612
p.N515N,1.095441237
p.N515A,0.130903508
p.N515R,0.904297379
p.N515D,0.988334847
p.N515Q,1.389349788
p.N515E,0.162759198
p.N515G,1.080695143
p.N515I,1.178786749
p.N515K,0.964207943
p.N515M,0.437169512
p.N515P,0.64417171
p.N515S,1.053601561
p.N515T,0.979825455
p.N515W,0.941121953
p.N515V,0.912763826
p.N548A,1.097807827
p.N548R,0.635235555
p.N548D,1.001464504
p.N548C,0.857458058
p.N548Q,0.834531295
p.N548E,0.816092664
p.N548G,0.84888201
p.N548H,1.076222828
p.N548I,-0.044412162
p.N548L,0.167269808
p.N548K,-0.07503488
p.N548M,0.398167111
p.N548F,0.108837743
p.N548P,1.070300873
p.N548S,0.892258162
p.N548X,-0.101611712
p.N548T,1.135679623
p.N548W,0.258848123
p.N548Y,0.108791161
p.N548V,0.11040105
p.N559N,0.885839755
p.N559R,1.013713743
p.N559D,0.749320701
p.N559G,0.637210517
p.N559K,0.961543465
p.N559M,0.989137031
p.N559F,0.914335922
p.N559S,1.073730052
p.N559W,1.036992611
p.N559Y,1.055328852
p.N559V,1.030908552
p.N564A,-0.193752243
p.N564R,0.856409139
p.N564D,0.335684179
p.N564C,0.002359259
p.N564E,0.880495427
p.N564G,0.908885731
p.N564H,0.887756825
p.N564I,-0.011774694
p.N564L,0.848953333
p.N564K,0.936444937
p.N564M,0.893694709
p.N564F,0.836389571
p.N564P,0.987716656
p.N564S,0.904814613
p.N564X,-0.12866188
p.N564T,0.898481607
p.N564Y,0.881543144
p.N564V,0.965206632
p.N591A,-0.175123928
p.N591R,0.882280751
p.N591D,0.574958332
p.N591C,1.005288183
p.N591Q,-0.193957993
p.N591E,0.599187403
p.N591G,0.682118874
p.N591H,0.987950608
p.N591I,1.061488348
p.N591L,1.137984259
p.N591K,-0.021709
p.N591M,0.920839186
p.N591F,0.968771728
p.N591P,0.037661076
p.N591S,0.962049491
p.N591X,-0.036673747
p.N591T,0.882211843
p.N591V,0.041257274
p.N594N,0.571697466
p.N594A,1.031842947
p.N594R,1.064924048
p.N594D,1.024259915
p.N594E,0.961089857
p.N594G,1.02227131
p.N594H,1.099293872
p.N594I,0.871959354
p.N594L,0.98949485
p.N594K,0.888714946
p.N594M,0.943841261
p.N594F,0.191815778
p.N594P,-0.123786766
p.N594S,0.931422913
p.N594X,-0.047482469
p.N594T,0.733692027
p.N594W,0.89296322
p.N594Y,0.963817577
p.N594V,0.77244596
p.N625N,0.076571733
p.N625A,0.782237615
p.N625R,0.857429196
p.N625D,0.106349384
p.N625C,1.056016582
p.N625Q,0.845668295
p.N625E,0.987842838
p.N625G,0.84738654
p.N625H,0.567209039
p.N625I,0.91417758
p.N625L,0.872588558
p.N625K,-0.026091164
p.N625F,0.970533549
p.N625P,-0.066962013
p.N625S,1.122622673
p.N625X,-0.235439363
p.N625T,-0.190057114
p.N625W,0.863064929
p.N625V,0.222511462
p.N632N,0.058194609
p.N632A,1.014138885
p.N632R,1.005338392
p.N632D,1.004305019
p.N632C,0.436492952
p.N632Q,0.959129759
p.N632E,0.980207429
p.N632G,0.990707592
p.N632H,1.094880283
p.N632I,0.979316451
p.N632L,0.638766763
p.N632K,0.197128662
p.N632M,0.950617945
p.N632F,0.935738507
p.N632P,-0.005087932
p.N632S,0.980426462
p.N632T,0.63735135
p.N632Y,0.678850523
p.N632V,0.959140841
p.N640N,1.001444191
p.N640A,0.512576018
p.N640R,1.166807012
p.N640D,0.962369662
p.N640C,0.958499058
p.N640Q,0.980286554
p.N640E,1.00595184
p.N640G,0.592570073
p.N640H,0.987166273
p.N640I,0.890898223
p.N640L,0.899582652
p.N640K,0.955217035
p.N640M,0.930814964
p.N640F,1.014304379
p.N640P,-0.285570915
p.N640S,1.02781843
p.N640X,0.035057403
p.N640T,1.073052954
p.N640W,0.822554527
p.N640Y,1.129344769
p.N640V,0.980658381
p.N645N,0.992340695
p.N645A,0.822658722
p.N645R,0.850480261
p.N645D,0.981540798
p.N645C,1.110263533
p.N645G,1.021305722
p.N645H,0.8477721
p.N645I,0.873273531
p.N645L,0.965873069
p.N645K,1.039378428
p.N645M,0.90829882
p.N645F,0.96546592
p.N645P,0.927307779
p.N645S,1.109526544
p.N645X,-0.153329936
p.N645T,1.021876951
p.N645W,0.986014545
p.N645Y,0.171269623
p.N645V,0.539721067
p.N657N,0.534687132
p.N657D,-0.2640986
p.N657C,-0.426116218
p.N657Q,-0.090943525
p.N657E,0.766377714
p.N657G,0.926395618
p.N657I,0.840323735
p.N657L,0.981808025
p.N657K,-0.283971594
p.N657P,0.297444733
p.N657S,0.74189274
p.N657V,0.611649986
p.N665N,1.040999231
p.N665A,1.028602593
p.N665R,0.763068403
p.N665D,0.696588443
p.N665C,1.009398307
p.N665Q,1.0104841
p.N665E,-0.224473313
p.N665G,0.929730871
p.N665H,1.082689956
p.N665I,-0.020158448
p.N665L,0.649543631
p.N665K,0.942489126
p.N665M,1.049344533
p.N665F,0.252173502
p.N665P,0.302566404
p.N665S,0.962135009
p.N665X,0.135934546
p.N665T,0.357017106
p.N665W,-0.207477343
p.N665Y,-0.14719844
p.N665V,1.014075651
p.N674A,1.06184497
p.N674R,1.083025125
p.N674D,0.847426277
p.N674C,-0.102763109
p.N674Q,0.952238717
p.N674E,0.842872737
p.N674G,0.60666584
p.N674H,1.125330927
p.N674I,1.010479903
p.N674L,0.977689011
p.N674K,1.004333277
p.N674M,0.996793441
p.N674F,0.758630638
p.N674P,1.055300189
p.N674S,0.944401904
p.N674T,0.843991931
p.N674W,1.01642038
p.N674Y,1.006746084
p.N674V,1.028065968
p.N688N,0.954946744
p.N688A,0.990149273
p.N688R,0.847770559
p.N688D,1.098103501
p.N688C,1.070760738
p.N688Q,0.899816844
p.N688E,0.94605131
p.N688G,0.990132433
p.N688H,0.247480028
p.N688I,1.014591123
p.N688L,1.051622589
p.N688K,1.041798236
p.N688M,0.936112703
p.N688F,0.626492919
p.N688P,0.909792485
p.N688S,1.030316487
p.N688X,-0.014587631
p.N688T,1.013085861
p.N688W,1.072538175
p.N688Y,0.876525946
p.N688V,1.071488364
p.N780A,1.02630232
p.N780R,0.436897871
p.N780D,1.051369233
p.N780C,0.590766049
p.N780Q,1.002078938
p.N780E,1.096985373
p.N780G,1.016158662
p.N780H,0.387500818
p.N780I,0.993958266
p.N780L,0.893632903
p.N780K,0.91969635
p.N780M,0.353995251
p.N780F,0.63327393
p.N780P,0.742824531
p.N780S,0.970723221
p.N780T,0.951991751
p.N780Y,1.011095151
p.N780V,0.966409677
p.N80N,0.942081263
p.N80A,1.011151056
p.N80R,0.942589807
p.N80D,0.966692503
p.N80C,0.906767946
p.N80Q,1.030423994
p.N80E,0.976065615
p.N80G,1.043195196
p.N80H,0.874364172
p.N80I,0.715271259
p.N80L,0.985645972
p.N80K,0.912618972
p.N80M,0.967284137
p.N80F,1.061318285
p.N80P,1.012705825
p.N80S,0.939062442
p.N80X,-0.024468955
p.N80T,0.825569575
p.N80W,1.015729798
p.N80Y,1.114618809
p.N80V,0.974403259
p.N812N,1.034127457
p.N812A,0.89274994
p.N812R,1.033001076
p.N812D,0.008914773
p.N812E,0.422681492
p.N812G,1.024684193
p.N812I,0.982852327
p.N812L,1.032746901
p.N812K,1.073190185
p.N812M,0.735606368
p.N812F,0.450243652
p.N812P,1.023052345
p.N812S,0.956692296
p.N812T,1.039698661
p.N812W,0.842077391
p.N812Y,0.983440658
p.N812V,0.985203704
p.N817N,0.988125513
p.N817A,0.661983758
p.N817R,1.045715211
p.N817D,1.003554094
p.N817C,0.983617747
p.N817Q,1.004512415
p.N817E,1.024706282
p.N817G,0.437724903
p.N817H,1.145537864
p.N817I,1.006563915
p.N817L,1.063854729
p.N817K,0.950700764
p.N817M,1.002158162
p.N817F,1.092251727
p.N817P,0.907643706
p.N817S,1.021263944
p.N817X,0.429569081
p.N817T,0.892985026
p.N817W,0.096908405
p.N817Y,0.775093749
p.N817V,0.986728776
p.N819A,1.012084753
p.N819R,0.900291263
p.N819D,0.738212519
p.N819C,0.795836095
p.N819Q,0.997650049
p.N819E,1.041566614
p.N819G,0.486433364
p.N819H,0.97419432
p.N819I,0.689839735
p.N819L,0.893190126
p.N819K,1.022653744
p.N819M,1.048558517
p.N819F,0.847131862
p.N819P,1.005127802
p.N819S,0.945703344
p.N819X,0.336870884
p.N819T,0.981548076
p.N819W,0.99245899
p.N819Y,0.909810892
p.N819V,1.04695061
p.N822N,1.039342523
p.N822A,0.980793632
p.N822R,0.891773336
p.N822D,0.944024648
p.N822C,1.037607971
p.N822Q,0.915681418
p.N822E,0.587642755
p.N822G,1.014291628
p.N822I,0.985027496
p.N822L,1.054799819
p.N822K,1.03593246
p.N822M,0.277843293
p.N822F,0.940416625
p.N822P,0.993251862
p.N822S,0.967837284
p.N822X,-0.155493218
p.N822T,0.501792714
p.N822W,1.035025737
p.N822Y,0.91365004
p.N822V,1.021149201
p.N825N,1.011651393
p.N825A,-0.291450072
p.N825R,0.700851589
p.N825D,0.278797388
p.N825C,0.979304588
p.N825Q,0.526464343
p.N825E,0.484965216
p.N825G,0.736814569
p.N825H,0.293925794
p.N825I,0.783747339
p.N825L,0.588886722
p.N825K,0.551857428
p.N825M,0.787127172
p.N825P,0.549119757
p.N825S,0.991763497
p.N825X,0.612503613
p.N825T,0.699281764
p.N825W,0.940151944
p.N825Y,0.840999378
p.N825V,0.960289376
p.N841N,0.983701512
p.N841A,1.035481218
p.N841R,1.023681991
p.N841D,0.945433669
p.N841C,1.028298677
p.N841Q,1.060652777
p.N841E,0.997628698
p.N841G,1.022769942
p.N841H,1.026980888
p.N841I,0.978121151
p.N841L,0.774596842
p.N841K,1.005110745
p.N841M,0.934082047
p.N841F,0.960836237
p.N841P,0.751423556
p.N841S,1.037390969
p.N841X,1.007072839
p.N841T,0.817683646
p.N841W,1.039169035
p.N841Y,0.916903579
p.N841V,1.018162258
p.N97N,1.045815726
p.N97A,0.893685284
p.N97R,1.05132459
p.N97D,0.379447748
p.N97C,1.055545471
p.N97Q,0.821202496
p.N97E,0.989179097
p.N97G,0.971919084
p.N97H,0.075347063
p.N97I,1.008406947
p.N97L,1.063123589
p.N97K,1.093268114
p.N97M,1.001850634
p.N97F,0.703450212
p.N97P,0.854099598
p.N97S,0.987095532
p.N97X,-0.148884266
p.N97T,1.08777341
p.N97W,0.967072216
p.N97Y,0.36863716
p.N97V,1.015472506
p.D100D,1.01296123
p.D100A,0.799253865
p.D100R,0.918983412
p.D100N,0.881786538
p.D100C,0.617442334
p.D100Q,0.952421722
p.D100E,0.972495846
p.D100G,0.956773015
p.D100H,0.970529703
p.D100I,0.839677408
p.D100L,1.058363924
p.D100K,0.972633205
p.D100M,0.681200093
p.D100F,0.580316438
p.D100P,0.903860763
p.D100S,0.922148106
p.D100X,-0.047282247
p.D100T,0.983247661
p.D100Y,0.92045422
p.D100V,0.553961167
p.D112D,1.018650367
p.D112A,1.083773273
p.D112R,0.937708897
p.D112N,0.978195466
p.D112C,0.90803813
p.D112Q,0.985271721
p.D112E,0.906346735
p.D112G,0.862117883
p.D112H,0.952323629
p.D112I,1.058337143
p.D112L,0.963821006
p.D112K,0.953484312
p.D112M,0.873099163
p.D112F,0.906469595
p.D112P,0.992553333
p.D112S,1.02310479
p.D112X,-0.05491027
p.D112T,1.033620839
p.D112W,1.062344075
p.D112Y,0.950271693
p.D112V,0.974262081
p.D118A,1.083448198
p.D118R,0.769876186
p.D118N,1.014313864
p.D118C,1.035895356
p.D118Q,1.009087833
p.D118E,1.032580478
p.D118G,0.914809792
p.D118H,1.051848516
p.D118I,0.811852763
p.D118L,0.888612105
p.D118K,0.925599832
p.D118M,1.003720417
p.D118F,0.896677993
p.D118P,0.26418887
p.D118S,1.032361724
p.D118X,-0.039842456
p.D118T,1.013240677
p.D118W,0.96523797
p.D118Y,1.06311285
p.D118V,1.001613228
p.D129D,0.971874732
p.D129A,-0.022572506
p.D129R,0.008969905
p.D129N,0.310070679
p.D129Q,-0.175773452
p.D129E,-0.002093515
p.D129G,0.045650698
p.D129H,0.052096445
p.D129I,0.174763998
p.D129L,0.098629363
p.D129K,-0.210132254
p.D129M,0.041037946
p.D129F,0.013323512
p.D129P,0.081214577
p.D129S,-0.035471416
p.D129X,-0.050493317
p.D129T,-0.053919268
p.D129W,-0.125174488
p.D129Y,0.028617069
p.D129V,-0.018982457
p.D131D,1.015511716
p.D131A,0.563610926
p.D131R,0.014704504
p.D131N,0.491400879
p.D131C,0.172156977
p.D131Q,1.08825169
p.D131E,1.025124258
p.D131G,0.265706374
p.D131H,0.45272193
p.D131I,-0.089503841
p.D131L,0.06626676
p.D131K,0.16993004
p.D131M,0.605466676
p.D131F,0.953702418
p.D131P,0.014901823
p.D131S,0.713563492
p.D131X,-0.103466656
p.D131T,0.791955346
p.D131W,0.903108584
p.D131Y,0.778111066
p.D131V,0.354884115
p.D133D,0.935117106
p.D133A,0.213452839
p.D133R,-0.000660168
p.D133N,0.534468077
p.D133C,0.113662683
p.D133Q,-0.01942224
p.D133E,0.651430087
p.D133G,0.072314099
p.D133I,-0.201430051
p.D133L,-0.065400513
p.D133K,0.017510515
p.D133M,0.72712496
p.D133F,-0.079344192
p.D133P,0.01869263
p.D133S,0.457281826
p.D133X,-0.000114587
p.D133T,0.538744162
p.D133W,-0.063899634
p.D133Y,-0.08966827
p.D133V,-0.121520873
p.D136D,1.097071169
p.D136A,0.049291529
p.D136R,0.132845217
p.D136N,0.956351175
p.D136C,-0.135888011
p.D136Q,0.85978294
p.D136E,1.050252266
p.D136G,0.967999618
p.D136H,1.011833453
p.D136I,-0.042914079
p.D136L,0.277088171
p.D136K,1.039509782
p.D136M,-0.09404854
p.D136F,0.640473415
p.D136P,0.022492041
p.D136S,0.838367461
p.D136X,0.046371325
p.D136T,0.144437695
p.D136W,0.79262759
p.D136Y,0.875491555
p.D136V,0.665871745
p.D139D,0.710925701
p.D139A,0.465298384
p.D139R,0.076359576
p.D139N,0.285694353
p.D139C,0.670219823
p.D139E,0.092249228
p.D139G,-0.154479204
p.D139H,0.061998209
p.D139I,0.135457023
p.D139L,-0.134220783
p.D139K,-0.060578398
p.D139M,0.382644878
p.D139F,-0.077700107
p.D139P,0.18613442
p.D139S,0.015237585
p.D139X,-0.073096051
p.D139T,-0.049460978
p.D139W,0.029506013
p.D139Y,-0.042293597
p.D139V,-0.034325013
p.D168D,0.692889657
p.D168A,0.182931159
p.D168R,-0.066819615
p.D168N,0.559863665
p.D168C,-0.045954189
p.D168Q,-0.181311264
p.D168E,-0.017693029
p.D168G,-0.101940902
p.D168H,-0.082960069
p.D168I,-0.161310701
p.D168L,-0.06974464
p.D168K,-0.290463286
p.D168M,-0.121511149
p.D168F,-0.142536095
p.D168P,0.050444789
p.D168S,-0.039482046
p.D168X,-0.127647658
p.D168T,0.043897237
p.D168W,-0.093328391
p.D168Y,-0.061511137
p.D168V,0.16139065
p.D170D,0.937585643
p.D170A,0.91656188
p.D170R,0.986656354
p.D170N,1.021251336
p.D170C,0.355404111
p.D170Q,1.097289113
p.D170E,0.926297807
p.D170G,0.494648423
p.D170H,0.663317779
p.D170I,0.711271946
p.D170L,0.573196886
p.D170K,0.673797931
p.D170M,0.912513273
p.D170F,0.915454194
p.D170P,-0.08431731
p.D170S,0.525523398
p.D170X,-0.047330801
p.D170T,0.8097525
p.D170W,0.880996159
p.D170Y,0.644125654
p.D170V,0.963029851
p.D172D,1.006570877
p.D172A,-0.0757635
p.D172R,-0.050297662
p.D172N,0.768158191
p.D172C,0.011541514
p.D172Q,-0.141684117
p.D172E,0.733795171
p.D172G,-0.089142264
p.D172H,0.024754244
p.D172I,0.029925435
p.D172L,0.013264124
p.D172K,0.055099171
p.D172M,0.116075305
p.D172F,0.156735876
p.D172P,0.144364969
p.D172S,-0.041939056
p.D172X,0.094607002
p.D172T,-0.086435247
p.D172W,0.025738253
p.D172Y,0.075001939
p.D172V,-0.051951045
p.D175A,0.055020276
p.D175R,0.048646819
p.D175N,-0.121941275
p.D175C,-0.01585921
p.D175E,0.287990609
p.D175G,-0.108478494
p.D175H,0.061266504
p.D175I,0.024195332
p.D175L,0.062938365
p.D175K,-0.082839091
p.D175M,-0.059176306
p.D175F,-0.028248616
p.D175P,-0.03125913
p.D175S,-0.021712544
p.D175X,0.066869805
p.D175T,0.383689442
p.D175W,0.080814359
p.D175Y,0.329628443
p.D175V,0.000980457
p.D178A,-0.045632611
p.D178R,0.036724027
p.D178N,-0.173601584
p.D178C,0.074802973
p.D178Q,0.214754333
p.D178E,-0.083778868
p.D178G,-0.015845879
p.D178H,-0.112613555
p.D178I,0.138869522
p.D178L,0.011895767
p.D178K,-0.063281913
p.D178M,-0.179793574
p.D178F,-0.117163442
p.D178P,-0.062858678
p.D178S,-0.008282821
p.D178X,-0.066004152
p.D178T,0.04766864
p.D178W,-0.051980036
p.D178Y,0.153230557
p.D178V,-0.034409392
p.D193D,0.534203587
p.D193R,1.060285862
p.D193N,0.935113356
p.D193C,0.756637115
p.D193E,0.590476253
p.D193G,1.100541607
p.D193H,0.741550746
p.D193I,0.911446839
p.D193L,0.978577914
p.D193K,1.134770244
p.D193M,1.053648428
p.D193F,1.007893416
p.D193P,0.984961249
p.D193S,0.928772651
p.D193X,-0.17324284
p.D193T,1.332153554
p.D193W,0.974965102
p.D193Y,0.772760594
p.D193V,1.132403384
p.D217A,-0.327613107
p.D217R,0.634218054
p.D217N,0.52491352
p.D217C,0.317650387
p.D217Q,0.138849931
p.D217E,0.677859527
p.D217G,0.277219298
p.D217H,0.684930322
p.D217I,0.130624354
p.D217L,-0.07075818
p.D217K,0.008012883
p.D217M,0.077802141
p.D217F,0.522449106
p.D217P,-0.115148958
p.D217S,0.802251267
p.D217X,-0.041601912
p.D217T,0.977636843
p.D217W,0.512411161
p.D217Y,0.341442591
p.D217V,-0.015895376
p.D221D,1.363922511
p.D221A,0.211131933
p.D221R,0.407109823
p.D221N,-0.26849505
p.D221C,-0.152561427
p.D221Q,-0.052361932
p.D221E,0.765398378
p.D221G,-0.137347994
p.D221H,-0.072689362
p.D221I,0.22270534
p.D221L,0.024754641
p.D221K,-0.108965833
p.D221F,0.074564211
p.D221P,0.042236294
p.D221S,-0.39040374
p.D221X,0.035250084
p.D221T,-0.123822797
p.D221W,0.626338761
p.D221Y,0.074903843
p.D221V,0.012778044
p.D224D,1.016921352
p.D224A,-0.002290204
p.D224R,0.14644153
p.D224N,-0.313663902
p.D224C,-0.159743595
p.D224Q,0.387274536
p.D224E,0.407565837
p.D224G,-0.052485021
p.D224H,0.080715903
p.D224I,-0.07650251
p.D224L,0.04263733
p.D224K,-0.043422323
p.D224M,0.168255978
p.D224F,-0.032679667
p.D224P,-0.187051161
p.D224S,0.300335181
p.D224X,-0.107468203
p.D224T,-0.092921
p.D224W,0.504075637
p.D224Y,0.634525061
p.D224V,0.092968657
p.D227A,-0.064244658
p.D227R,0.019757689
p.D227C,0.039096177
p.D227Q,-0.238596181
p.D227E,0.573640935
p.D227G,0.308563199
p.D227I,0.35198923
p.D227L,0.268880617
p.D227K,-0.118902001
p.D227M,0.046428824
p.D227F,0.125385581
p.D227P,-0.017071506
p.D227S,0.183462561
p.D227X,-0.083018037
p.D227T,-0.04236489
p.D227W,0.007022324
p.D227Y,-0.201349542
p.D227V,-0.067840443
p.D239D,1.030132987
p.D239A,1.051715452
p.D239R,1.101206168
p.D239N,0.142682907
p.D239C,0.259484714
p.D239Q,1.024466053
p.D239E,1.03135659
p.D239G,1.072243102
p.D239H,1.101428215
p.D239I,1.000193574
p.D239L,1.001629618
p.D239K,0.30408524
p.D239M,0.912939362
p.D239F,1.019458402
p.D239P,0.957589316
p.D239S,0.868886049
p.D239X,0.286302456
p.D239T,1.056361988
p.D239W,1.098727435
p.D239Y,0.88080263
p.D239V,0.931397335
p.D245D,0.930021931
p.D245A,1.192756768
p.D245R,0.859601931
p.D245N,1.046897135
p.D245C,1.043776189
p.D245Q,0.575731914
p.D245E,0.932535238
p.D245G,0.27685684
p.D245H,0.885828919
p.D245I,0.915941845
p.D245L,1.01157242
p.D245K,0.98334503
p.D245M,0.912715108
p.D245F,1.213869632
p.D245P,0.950889312
p.D245S,1.049202729
p.D245X,0.074251122
p.D245W,0.901032505
p.D245Y,0.991381215
p.D245V,0.619674716
p.D25D,0.932757089
p.D256D,0.735739524
p.D256A,0.855698059
p.D256R,0.972263241
p.D256N,1.068563952
p.D256C,1.085960748
p.D256Q,0.482392785
p.D256E,0.971144922
p.D256G,0.551490992
p.D256H,0.5732319
p.D256I,0.857097958
p.D256L,0.913624309
p.D256K,0.633859754
p.D256M,0.425753971
p.D256F,0.745112494
p.D256P,1.021238063
p.D256S,0.979277295
p.D256X,-0.027962718
p.D256T,0.968813278
p.D256W,0.292709196
p.D256Y,0.864931121
p.D256V,0.175920047
p.D25A,1.058759757
p.D25R,0.838552058
p.D25N,0.949045735
p.D25C,-0.006722774
p.D25Q,0.849720745
p.D25E,1.017175157
p.D25G,0.989950959
p.D25H,0.694482562
p.D25I,1.003407274
p.D25L,0.941409269
p.D25K,1.006574704
p.D25M,0.889801845
p.D25F,0.914193254
p.D25P,1.126408049
p.D25S,1.016809884
p.D25X,-0.057735967
p.D25T,0.995328196
p.D25W,0.985970909
p.D25Y,1.025599702
p.D25V,0.795832886
p.D260D,1.085035473
p.D260A,0.938351994
p.D260R,0.95713584
p.D260N,0.896768901
p.D260C,0.871403929
p.D260Q,0.827362141
p.D260E,0.82847131
p.D260G,0.89274025
p.D260H,0.670083943
p.D260I,1.020008566
p.D260L,0.954710109
p.D260K,0.584247356
p.D260M,0.977056453
p.D260F,0.969479403
p.D260P,0.529762748
p.D260S,0.875386876
p.D260X,0.071531616
p.D260T,1.047138314
p.D260W,0.981805513
p.D260Y,1.005459751
p.D260V,0.839394789
p.D263D,1.095289095
p.D263A,0.925206922
p.D263R,0.915344878
p.D263N,0.927122731
p.D263C,0.738142194
p.D263Q,1.086387367
p.D263E,0.988112256
p.D263G,0.757963607
p.D263I,0.910358307
p.D263L,0.846460047
p.D263K,0.733821799
p.D263M,0.162328923
p.D263F,1.302907629
p.D263P,0.969517577
p.D263S,0.726460619
p.D263X,-0.133452374
p.D263T,0.970262972
p.D263W,1.271997362
p.D263Y,0.975194948
p.D263V,0.78317093
p.D266A,0.73499303
p.D266R,0.841171291
p.D266N,0.927390065
p.D266C,0.8530829
p.D266Q,0.946289246
p.D266E,1.074068226
p.D266G,0.962469022
p.D266H,1.039949145
p.D266I,0.669503428
p.D266L,0.579103365
p.D266K,-0.286161791
p.D266M,0.881590406
p.D266F,0.910500544
p.D266P,0.938355259
p.D266S,0.76582433
p.D266X,-0.10704756
p.D266T,0.849196985
p.D266W,1.026454299
p.D266Y,0.903629424
p.D266V,0.871364712
p.D293D,0.777831217
p.D293A,0.916582995
p.D293R,0.767602054
p.D293N,0.405725649
p.D293C,0.213406948
p.D293E,0.978501572
p.D293G,1.010692895
p.D293H,-0.062633678
p.D293I,0.981478166
p.D293L,0.93496828
p.D293K,1.277316441
p.D293M,0.621072104
p.D293F,0.866784276
p.D293P,0.877437854
p.D293S,0.965796392
p.D293X,0.096228438
p.D293T,-0.164409956
p.D293W,0.911648805
p.D293Y,0.720035917
p.D293V,0.873161771
p.D301D,1.06443154
p.D301A,-0.067657037
p.D301R,-0.05558856
p.D301N,0.10196091
p.D301C,0.356974579
p.D301Q,0.131408331
p.D301E,0.666035169
p.D301G,0.244945478
p.D301I,0.390933045
p.D301L,0.028029075
p.D301K,-0.099596631
p.D301M,0.309966823
p.D301F,0.002066193
p.D301S,0.76185601
p.D301X,-0.281915951
p.D301T,-0.030227505
p.D301W,0.061537088
p.D301Y,0.0168179
p.D301V,0.239147055
p.D304D,0.948154338
p.D304A,0.073985055
p.D304R,0.645336983
p.D304N,0.282489734
p.D304C,0.286045696
p.D304Q,-0.034101404
p.D304E,0.728220838
p.D304G,0.630710195
p.D304H,-0.05209725
p.D304I,0.200483166
p.D304L,-0.083669646
p.D304K,0.088833201
p.D304M,0.316674777
p.D304F,-0.006228386
p.D304P,0.319059697
p.D304S,0.710922578
p.D304X,-0.002619284
p.D304T,-0.224197772
p.D304W,0.367435712
p.D304Y,0.492002243
p.D304V,0.291627951
p.D307A,0.027280875
p.D307R,0.198270955
p.D307N,0.507487644
p.D307C,-0.146461662
p.D307Q,-0.258410342
p.D307E,0.83522407
p.D307G,0.08415908
p.D307H,0.724936041
p.D307I,0.021370834
p.D307L,0.039542026
p.D307K,0.461351033
p.D307M,-0.10048658
p.D307F,0.284594769
p.D307P,0.406805525
p.D307S,0.135021166
p.D307X,0.026622195
p.D307T,-0.263588945
p.D307W,0.313614461
p.D307Y,0.174676857
p.D307V,0.175676083
p.D320D,0.941076369
p.D320A,0.695627991
p.D320R,1.070857056
p.D320N,0.896183337
p.D320C,0.965549642
p.D320E,1.142232307
p.D320G,0.984804961
p.D320H,1.083455669
p.D320I,1.07481596
p.D320L,1.000275024
p.D320K,-0.039704384
p.D320M,0.783758174
p.D320F,0.954185985
p.D320P,0.382431727
p.D320S,0.982343697
p.D320X,0.377451713
p.D320T,0.786043562
p.D320W,0.546801449
p.D320Y,0.845691288
p.D320V,0.983054924
p.D331D,0.201280885
p.D331A,-0.216136714
p.D331R,0.899358109
p.D331N,0.594070257
p.D331C,0.582898391
p.D331Q,1.152852986
p.D331E,1.074436547
p.D331G,0.599170204
p.D331H,0.845682004
p.D331I,0.786790655
p.D331L,0.584821638
p.D331K,1.112765577
p.D331M,0.606083147
p.D331F,0.383949943
p.D331S,0.897406497
p.D331X,0.436473966
p.D331T,0.543093086
p.D331W,0.766453915
p.D331Y,0.844495478
p.D331V,0.808318569
p.D342D,1.069992103
p.D342A,1.04696337
p.D342R,0.958260378
p.D342N,0.936760381
p.D342C,1.013076943
p.D342Q,1.328289742
p.D342E,1.175947735
p.D342G,0.992763322
p.D342H,1.052146249
p.D342I,0.107954312
p.D342L,0.976688026
p.D342K,1.062149735
p.D342M,1.047751826
p.D342F,1.103702515
p.D342P,-0.005002431
p.D342S,1.03064307
p.D342X,0.071086508
p.D342T,1.096313236
p.D342W,1.209397838
p.D342Y,1.007534081
p.D342V,0.820055104
p.D354A,1.052438081
p.D354R,0.992882421
p.D354N,1.031814097
p.D354C,0.979467829
p.D354Q,1.149060289
p.D354E,1.116272603
p.D354G,0.937929575
p.D354H,1.180601208
p.D354I,1.084653539
p.D354L,0.965737373
p.D354K,0.982279469
p.D354M,0.817793814
p.D354F,1.194764239
p.D354P,1.089996287
p.D354S,0.965601496
p.D354X,0.040318101
p.D354T,1.04560315
p.D354W,1.018597674
p.D354Y,0.919240791
p.D354V,1.079596552
p.D356A,1.03518126
p.D356R,1.024289547
p.D356N,0.610119142
p.D356C,0.984747915
p.D356Q,1.024238551
p.D356E,0.995809239
p.D356G,1.059856737
p.D356H,1.074937133
p.D356I,1.030215425
p.D356L,1.009825684
p.D356K,1.094599117
p.D356M,0.911273799
p.D356F,1.076722735
p.D356P,1.11376076
p.D356S,1.027333726
p.D356X,-0.310180911
p.D356T,1.120861454
p.D356W,1.087996547
p.D356Y,1.037499106
p.D356V,1.03674062
p.D36D,1.04035431
p.D360A,0.897258613
p.D360R,1.123617978
p.D360N,1.098132938
p.D360C,1.024472895
p.D360Q,0.96778397
p.D360E,0.929789565
p.D360G,0.812361321
p.D360H,0.919678455
p.D360I,0.898854035
p.D360L,1.109656047
p.D360K,0.807050522
p.D360M,0.967265852
p.D360F,0.833268856
p.D360S,0.924753203
p.D360X,0.167532218
p.D360T,0.72901875
p.D360W,0.899873138
p.D360Y,1.093406616
p.D360V,1.055889387
p.D362D,0.737013462
p.D362A,-0.065884345
p.D362R,1.015840337
p.D362N,0.103476886
p.D362C,1.007838314
p.D362E,0.905981799
p.D362G,0.982246335
p.D362H,1.051885969
p.D362I,0.784811678
p.D362L,1.078665165
p.D362K,0.818368595
p.D362M,1.292038477
p.D362F,0.999439838
p.D362S,1.092848547
p.D362X,0.153431328
p.D362T,0.697257631
p.D362W,0.990106339
p.D362Y,0.946613813
p.D362V,1.032389172
p.D36A,1.017763274
p.D36R,1.04866259
p.D36N,0.868638975
p.D36C,1.063803065
p.D36Q,1.110366521
p.D36E,0.392958617
p.D36G,1.025043613
p.D36H,0.974505563
p.D36I,1.028750276
p.D36L,0.722796142
p.D36K,1.045780358
p.D36M,0.789669237
p.D36F,0.900187666
p.D36P,0.680399833
p.D36S,0.769993454
p.D36X,-0.108480611
p.D36T,0.987844974
p.D36W,0.77641752
p.D36Y,1.215358966
p.D36V,1.025977467
p.D386D,0.916886522
p.D386A,0.869064324
p.D386R,0.778689294
p.D386N,1.303397733
p.D386C,-0.25033851
p.D386E,0.092074991
p.D386G,0.966749391
p.D386I,0.904849907
p.D386L,0.730878122
p.D386F,0.813441608
p.D386S,0.687866783
p.D386X,0.129014204
p.D386T,0.42610852
p.D386W,1.023955517
p.D386Y,0.782695341
p.D386V,0.98304735
p.D415D,0.979628107
p.D415A,1.006110256
p.D415N,1.022502744
p.D415C,0.976833587
p.D415G,1.057920544
p.D415K,0.015891998
p.D415F,0.225875288
p.D415S,1.038124559
p.D415X,0.306948156
p.D415W,0.518925004
p.D415V,0.027418242
p.D433A,1.087123814
p.D433R,-0.247112317
p.D433N,0.84490832
p.D433E,0.940611327
p.D433G,0.577306855
p.D433I,0.747629361
p.D433L,-0.079195393
p.D433M,0.48752205
p.D433F,0.442878958
p.D433S,0.276412838
p.D433X,-0.029626911
p.D433T,0.639346682
p.D433Y,0.270842631
p.D433V,0.92530215
p.D445R,1.039905748
p.D445N,1.006794402
p.D445C,0.970812297
p.D445E,1.017142818
p.D445G,0.908833123
p.D445H,0.933844782
p.D445M,1.176579186
p.D445W,1.039150364
p.D445Y,0.052717018
p.D445V,0.919876654
p.D457D,1.117169446
p.D457A,0.570954015
p.D457R,0.897465661
p.D457N,0.885630876
p.D457Q,0.455620546
p.D457E,1.036958795
p.D457G,1.039230485
p.D457I,0.898986102
p.D457L,0.987769499
p.D457K,0.732750977
p.D457M,0.782013942
p.D457F,0.921606075
p.D457P,1.139244704
p.D457S,0.958380871
p.D457X,-0.08915537
p.D457T,1.041118465
p.D457W,1.122808418
p.D457Y,0.761272477
p.D457V,0.974558458
p.D466D,1.045800826
p.D466A,0.991451225
p.D466R,0.994031211
p.D466N,1.139784421
p.D466G,1.080677735
p.D466I,1.085212684
p.D466L,1.049326836
p.D466K,0.890629506
p.D466M,0.150426704
p.D466F,1.172418847
p.D466S,1.081281363
p.D466W,1.030296111
p.D466Y,0.999200344
p.D466V,0.998326548
p.D472D,0.933305716
p.D472R,0.857662491
p.D472N,0.959139172
p.D472C,0.6068497
p.D472E,0.931776078
p.D472G,1.080910071
p.D472I,0.874777357
p.D472L,0.916357188
p.D472F,0.930122736
p.D472S,0.960042033
p.D472X,0.024037823
p.D472Y,0.832995153
p.D472V,0.975395476
p.D477N,0.961406416
p.D477G,0.623631029
p.D47A,1.045128027
p.D47R,-0.060413091
p.D47C,0.435342835
p.D47E,1.125958856
p.D47G,1.037635728
p.D47H,0.229961635
p.D47L,0.274548839
p.D47K,1.030649132
p.D47M,1.103966066
p.D47F,0.076017938
p.D47S,0.856932801
p.D47T,0.033784595
p.D47W,0.034200527
p.D47Y,0.58922854
p.D47V,0.886373557
p.D482D,0.325027629
p.D482A,0.094122359
p.D482N,-0.122928703
p.D482C,0.647661339
p.D482Q,0.231276203
p.D482G,0.468936237
p.D482I,-0.1043811
p.D482F,-0.126098676
p.D482S,0.165196968
p.D482X,-0.015905849
p.D482W,-0.333960792
p.D482V,-0.022265024
p.D492D,0.84310189
p.D492A,0.059430812
p.D492R,0.881036004
p.D492E,1.22280426
p.D492G,0.973220076
p.D492H,0.390543267
p.D492L,1.18052189
p.D492P,0.941170537
p.D492Y,0.883694997
p.D492V,0.922947209
p.D502A,0.886515838
p.D502R,0.978788604
p.D502N,0.508645956
p.D502C,0.923520446
p.D502Q,0.952280824
p.D502E,0.963589503
p.D502G,0.883225787
p.D502H,1.240387912
p.D502L,0.968733434
p.D502S,0.307256641
p.D502X,-0.204938506
p.D502T,0.149988672
p.D502Y,0.87170225
p.D502V,0.213787475
p.D525A,1.048147711
p.D525R,0.333203399
p.D525N,0.912557591
p.D525C,1.073920348
p.D525Q,1.09172623
p.D525E,0.970912229
p.D525G,0.935517127
p.D525H,1.228260768
p.D525I,0.825943209
p.D525L,0.545535302
p.D525M,1.01368573
p.D525F,0.541396218
p.D525S,0.842469864
p.D525X,-0.135610941
p.D525T,1.030619358
p.D525W,1.007385287
p.D525Y,0.972382514
p.D525V,0.914434684
p.D535D,0.972994655
p.D535A,1.025519643
p.D535R,0.459359249
p.D535N,0.907735325
p.D535C,0.676185944
p.D535Q,0.780197712
p.D535E,1.283016848
p.D535G,0.984423028
p.D535H,1.053493294
p.D535I,1.005203794
p.D535L,0.881946299
p.D535K,1.137826763
p.D535M,0.930937996
p.D535F,0.936648857
p.D535S,0.959015661
p.D535X,-0.033668943
p.D535T,0.759236172
p.D535W,0.941735828
p.D535Y,0.988006554
p.D535V,0.927451723
p.D54A,1.123284696
p.D54R,0.998651399
p.D54N,1.133476088
p.D54C,1.032217043
p.D54E,1.013689375
p.D54G,0.897387429
p.D54H,0.98448399
p.D54I,1.017862201
p.D54L,1.098809949
p.D54K,1.018838734
p.D54M,0.207175498
p.D54F,0.827493571
p.D54P,1.073536811
p.D54S,1.129886298
p.D54X,-0.073566976
p.D54T,1.015928961
p.D54W,0.998122563
p.D54Y,0.521704765
p.D54V,1.129492315
p.D551D,0.80461311
p.D551R,0.981947606
p.D551N,0.788349062
p.D551C,0.94485599
p.D551Q,1.102019523
p.D551E,1.009512997
p.D551G,0.837111286
p.D551H,1.049185363
p.D551I,0.877662664
p.D551L,0.887827041
p.D551F,0.900697368
p.D551S,0.93965945
p.D551X,-0.128457256
p.D551T,1.096299969
p.D551W,0.974167615
p.D551Y,0.935830074
p.D551V,0.982392108
p.D569A,-0.24985626
p.D569R,-0.208855141
p.D569N,1.049191627
p.D569C,0.789275889
p.D569E,-0.098486545
p.D569G,0.753703699
p.D569I,0.279240822
p.D569L,0.737898292
p.D569K,-0.196569277
p.D569M,1.024553012
p.D569F,0.58231146
p.D569P,-0.403334643
p.D569S,0.978747357
p.D569X,0.029584076
p.D569T,0.879740143
p.D569W,0.887111577
p.D569Y,0.360584559
p.D569V,0.759002095
p.D57D,1.040371601
p.D579D,0.975761553
p.D579A,-0.1052081
p.D579R,-0.093108163
p.D579N,0.244082397
p.D579C,0.800641376
p.D579Q,-0.069788253
p.D579E,0.589729295
p.D579G,0.000634034
p.D579H,0.159926079
p.D579I,0.116961392
p.D579L,-0.017731301
p.D579K,-0.061337235
p.D579F,-0.185595921
p.D579P,-0.230617813
p.D579S,-0.022907871
p.D579T,-0.149869872
p.D579W,0.098068034
p.D579Y,0.022835363
p.D579V,-0.064380974
p.D57A,1.036541193
p.D57R,0.19662129
p.D57N,0.480797787
p.D57C,1.105147117
p.D57Q,-0.08655958
p.D57E,0.955811143
p.D57G,0.270470759
p.D57H,1.226749356
p.D57I,0.950708244
p.D57L,1.014669308
p.D57K,0.993460233
p.D57M,1.027132133
p.D57F,0.993215095
p.D57P,0.883526362
p.D57S,0.924688047
p.D57X,0.116445663
p.D57T,0.915078075
p.D57W,1.225588269
p.D57Y,0.844586997
p.D57V,0.960849531
p.D589A,1.002121828
p.D589R,0.632316071
p.D589N,0.964521459
p.D589C,0.47102448
p.D589Q,1.038331587
p.D589G,0.900996231
p.D589H,1.196174634
p.D589I,-0.216563252
p.D589L,0.918368517
p.D589K,-0.13613119
p.D589M,1.100144513
p.D589F,1.113421233
p.D589P,0.992231749
p.D589S,1.047533644
p.D589X,-0.200580197
p.D589T,0.876526623
p.D589W,0.888986159
p.D589Y,0.18456499
p.D589V,0.945241795
p.D601A,0.905899997
p.D601R,0.910351454
p.D601N,0.947239858
p.D601C,0.974062847
p.D601E,0.885770896
p.D601G,0.881683535
p.D601H,1.058873524
p.D601I,0.488827948
p.D601L,1.049761543
p.D601K,-0.058908473
p.D601M,0.036458671
p.D601F,0.845048353
p.D601P,-0.348706247
p.D601S,0.817133679
p.D601X,-0.544538704
p.D601T,0.939278111
p.D601W,0.887107751
p.D601Y,0.864918525
p.D601V,0.823176728
p.D616D,0.677978763
p.D616A,0.814141262
p.D616R,-0.1590188
p.D616C,-0.078591735
p.D616E,0.065488629
p.D616G,0.907762581
p.D616L,1.04086307
p.D616K,1.03481597
p.D616F,0.942361416
p.D616P,0.039634258
p.D616S,1.045051825
p.D616X,-0.302914625
p.D616T,-0.005741089
p.D616Y,0.074931947
p.D616V,-0.193957993
p.D622A,-0.097720049
p.D622R,-0.080693294
p.D622N,0.333963242
p.D622C,0.933179197
p.D622E,0.922233436
p.D622G,-0.14121222
p.D622H,0.108503375
p.D622I,-0.049791862
p.D622L,0.045055868
p.D622K,0.033098364
p.D622F,-0.193752622
p.D622S,0.867966813
p.D622X,-0.07103292
p.D622W,-0.154590681
p.D622Y,0.064947568
p.D622V,-0.124086618
p.D638A,0.537969462
p.D638R,0.944179663
p.D638N,1.024791105
p.D638C,0.744269458
p.D638Q,1.091412868
p.D638E,1.016944608
p.D638G,0.93010902
p.D638H,0.99792616
p.D638L,1.071508368
p.D638K,0.956629794
p.D638M,0.949990061
p.D638F,0.275515649
p.D638P,1.019982649
p.D638S,0.933471349
p.D638X,-0.009681547
p.D638T,1.069208548
p.D638W,0.866796498
p.D638Y,0.98392101
p.D638V,0.948947026
p.D651A,0.955275605
p.D651R,0.501585084
p.D651N,0.947451522
p.D651C,1.071302399
p.D651Q,0.155428801
p.D651E,0.152864986
p.D651G,0.862443526
p.D651I,-0.781313062
p.D651L,0.307691687
p.D651M,0.786664414
p.D651F,0.806181902
p.D651S,0.962958162
p.D651T,0.0441159
p.D651W,0.53137742
p.D651Y,1.103583918
p.D651V,0.801934234
p.D700D,0.419950994
p.D700A,0.49439767
p.D700N,1.052548209
p.D700C,0.726417972
p.D700E,0.00587352
p.D700G,1.001301781
p.D700L,0.857125603
p.D700M,0.936089491
p.D700P,0.531206096
p.D700S,0.997020285
p.D700X,-0.341634792
p.D700Y,0.740226866
p.D700V,0.514833473
p.D707D,0.973829719
p.D707A,0.78659934
p.D707R,-0.213682308
p.D707N,0.835971892
p.D707E,0.877191104
p.D707G,1.025301442
p.D707H,0.886840737
p.D707I,0.152896523
p.D707L,0.081742539
p.D707K,0.803797869
p.D707M,0.031177377
p.D707F,-0.105063144
p.D707S,1.002362445
p.D707X,-0.101073661
p.D707T,0.788225642
p.D707Y,-0.548501148
p.D707V,-0.11911295
p.D72D,0.597978241
p.D72A,0.090008135
p.D72R,1.190245259
p.D72N,-0.034693709
p.D72C,1.024807078
p.D72E,0.865819802
p.D72G,0.949564067
p.D72H,1.053847172
p.D72I,0.979476119
p.D72L,1.026911639
p.D72K,0.804133255
p.D72M,1.087402874
p.D72F,1.035391386
p.D72P,-0.078597999
p.D72S,1.05710303
p.D72X,0.527173795
p.D72T,0.888473285
p.D72W,0.332274148
p.D72Y,1.07248184
p.D72V,0.772177317
p.D748D,0.978763022
p.D748A,1.055454443
p.D748R,0.898643089
p.D748N,0.004055639
p.D748C,0.75698702
p.D748Q,0.871563295
p.D748E,0.970852293
p.D748G,1.024539141
p.D748H,0.987558558
p.D748I,0.979599656
p.D748L,0.748682264
p.D748K,1.012447305
p.D748M,1.001894992
p.D748F,1.050081297
p.D748P,0.670231252
p.D748S,1.012875938
p.D748X,0.334635208
p.D748T,1.016876673
p.D748W,1.004896831
p.D748Y,0.824069038
p.D748V,0.966761217
p.D774D,0.912195804
p.D774A,0.994581978
p.D774R,0.815972514
p.D774N,0.948891652
p.D774C,1.032993727
p.D774Q,0.736948727
p.D774E,0.879133251
p.D774G,0.982076065
p.D774H,1.056561498
p.D774I,0.939929217
p.D774L,0.980890727
p.D774K,0.425648157
p.D774M,-0.395794186
p.D774F,0.882427641
p.D774P,0.898318258
p.D774S,1.022959184
p.D774X,0.345700271
p.D774T,0.947521237
p.D774W,0.918806019
p.D774Y,0.987967489
p.D774V,1.005703788
p.D824D,0.986984795
p.D824A,-0.052989119
p.D824R,0.973440492
p.D824C,1.061030717
p.D824Q,0.370647034
p.D824E,0.688953432
p.D824G,1.001897745
p.D824I,1.116735621
p.D824L,1.009306352
p.D824K,1.074914319
p.D824M,1.24987831
p.D824F,1.079349943
p.D824S,1.040813455
p.D824X,0.178047508
p.D824T,1.061904897
p.D824W,1.088660732
p.D824V,1.018694719
p.D834A,1.004942184
p.D834R,0.896984081
p.D834N,1.060673541
p.D834C,1.009338161
p.D834Q,0.000170157
p.D834E,1.052585159
p.D834G,0.979550548
p.D834H,0.940328666
p.D834I,0.372277561
p.D834L,0.530169555
p.D834K,0.891496702
p.D834M,0.9939869
p.D834F,0.685535873
p.D834S,0.89108196
p.D834X,0.997338575
p.D834T,0.939616516
p.D834W,0.81077925
p.D834Y,1.10616963
p.D834V,0.513881528
p.D843D,0.845019771
p.D843A,1.068330565
p.D843R,1.03423643
p.D843N,1.034226243
p.D843C,0.978504551
p.D843Q,0.990698351
p.D843E,1.078015549
p.D843G,1.026219233
p.D843H,1.015692007
p.D843I,1.024630989
p.D843L,0.658863258
p.D843K,1.004944386
p.D843M,0.992389559
p.D843F,0.996972161
p.D843P,0.989253386
p.D843S,0.976500628
p.D843X,0.980692468
p.D843T,0.903184368
p.D843W,0.840452101
p.D843Y,-0.106919452
p.D843V,0.766636709
p.D857A,0.99565485
p.D857R,1.015771928
p.D857N,1.062378281
p.D857C,1.043255499
p.D857Q,0.964708002
p.D857E,1.016579331
p.D857G,0.991154766
p.D857H,1.043436534
p.D857I,0.982297568
p.D857L,1.076108608
p.D857K,0.86775388
p.D857M,0.370018294
p.D857F,0.735439644
p.D857P,0.994889253
p.D857S,0.835462098
p.D857X,0.978516385
p.D857T,0.994932754
p.D857W,1.001869518
p.D857Y,1.023220146
p.D857V,0.99664259
p.D858D,-0.100442013
p.D858A,1.129971492
p.D858R,0.98019439
p.D858N,0.945823333
p.D858C,0.20855968
p.D858Q,0.965142641
p.D858E,0.991703972
p.D858G,1.024024162
p.D858H,0.945755238
p.D858I,1.074540416
p.D858L,0.36002023
p.D858K,0.984290715
p.D858M,0.790071383
p.D858F,1.027620003
p.D858P,0.876614762
p.D858S,1.093937442
p.D858T,1.030199791
p.D858W,1.02433948
p.D858V,0.678210835
p.D90A,0.871768363
p.D90R,0.794722531
p.D90N,0.993716085
p.D90C,0.82679181
p.D90Q,1.017155747
p.D90E,0.874371281
p.D90G,0.938817633
p.D90H,0.841499243
p.D90I,1.058218491
p.D90L,0.91968313
p.D90K,0.24471
p.D90M,-0.057403481
p.D90F,0.643781351
p.D90P,0.741637515
p.D90S,0.485962615
p.D90X,-0.104923961
p.D90T,0.905098173
p.D90W,0.913111179
p.D90Y,0.941867887
p.D90V,0.940102547
p.D94D,1.041919047
p.D94A,0.917457634
p.D94R,0.712021186
p.D94N,0.733884648
p.D94C,0.156305551
p.D94Q,0.987009169
p.D94E,0.728637964
p.D94G,0.734264408
p.D94H,0.844898994
p.D94I,0.992983304
p.D94L,0.895470201
p.D94K,0.864086181
p.D94M,1.057552961
p.D94F,1.023621733
p.D94P,0.993732619
p.D94S,1.012116371
p.D94X,0.007168332
p.D94T,0.989596723
p.D94W,0.766488244
p.D94Y,0.849327189
p.D94V,0.995852346
p.D96D,0.957301043
p.D96A,1.044959269
p.D96R,1.058773182
p.D96N,0.997001195
p.D96C,1.027252543
p.D96Q,-0.15084317
p.D96E,0.698481244
p.D96G,1.018159981
p.D96H,0.989971741
p.D96I,0.783376417
p.D96L,1.060337601
p.D96K,1.048499682
p.D96M,0.04135075
p.D96F,0.978558795
p.D96P,1.132149477
p.D96S,0.915298322
p.D96X,-0.086431134
p.D96T,1.098955738
p.D96W,1.018643224
p.D96Y,1.064233159
p.D96V,0.969582081
p.C104C,1.037449271
p.C104A,0.832165092
p.C104R,0.749315059
p.C104N,0.942170816
p.C104D,0.083156539
p.C104Q,0.70865721
p.C104E,0.783076489
p.C104G,0.885122761
p.C104H,0.51383881
p.C104I,0.719950468
p.C104L,0.849873664
p.C104K,0.879561775
p.C104M,0.646980457
p.C104F,0.944875922
p.C104P,0.414659557
p.C104S,0.866130433
p.C104X,0.028266695
p.C104T,0.086403173
p.C104W,0.543565162
p.C104Y,0.922787699
p.C104V,0.954707134
p.C109C,0.970453304
p.C109A,0.478493871
p.C109R,0.26860485
p.C109N,-0.14518858
p.C109D,0.762617012
p.C109Q,-0.045319838
p.C109E,0.156532119
p.C109G,0.155667135
p.C109H,0.194092683
p.C109I,0.822232451
p.C109L,0.353098694
p.C109K,0.524860832
p.C109M,0.111060885
p.C109F,0.089392041
p.C109P,0.725133403
p.C109S,0.262145616
p.C109X,0.054094133
p.C109T,0.797285472
p.C109W,0.527094281
p.C109Y,0.645475335
p.C109V,0.152354195
p.C116C,0.732431879
p.C116A,-0.105107569
p.C116R,-0.142518657
p.C116N,-0.033020335
p.C116D,-0.115830349
p.C116Q,0.000318007
p.C116E,0.420274974
p.C116G,-0.083430084
p.C116H,-0.05426062
p.C116I,-0.096108779
p.C116L,0.058915417
p.C116K,-0.154785893
p.C116M,-0.02654221
p.C116F,0.722299703
p.C116P,0.00185181
p.C116S,0.05226547
p.C116X,-0.058106646
p.C116T,-0.014349043
p.C116W,-0.023757353
p.C116Y,-0.152301835
p.C116V,-0.054992193
p.C121C,0.958444786
p.C121A,0.597323399
p.C121R,0.492479491
p.C121N,0.139414475
p.C121D,0.506820915
p.C121Q,0.848250846
p.C121E,-0.097876662
p.C121G,0.040201314
p.C121H,0.402270596
p.C121I,0.860430249
p.C121L,0.928865384
p.C121K,0.015871238
p.C121M,0.747224142
p.C121F,0.942824943
p.C121P,-0.023967704
p.C121S,0.765691865
p.C121X,0.346173728
p.C121T,0.876375183
p.C121W,0.852944634
p.C121Y,0.905827928
p.C121V,0.928386373
p.C128A,0.149235909
p.C128R,0.117636237
p.C128N,0.700247139
p.C128D,0.186934759
p.C128Q,-0.084318176
p.C128G,0.150904091
p.C128H,0.787072399
p.C128I,-0.039501742
p.C128L,0.020495036
p.C128K,0.227943948
p.C128M,0.441834922
p.C128F,0.054796676
p.C128P,0.13356376
p.C128S,0.029682006
p.C128X,-0.10612286
p.C128T,-0.029558216
p.C128W,0.015538502
p.C128Y,0.367423084
p.C128V,0.584355423
p.C134C,0.987142446
p.C134A,-0.012916318
p.C134R,-0.061990571
p.C134N,-0.06562485
p.C134D,0.02180685
p.C134Q,-0.158656704
p.C134E,0.047042004
p.C134G,-0.091186118
p.C134H,0.171268221
p.C134I,-0.220363827
p.C134L,0.003783994
p.C134K,0.171731814
p.C134M,-0.018430406
p.C134F,0.074461762
p.C134P,0.113643336
p.C134S,-0.033457197
p.C134X,-0.051579788
p.C134T,0.044557699
p.C134W,-0.078324526
p.C134Y,0.016265463
p.C134V,-0.119789815
p.C143C,0.902183559
p.C143A,0.151737466
p.C143R,0.014222526
p.C143N,0.280594386
p.C143D,0.533389624
p.C143Q,0.054048439
p.C143E,0.635726511
p.C143G,0.151584782
p.C143H,0.490042466
p.C143I,-0.066354889
p.C143L,0.146415679
p.C143K,0.15037379
p.C143M,-0.022636455
p.C143F,0.205772591
p.C143P,0.044896048
p.C143S,0.193164651
p.C143X,-0.125323032
p.C143T,0.874679164
p.C143W,0.321858252
p.C143Y,-0.017008469
p.C143V,-0.06950202
p.C148A,0.200890222
p.C148R,-0.136138611
p.C148N,-0.011898346
p.C148D,0.021043052
p.C148Q,0.032063555
p.C148E,-0.012234469
p.C148G,0.018329374
p.C148H,0.027029669
p.C148I,-0.097183946
p.C148L,0.032121121
p.C148K,0.065044089
p.C148M,0.087505328
p.C148F,0.002351752
p.C148P,-0.059440461
p.C148S,0.032403358
p.C148X,-0.110366676
p.C148T,0.063509545
p.C148W,-0.073868597
p.C148Y,0.002705996
p.C148V,0.03675732
p.C155C,0.96457751
p.C155A,-0.107444319
p.C155R,0.148221523
p.C155N,0.299029106
p.C155D,-0.137443143
p.C155Q,0.05252644
p.C155E,0.331166329
p.C155G,-0.066183921
p.C155H,0.251357067
p.C155I,-0.092465823
p.C155L,-0.044539463
p.C155K,0.346916448
p.C155M,-0.078613902
p.C155F,0.133504257
p.C155P,-0.091458746
p.C155S,-0.032925559
p.C155X,-0.024021007
p.C155T,0.079478111
p.C155W,-0.004574958
p.C155Y,-0.040448775
p.C155V,0.047679603
p.C160C,0.709268953
p.C160A,0.01414302
p.C160R,-0.030340032
p.C160N,-0.137979082
p.C160D,-0.224765528
p.C160Q,-0.079662635
p.C160E,-0.133555513
p.C160G,0.049002948
p.C160H,0.02504652
p.C160I,0.285632506
p.C160L,0.0015497
p.C160K,-0.021036654
p.C160M,-0.039128491
p.C160F,0.016033448
p.C160P,0.007125372
p.C160S,0.071682693
p.C160X,-0.116918603
p.C160T,-0.078722337
p.C160W,0.152539592
p.C160Y,-0.003170268
p.C160V,-0.052842809
p.C167C,1.039116973
p.C167A,-0.116020609
p.C167R,0.012337702
p.C167N,0.104522042
p.C167D,-0.062918821
p.C167Q,-0.106976731
p.C167E,0.081355701
p.C167G,0.016913822
p.C167H,0.188900349
p.C167I,0.174933257
p.C167L,0.006830566
p.C167K,-0.056123174
p.C167M,0.07134308
p.C167F,-0.050869333
p.C167P,0.096635553
p.C167S,-0.017821373
p.C167X,-0.108478591
p.C167T,0.028917754
p.C167W,0.040126242
p.C167Y,-0.022358157
p.C167V,-0.117162327
p.C173C,1.020617244
p.C173A,0.034313989
p.C173R,-0.009593381
p.C173N,0.095072906
p.C173D,0.285472861
p.C173Q,0.134712679
p.C173E,0.102418673
p.C173G,-0.026790532
p.C173H,-0.084891248
p.C173I,-0.059004006
p.C173L,-0.043610942
p.C173K,0.002308074
p.C173M,-0.209632775
p.C173F,0.032464589
p.C173P,-0.059338808
p.C173S,-0.020362006
p.C173X,0.02016395
p.C173T,0.082813373
p.C173W,-0.019491548
p.C173Y,0.13254333
p.C173V,-0.108307897
p.C184C,0.944976433
p.C184A,0.015423199
p.C184R,-0.016836059
p.C184N,0.277399562
p.C184D,-0.054447722
p.C184Q,-0.025387379
p.C184E,0.018608612
p.C184G,0.015583609
p.C184H,0.29554975
p.C184I,0.211405161
p.C184L,0.046935141
p.C184K,0.120410945
p.C184M,-0.209639496
p.C184F,0.05922378
p.C184P,0.106059528
p.C184S,-0.010572296
p.C184X,-0.094817626
p.C184T,0.075607141
p.C184W,-0.070492494
p.C184Y,0.063197159
p.C184V,-0.048755036
p.C197C,1.036273284
p.C197A,0.072622019
p.C197R,0.351557741
p.C197N,0.187542776
p.C197D,-0.148453129
p.C197Q,-0.316496782
p.C197E,0.013904872
p.C197G,0.049034928
p.C197I,0.158653848
p.C197L,0.527994615
p.C197K,0.251230593
p.C197M,0.36546219
p.C197F,0.273334997
p.C197S,0.427745696
p.C197X,0.727683459
p.C197T,0.103518932
p.C197W,-0.012729801
p.C197Y,0.426743024
p.C197V,0.044345537
p.C204C,0.998466338
p.C204A,-0.03535473
p.C204R,0.183005495
p.C204D,0.732920135
p.C204E,-0.357621179
p.C204G,0.09686408
p.C204I,-0.228647016
p.C204L,-0.156293652
p.C204K,-0.024520382
p.C204M,-0.210316485
p.C204F,-0.016138241
p.C204P,0.334272864
p.C204S,-0.02619591
p.C204X,0.713061985
p.C204W,0.1851005
p.C204Y,0.39064101
p.C204V,0.779277345
p.C209C,1.067932864
p.C209A,0.614253436
p.C209R,0.292221207
p.C209G,0.060682359
p.C209I,0.812788764
p.C209L,0.77076738
p.C209F,0.152121004
p.C209S,0.102615487
p.C209X,-0.044132952
p.C209W,0.413145464
p.C209Y,0.179365398
p.C209V,0.876944645
p.C216C,0.626046922
p.C216R,-0.221104761
p.C216N,0.18611964
p.C216D,0.76551048
p.C216Q,0.852860827
p.C216E,0.93631203
p.C216G,0.230804577
p.C216H,0.270649514
p.C216I,-0.111796266
p.C216L,0.031858333
p.C216K,-0.010944978
p.C216M,0.438067486
p.C216F,-0.098810049
p.C216P,0.743327832
p.C216S,0.225161409
p.C216X,0.036691948
p.C216W,0.492515767
p.C216Y,0.02961696
p.C216V,-0.087685987
p.C222C,-0.021689839
p.C222A,0.746914211
p.C222R,0.042719874
p.C222N,0.005585602
p.C222D,-0.139638832
p.C222E,0.045615007
p.C222G,0.147143647
p.C222H,0.026665015
p.C222I,0.172204659
p.C222L,-0.048315771
p.C222K,-0.03919826
p.C222M,0.129739123
p.C222F,-0.17873972
p.C222P,-0.185084894
p.C222S,0.018648969
p.C222X,0.076778375
p.C222T,-0.131078631
p.C222W,0.172105939
p.C222Y,-0.206023097
p.C222V,-0.02584583
p.C231C,1.036290507
p.C231A,-0.111795199
p.C231R,-0.00612808
p.C231N,0.117677429
p.C231D,-0.008352471
p.C231Q,-0.178343297
p.C231E,0.014289488
p.C231G,0.726505202
p.C231I,0.162337032
p.C231L,0.022316628
p.C231K,0.684914858
p.C231M,-0.238354999
p.C231F,0.000795275
p.C231P,-0.303932534
p.C231S,-0.182884866
p.C231X,0.136427568
p.C231T,-0.341294663
p.C231W,0.054511109
p.C231Y,0.236178179
p.C231V,-0.049918681
p.C236A,0.883984536
p.C236R,0.661430112
p.C236D,0.764076209
p.C236E,1.065592891
p.C236G,0.822613124
p.C236H,-0.189693393
p.C236I,0.721220069
p.C236L,0.989492901
p.C236K,0.3166356
p.C236M,0.552982195
p.C236F,0.773341345
p.C236P,1.021890809
p.C236S,0.768881737
p.C236X,-0.203093323
p.C236T,0.949660487
p.C236W,0.85743752
p.C236Y,0.950639525
p.C236V,0.939753087
p.C243C,0.981918724
p.C243A,1.203427207
p.C243R,0.897014463
p.C243D,0.496623509
p.C243Q,1.103819566
p.C243E,0.188089519
p.C243G,0.94953618
p.C243H,-0.090504852
p.C243L,0.781709356
p.C243K,0.931556377
p.C243M,0.751021489
p.C243F,0.901756617
p.C243S,0.959403711
p.C243X,-0.146473252
p.C243T,0.813217394
p.C243W,0.95853605
p.C243Y,0.953814018
p.C243V,0.807959905
p.C248C,0.814123539
p.C248A,0.925508306
p.C248R,0.808837498
p.C248N,0.862661506
p.C248D,0.89110657
p.C248E,0.899779118
p.C248G,0.815779186
p.C248H,0.650921035
p.C248I,0.636383237
p.C248L,0.857713456
p.C248K,0.90296172
p.C248M,1.030684911
p.C248F,0.95959749
p.C248P,0.518798512
p.C248S,0.91657791
p.C248X,0.124722413
p.C248T,0.948562607
p.C248W,0.779107214
p.C248Y,0.963365917
p.C248V,0.565506315
p.C255A,0.96158578
p.C255R,0.842266173
p.C255N,1.265123447
p.C255D,1.001285063
p.C255Q,0.893700728
p.C255E,1.01249408
p.C255G,0.93487225
p.C255H,0.94385338
p.C255I,0.681439531
p.C255L,0.786354541
p.C255K,0.895117833
p.C255M,-0.00455745
p.C255F,0.778815099
p.C255P,1.02998331
p.C255S,0.896417184
p.C255X,-0.078055785
p.C255T,1.051730039
p.C255W,0.893321303
p.C255Y,0.905696795
p.C255V,0.680389492
p.C261C,0.116127632
p.C261A,0.869484946
p.C261R,0.863237915
p.C261N,-0.143766187
p.C261D,0.913418672
p.C261Q,0.822213914
p.C261E,0.605123802
p.C261G,0.887567249
p.C261H,0.709881497
p.C261I,0.96028857
p.C261L,0.923694816
p.C261K,0.847483831
p.C261M,0.140835205
p.C261F,0.955795594
p.C261P,-0.046455758
p.C261S,0.872386625
p.C261X,-0.038631833
p.C261T,0.906438365
p.C261W,0.786836582
p.C261Y,1.048521158
p.C261V,0.770959413
p.C270C,0.968406252
p.C270A,0.889590997
p.C270R,0.901224205
p.C270N,0.710843286
p.C270D,1.003365838
p.C270Q,0.794724561
p.C270E,0.791924897
p.C270G,0.900507901
p.C270H,0.419061482
p.C270I,0.856296074
p.C270L,0.907735021
p.C270K,0.691101539
p.C270M,0.903343858
p.C270F,0.948068815
p.C270P,1.084181653
p.C270S,0.813577572
p.C270X,-0.036054042
p.C270T,0.956088969
p.C270W,0.888277656
p.C270Y,0.866121792
p.C270V,0.69465034
p.C276C,0.937725845
p.C276A,0.208619439
p.C276R,0.485026996
p.C276N,-0.132598962
p.C276D,-0.216321799
p.C276Q,0.505985954
p.C276E,-0.097090228
p.C276G,0.248197292
p.C276H,0.891859687
p.C276I,0.484367712
p.C276L,0.124919009
p.C276K,0.281422038
p.C276M,0.297492089
p.C276F,-0.463933607
p.C276P,-0.450000779
p.C276S,0.413630354
p.C276X,-0.010603359
p.C276T,0.167630468
p.C276W,0.355339508
p.C276Y,0.43325161
p.C276V,0.408880929
p.C27A,0.757170087
p.C27R,1.035889069
p.C27N,1.013319203
p.C27D,0.895443887
p.C27Q,0.885090997
p.C27E,0.863507067
p.C27G,0.853798612
p.C27H,-0.161569596
p.C27I,0.873423249
p.C27L,1.057066714
p.C27K,1.199550177
p.C27M,1.102190255
p.C27F,1.0494086
p.C27S,0.771984806
p.C27X,0.12952242
p.C27T,1.026717493
p.C27W,1.039985333
p.C27Y,0.912224926
p.C27V,1.125808594
p.C284C,0.902002851
p.C284A,0.274542546
p.C284R,0.141594336
p.C284N,0.06178713
p.C284D,0.956964219
p.C284E,0.205706296
p.C284G,0.143605946
p.C284H,-0.276977159
p.C284I,0.083845186
p.C284L,-0.196748283
p.C284K,0.059831798
p.C284M,0.316542936
p.C284F,0.169866237
p.C284P,0.531528147
p.C284S,-0.07815709
p.C284X,-0.500253801
p.C284T,0.27294093
p.C284W,0.003981099
p.C284Y,0.033763301
p.C284V,0.197810912
p.C289C,1.043969498
p.C289A,0.160426103
p.C289R,0.200223082
p.C289N,0.325962391
p.C289D,0.611607023
p.C289Q,0.004768561
p.C289E,0.395259576
p.C289G,-0.226361105
p.C289H,-0.283148685
p.C289I,-0.07320392
p.C289L,0.837149716
p.C289K,0.068073752
p.C289M,0.790705622
p.C289F,0.484646365
p.C289P,0.285726723
p.C289S,0.567304923
p.C289X,-0.124860866
p.C289T,0.955684058
p.C289W,0.692386175
p.C289Y,0.614690747
p.C289V,0.868022119
p.C296C,0.789749054
p.C296A,0.145081415
p.C296R,0.028171075
p.C296N,0.327943646
p.C296D,-0.234771542
p.C296E,-0.180015278
p.C296G,0.01102347
p.C296H,-0.158412793
p.C296I,-0.036420204
p.C296L,-0.032898048
p.C296K,-0.03315805
p.C296M,-0.015430506
p.C296F,0.118940176
p.C296P,-0.148070172
p.C296S,-0.029226022
p.C296T,-0.302894584
p.C296W,0.224367562
p.C296Y,-0.07692941
p.C296V,-0.014848927
p.C302C,0.978653137
p.C302A,0.152856988
p.C302R,-0.24930472
p.C302N,-0.028898236
p.C302D,-0.010613479
p.C302Q,0.021360062
p.C302E,0.123367502
p.C302G,-0.090526606
p.C302H,-0.092316863
p.C302I,0.154989845
p.C302L,0.088966577
p.C302K,0.527139116
p.C302M,0.081955388
p.C302F,0.006745617
p.C302P,-0.094786297
p.C302S,0.265978675
p.C302X,-0.297229242
p.C302T,0.149256862
p.C302W,-0.016037432
p.C302Y,0.364024216
p.C302V,0.242986876
p.C313C,1.030194989
p.C313A,-0.238308885
p.C313R,0.305750321
p.C313D,-0.114944744
p.C313Q,-0.080039646
p.C313E,-0.175950139
p.C313G,0.006217633
p.C313I,0.522430053
p.C313L,-0.116497244
p.C313F,0.101557693
p.C313P,0.474640127
p.C313S,0.00580977
p.C313X,-0.131148057
p.C313T,-0.224191054
p.C313W,0.096177699
p.C313Y,-0.132970838
p.C313V,-0.012942801
p.C318C,0.954248939
p.C318A,0.815940336
p.C318R,0.25197871
p.C318N,-0.047369407
p.C318D,0.564521711
p.C318G,0.566622049
p.C318H,0.509699703
p.C318I,0.237500741
p.C318L,0.079915154
p.C318K,-0.183896827
p.C318F,0.552282835
p.C318P,0.334758185
p.C318S,0.303434174
p.C318X,0.534162082
p.C318T,0.296778976
p.C318W,0.19306221
p.C318Y,0.48075767
p.C318V,0.53015145
p.C325C,0.728384964
p.C325A,0.395892503
p.C325R,-0.067837344
p.C325N,0.259126732
p.C325D,0.062453524
p.C325Q,0.459164471
p.C325E,0.323032923
p.C325G,0.136944298
p.C325H,-0.064285687
p.C325I,0.382993
p.C325L,0.61220095
p.C325K,0.635803801
p.C325M,0.000247643
p.C325F,0.161973175
p.C325P,-0.027889331
p.C325S,0.472736274
p.C325X,0.348405901
p.C325T,-0.039052185
p.C325W,0.541368084
p.C325Y,0.207490578
p.C325V,0.588574146
p.C329C,0.872377805
p.C329A,0.154051905
p.C329R,0.569358679
p.C329N,0.029862086
p.C329D,-0.134922837
p.C329Q,-0.007015571
p.C329E,0.401294463
p.C329G,0.468775913
p.C329H,0.070525476
p.C329I,0.166674382
p.C329L,0.382861603
p.C329K,0.384530375
p.C329M,0.642398386
p.C329F,-0.037255254
p.C329S,0.470657166
p.C329X,-0.091772615
p.C329T,0.443652853
p.C329W,0.824039979
p.C329Y,0.057794156
p.C329V,0.212607479
p.C338C,0.996084342
p.C338A,0.133643788
p.C338R,0.385680821
p.C338N,0.39161399
p.C338D,0.718766434
p.C338Q,-0.060169824
p.C338E,0.409415495
p.C338G,-0.070839284
p.C338H,0.593768094
p.C338I,0.651554203
p.C338L,0.431427889
p.C338K,-0.07547026
p.C338M,0.306339899
p.C338F,0.288618711
p.C338P,0.461423394
p.C338S,0.410118047
p.C338X,0.036746972
p.C338T,-0.183829608
p.C338W,0.043838359
p.C338Y,0.068081308
p.C338V,0.282758074
p.C34C,1.052544404
p.C340C,1.008748277
p.C340A,0.951570919
p.C340R,0.760032351
p.C340N,0.586706127
p.C340D,0.762689511
p.C340Q,0.540583927
p.C340E,0.933212926
p.C340G,1.00515716
p.C340H,0.683127314
p.C340I,0.9407746
p.C340L,0.824857234
p.C340K,0.885699828
p.C340M,0.918619604
p.C340F,0.960487437
p.C340P,0.701834748
p.C340S,0.969993536
p.C340X,-0.143457991
p.C340T,0.979458524
p.C340W,0.98325335
p.C340Y,0.821651736
p.C340V,0.754652882
p.C34A,0.541722224
p.C34R,1.115163139
p.C34N,1.013239533
p.C34D,0.883244295
p.C34Q,1.149576773
p.C34G,0.870653868
p.C34H,0.755612491
p.C34I,0.980173517
p.C34L,0.977257747
p.C34M,0.876966411
p.C34F,0.807191196
p.C34P,0.866444307
p.C34S,1.172441348
p.C34X,-0.036189463
p.C34T,0.857263464
p.C34W,0.855338452
p.C34Y,0.966996136
p.C34V,1.015198733
p.C352C,1.076198446
p.C352A,0.976064833
p.C352R,0.857933061
p.C352N,0.728315832
p.C352D,1.105273214
p.C352Q,0.771584873
p.C352E,0.744261792
p.C352G,0.592097023
p.C352H,1.026842068
p.C352I,0.999991011
p.C352L,0.639006626
p.C352K,0.531702818
p.C352M,1.030614551
p.C352F,0.924608475
p.C352P,0.161757292
p.C352S,0.887320249
p.C352X,0.047937386
p.C352W,0.750867901
p.C352Y,0.531060362
p.C352V,0.909987051
p.C358A,1.037321329
p.C358R,1.008317514
p.C358N,1.006650926
p.C358D,1.025646293
p.C358Q,0.933835138
p.C358E,1.011601236
p.C358G,0.988504109
p.C358H,0.911702579
p.C358I,0.95906713
p.C358L,1.077114906
p.C358K,0.901319359
p.C358M,1.000734617
p.C358F,0.94147197
p.C358P,1.028150448
p.C358S,1.024139481
p.C358X,-0.189759435
p.C358T,0.99080023
p.C358W,1.079461386
p.C358Y,0.979228982
p.C358V,0.94548021
p.C364C,0.816415615
p.C364A,0.565406685
p.C364R,0.945247176
p.C364N,1.055804379
p.C364D,1.097427443
p.C364Q,0.370126641
p.C364E,0.843389106
p.C364G,0.957835893
p.C364H,0.19359187
p.C364I,0.825354996
p.C364L,0.985484389
p.C364M,0.561487706
p.C364F,1.06553078
p.C364P,1.022828256
p.C364S,1.053409115
p.C364X,-0.030064818
p.C364T,0.997317808
p.C364W,0.860965898
p.C364Y,0.962814034
p.C364V,0.948714218
p.C368C,0.909099897
p.C368A,0.794242163
p.C368R,0.971975049
p.C368N,0.982416211
p.C368D,0.828245616
p.C368G,0.862595951
p.C368I,1.009316638
p.C368L,1.026640578
p.C368K,1.107657511
p.C368M,1.013753882
p.C368F,1.058987893
p.C368S,0.006171359
p.C368X,-0.059339911
p.C368W,0.946440176
p.C368Y,0.986976319
p.C368V,0.86690227
p.C377C,0.912772843
p.C377A,1.074371248
p.C377R,1.017723299
p.C377D,1.187754052
p.C377Q,0.797467151
p.C377E,0.519281762
p.C377G,0.988475788
p.C377H,1.03093544
p.C377I,1.170292366
p.C377L,0.934776481
p.C377K,0.954770431
p.C377M,1.134544403
p.C377F,1.016909281
p.C377S,0.951867273
p.C377X,0.322133076
p.C377T,1.066174302
p.C377W,0.839280661
p.C377Y,0.905230558
p.C377V,0.972944531
p.C379A,0.63991287
p.C379R,0.962324518
p.C379N,1.154536314
p.C379E,1.055785918
p.C379G,1.130804562
p.C379L,0.979174942
p.C379K,-0.087095592
p.C379M,0.93522705
p.C379F,1.037695481
p.C379S,1.177753712
p.C379X,0.288326842
p.C379T,1.059791271
p.C379W,1.161288576
p.C379Y,1.037771542
p.C379V,0.881148125
p.C39C,1.06925074
p.C392C,1.026612953
p.C392A,1.140067833
p.C392R,1.027018966
p.C392D,0.505650995
p.C392G,0.981587017
p.C392H,0.70811508
p.C392I,0.52464593
p.C392M,0.91859031
p.C392F,1.15792875
p.C392S,1.013198997
p.C392X,0.072197345
p.C392T,1.223268939
p.C392W,1.125796789
p.C392Y,1.00611524
p.C39A,1.137663377
p.C39R,1.006597985
p.C39N,1.046553446
p.C39D,0.958391313
p.C39Q,1.051386258
p.C39E,0.945609981
p.C39G,0.617117473
p.C39H,1.008173798
p.C39I,1.035300311
p.C39L,1.049502676
p.C39K,0.945510359
p.C39M,0.870704265
p.C39F,0.819503467
p.C39S,0.981682581
p.C39X,-0.077062791
p.C39T,1.000508208
p.C39W,0.849564128
p.C39Y,1.00774507
p.C39V,0.940050637
p.C452C,1.018263822
p.C452R,1.155499249
p.C452N,0.650583713
p.C452D,0.687040924
p.C452G,0.860952458
p.C452I,1.057735013
p.C452L,0.88330372
p.C452K,1.209970766
p.C452M,1.134503945
p.C452F,1.016156176
p.C452S,0.86396593
p.C452X,0.000681785
p.C452W,1.003483332
p.C452Y,1.054769582
p.C452V,0.676317861
p.C46C,1.028076304
p.C46A,1.003274366
p.C46R,0.915246285
p.C46D,1.071480337
p.C46E,1.003303366
p.C46G,0.768120422
p.C46H,0.808044653
p.C46L,1.048434762
p.C46K,1.021359919
p.C46F,0.951103798
p.C46P,0.357685762
p.C46S,1.051129142
p.C46X,-0.006843892
p.C46T,1.089755764
p.C46W,0.958263193
p.C46Y,0.898767057
p.C46V,0.969621855
p.C52C,1.194628668
p.C52A,0.915684005
p.C52R,0.843193731
p.C52D,1.038801922
p.C52Q,0.889170581
p.C52G,1.011697296
p.C52H,0.801599312
p.C52I,0.92179104
p.C52L,0.977584382
p.C52K,1.077714045
p.C52M,1.031205132
p.C52F,0.887658695
p.C52P,1.095944783
p.C52S,1.045671944
p.C52X,-0.003707538
p.C52T,0.899995858
p.C52W,0.839164262
p.C52Y,0.980495428
p.C52V,0.999531534
p.C63C,0.87706883
p.C63A,0.859427717
p.C63R,1.021530825
p.C63N,0.770458036
p.C63D,-0.158072604
p.C63Q,0.970102119
p.C63E,0.941771362
p.C63G,0.947090903
p.C63H,0.88233164
p.C63I,1.106839414
p.C63L,0.997504139
p.C63K,1.094109026
p.C63M,0.721138589
p.C63F,0.930701625
p.C63P,0.992083794
p.C63S,1.053884699
p.C63X,-0.028200239
p.C63T,1.163571909
p.C63W,0.978876793
p.C63Y,0.825371936
p.C63V,0.982693084
p.C667A,0.094735713
p.C667R,0.253649641
p.C667N,-0.108734142
p.C667D,0.387791122
p.C667Q,0.110200694
p.C667E,-0.048907842
p.C667G,0.713260331
p.C667H,0.282415004
p.C667I,0.992370667
p.C667L,0.9559283
p.C667K,-0.239655257
p.C667M,0.705922207
p.C667F,0.079297925
p.C667P,0.599053775
p.C667S,0.60067973
p.C667X,-0.134899961
p.C667T,0.756798759
p.C667W,-0.099228722
p.C667Y,-0.156290995
p.C667V,0.490836742
p.C677C,1.032875409
p.C677A,0.112915897
p.C677R,0.060992321
p.C677N,-0.040252434
p.C677D,-0.144985269
p.C677E,0.156270605
p.C677G,0.068758311
p.C677H,0.130626626
p.C677I,0.19820892
p.C677L,0.315960622
p.C677K,0.204511007
p.C677M,-0.297365998
p.C677F,-0.073958884
p.C677S,-0.045309673
p.C677X,-0.019172834
p.C677T,-0.000748011
p.C677W,0.0764101
p.C677Y,0.010694041
p.C677V,-0.110678374
p.C68C,1.012176077
p.C681C,0.88000536
p.C681A,0.504498276
p.C681R,-0.027758664
p.C681N,-0.072376522
p.C681D,-0.122694213
p.C681Q,0.307210115
p.C681E,-0.15420161
p.C681G,-0.113608213
p.C681H,-0.232099474
p.C681I,0.13716736
p.C681L,-0.088596619
p.C681K,-0.13644709
p.C681M,0.551480585
p.C681F,0.061477125
p.C681P,-0.197465893
p.C681S,-0.163234386
p.C681X,-0.162409579
p.C681T,0.170196514
p.C681W,-0.046517524
p.C681Y,0.104414038
p.C681V,-0.023832531
p.C68A,0.822115345
p.C68R,1.068935935
p.C68N,1.000934366
p.C68D,1.062787156
p.C68Q,0.430774933
p.C68E,0.996921363
p.C68G,1.049875295
p.C68H,0.798402903
p.C68I,0.974488284
p.C68L,1.060394232
p.C68K,0.938079732
p.C68M,1.097092316
p.C68F,0.825774661
p.C68P,0.923597423
p.C68S,0.990852283
p.C68X,0.054452662
p.C68T,1.023367572
p.C68W,1.020997142
p.C68Y,0.990230686
p.C68V,0.850913063
p.C696C,1.029001699
p.C696A,-0.095794256
p.C696R,-0.114853685
p.C696N,0.004059198
p.C696D,-0.083085043
p.C696Q,0.135143703
p.C696E,-0.000216122
p.C696G,0.045130856
p.C696H,-0.086772385
p.C696L,-0.112347958
p.C696K,-0.032581809
p.C696M,0.035991518
p.C696F,0.044162953
p.C696P,-0.115697727
p.C696S,-0.195349207
p.C696X,0.24707195
p.C696T,0.004306917
p.C696W,1.026282756
p.C696Y,-0.011930087
p.C696V,-0.182782641
p.C698C,0.277941267
p.C698A,-0.006829576
p.C698R,-0.19089863
p.C698N,-0.025071887
p.C698D,0.183281984
p.C698E,-0.29104875
p.C698G,-0.064748263
p.C698L,0.164464987
p.C698F,-0.515543236
p.C698P,0.049046733
p.C698S,0.157742169
p.C698X,-0.286457284
p.C698T,-0.101911659
p.C698W,-0.103511396
p.C698Y,0.943190572
p.C698V,-0.205360636
p.C711C,0.962652383
p.C711A,-0.342070434
p.C711R,-0.225928795
p.C711N,0.154221417
p.C711D,-0.045329769
p.C711Q,-0.338064229
p.C711E,-0.304975926
p.C711G,-0.169123097
p.C711H,0.300700717
p.C711I,0.095357829
p.C711L,-0.157155921
p.C711K,0.564321919
p.C711M,0.372277561
p.C711F,-0.013442649
p.C711P,-0.327166811
p.C711S,-0.161067834
p.C711X,0.196830838
p.C711T,0.297892513
p.C711W,0.528501295
p.C711Y,-0.356582592
p.C711V,-0.307763725
p.C75A,0.761978018
p.C75R,0.784913341
p.C75N,0.896631698
p.C75D,0.808926742
p.C75Q,0.959876021
p.C75E,0.917199634
p.C75G,0.740167809
p.C75H,0.949417604
p.C75I,0.836307836
p.C75L,0.903886756
p.C75K,0.774583262
p.C75M,0.907048761
p.C75F,0.872072196
p.C75P,0.885144194
p.C75S,0.906354641
p.C75X,-0.066120647
p.C75T,0.857296345
p.C75W,0.455427154
p.C75Y,0.618747589
p.C75V,0.856855568
p.C803C,1.01064646
p.C803A,0.981815406
p.C803R,0.785067324
p.C803N,0.93310651
p.C803D,-0.262551089
p.C803Q,0.958719067
p.C803E,0.473895656
p.C803G,1.027172883
p.C803H,1.001569996
p.C803I,0.989552072
p.C803L,0.986727984
p.C803K,0.999906053
p.C803M,1.053720098
p.C803F,1.025581694
p.C803P,1.027166851
p.C803S,1.072511669
p.C803X,-0.135428875
p.C803T,0.765729484
p.C803W,1.084730287
p.C803Y,0.950165751
p.C803V,1.014195045
p.C82C,1.030712912
p.C82A,0.918445491
p.C82R,0.650673674
p.C82N,0.962530314
p.C82D,1.030510245
p.C82E,0.362808223
p.C82G,0.849775403
p.C82H,0.955467613
p.C82I,1.09542314
p.C82L,1.053938864
p.C82K,0.980721602
p.C82M,0.836005263
p.C82F,1.178004015
p.C82P,0.896357892
p.C82S,1.083450217
p.C82X,0.118845732
p.C82T,1.152298415
p.C82W,1.054929441
p.C82Y,1.083252903
p.C82V,0.755043634
p.C839C,0.975472238
p.C839A,0.970528879
p.C839R,0.980974355
p.C839N,1.028425356
p.C839Q,1.022392499
p.C839E,0.947931781
p.C839G,1.046188275
p.C839H,0.903633366
p.C839I,1.017967008
p.C839L,0.199091549
p.C839K,-0.377394381
p.C839M,1.015507716
p.C839F,1.0328972
p.C839P,0.976075068
p.C839S,1.020943401
p.C839X,0.821351784
p.C839T,0.991478784
p.C839W,0.934750037
p.C839Y,1.065521289
p.C839V,1.00012953
p.C89C,0.999160284
p.C89A,-0.115203792
p.C89R,0.463913829
p.C89N,0.944079327
p.C89D,0.091184869
p.C89Q,1.023711883
p.C89E,0.892105025
p.C89G,0.76818117
p.C89H,0.462909485
p.C89I,0.767126701
p.C89L,0.892942385
p.C89K,0.840136444
p.C89M,0.394015306
p.C89F,0.707928438
p.C89P,0.89204419
p.C89S,0.876416612
p.C89X,0.012942338
p.C89T,0.857499467
p.C89W,0.96511929
p.C89Y,0.89017331
p.C89V,0.288311685
p.C95C,0.98041274
p.C95A,0.93058669
p.C95R,0.781378629
p.C95N,0.392287034
p.C95D,0.667905424
p.C95Q,0.920651252
p.C95E,0.953962178
p.C95G,0.740892134
p.C95H,0.832794516
p.C95I,0.788429228
p.C95L,0.784487938
p.C95K,0.644483761
p.C95M,0.960798035
p.C95F,0.716656083
p.C95P,0.706268278
p.C95S,0.866204871
p.C95X,-0.026756674
p.C95T,0.824532914
p.C95W,0.28589348
p.C95Y,0.909839519
p.C95V,0.29632173
p.Q102Q,1.009179984
p.Q102A,0.874716594
p.Q102R,0.86477007
p.Q102N,1.107817918
p.Q102D,0.993488548
p.Q102C,0.992887232
p.Q102E,1.057175449
p.Q102G,0.975534137
p.Q102H,0.712242017
p.Q102I,1.010628423
p.Q102L,0.911943106
p.Q102K,0.883403729
p.Q102M,1.042181102
p.Q102F,0.876062438
p.Q102P,0.938151538
p.Q102S,0.961221625
p.Q102X,-0.120213305
p.Q102T,0.910427612
p.Q102W,0.955135805
p.Q102Y,0.981178473
p.Q102V,0.943651106
p.Q111A,0.9314508
p.Q111R,0.978355699
p.Q111N,0.971352077
p.Q111D,0.939531939
p.Q111C,0.967349422
p.Q111E,0.919259257
p.Q111G,0.736932091
p.Q111H,1.029451983
p.Q111I,1.038402559
p.Q111L,0.94602293
p.Q111K,0.903560862
p.Q111M,0.952540267
p.Q111F,0.92953498
p.Q111P,0.911398737
p.Q111S,0.982680164
p.Q111X,0.019165741
p.Q111T,0.979882624
p.Q111W,1.038729246
p.Q111Y,0.92378298
p.Q111V,0.979463455
p.Q125A,1.005317551
p.Q125R,0.966232166
p.Q125N,1.065874761
p.Q125D,0.924423879
p.Q125C,1.022023995
p.Q125E,0.99321788
p.Q125G,1.017101897
p.Q125H,0.990739158
p.Q125I,1.087711227
p.Q125L,1.020938256
p.Q125K,0.280723037
p.Q125M,1.00833095
p.Q125F,1.09189962
p.Q125P,0.975798447
p.Q125S,1.02014806
p.Q125X,-0.106457072
p.Q125T,0.345561785
p.Q125W,0.991730254
p.Q125Y,0.601983128
p.Q125V,1.106321369
p.Q154A,-0.017270571
p.Q154R,0.929665281
p.Q154N,1.009881411
p.Q154D,0.921283943
p.Q154C,0.651660425
p.Q154E,1.051456257
p.Q154G,1.058393832
p.Q154H,0.989153034
p.Q154I,0.897662469
p.Q154L,1.000583827
p.Q154K,0.955132926
p.Q154M,1.080754288
p.Q154F,1.021135305
p.Q154P,0.978150846
p.Q154S,0.975596789
p.Q154X,0.239120827
p.Q154T,1.007816987
p.Q154W,0.993181998
p.Q154Y,1.034034773
p.Q154V,0.930981801
p.Q163A,0.998015377
p.Q163R,1.122778744
p.Q163N,1.031801401
p.Q163D,1.030770092
p.Q163C,1.002761907
p.Q163E,0.803624157
p.Q163G,0.990917768
p.Q163H,0.884987003
p.Q163I,0.972701837
p.Q163L,0.888024922
p.Q163K,0.518535316
p.Q163M,0.978791982
p.Q163F,0.884688477
p.Q163P,0.841971731
p.Q163S,1.077589859
p.Q163X,0.093671172
p.Q163T,0.927746938
p.Q163W,0.59553228
p.Q163Y,0.917091903
p.Q163V,0.837806782
p.Q182Q,0.898442912
p.Q182A,0.970514537
p.Q182R,0.99745439
p.Q182N,1.01586705
p.Q182D,0.934848208
p.Q182C,0.962902732
p.Q182E,0.975671135
p.Q182G,1.057108751
p.Q182H,1.066098474
p.Q182I,0.866630948
p.Q182L,0.986883405
p.Q182K,0.198473901
p.Q182M,1.203870705
p.Q182F,1.024562967
p.Q182P,1.102010966
p.Q182S,1.008153333
p.Q182X,0.1785815
p.Q182T,0.937100748
p.Q182W,0.911550295
p.Q182Y,0.958017515
p.Q182V,0.916142862
p.Q191Q,0.870292098
p.Q191A,0.719607836
p.Q191R,1.015388898
p.Q191N,1.265219637
p.Q191D,1.044854274
p.Q191C,0.989148371
p.Q191G,1.092411022
p.Q191H,1.214839327
p.Q191I,1.064196191
p.Q191L,1.02067849
p.Q191K,0.548776933
p.Q191M,0.552958216
p.Q191F,1.065426697
p.Q191P,0.706442212
p.Q191S,1.02252422
p.Q191X,-0.062391976
p.Q191T,0.911905332
p.Q191W,0.639936103
p.Q191Y,1.064082831
p.Q191V,0.952357509
p.Q242A,1.053546614
p.Q242R,0.721006338
p.Q242N,0.79665393
p.Q242D,0.9928095
p.Q242C,1.039649109
p.Q242E,0.870411791
p.Q242G,1.021534062
p.Q242H,0.893594417
p.Q242I,0.911302106
p.Q242L,0.87783557
p.Q242K,0.4812568
p.Q242M,0.948102641
p.Q242F,0.620851612
p.Q242P,-0.159436263
p.Q242S,1.052915225
p.Q242X,-0.121814828
p.Q242T,1.124060634
p.Q242W,0.843697101
p.Q242Y,0.984234828
p.Q242V,1.123259566
p.Q254A,1.046138083
p.Q254R,0.911280504
p.Q254N,0.971038605
p.Q254D,0.9068366
p.Q254C,1.080454343
p.Q254E,0.935483666
p.Q254G,-0.147326725
p.Q254H,0.971507262
p.Q254I,1.001105498
p.Q254L,0.98350958
p.Q254K,0.71231431
p.Q254M,0.588981112
p.Q254F,1.08481533
p.Q254P,0.871661723
p.Q254S,1.013456011
p.Q254X,0.180079343
p.Q254T,0.907066272
p.Q254W,1.068635741
p.Q254Y,0.950989062
p.Q254V,0.657483869
p.Q33A,0.313536566
p.Q33R,1.015357456
p.Q33N,1.009499238
p.Q33C,0.941379372
p.Q33E,0.841186783
p.Q33G,1.072633368
p.Q33H,0.231531293
p.Q33I,0.944444107
p.Q33L,1.068905578
p.Q33K,1.01902344
p.Q33M,0.689132838
p.Q33F,0.910609066
p.Q33P,1.007981048
p.Q33S,0.953627138
p.Q33X,-0.06925874
p.Q33T,1.074206759
p.Q33W,0.939892927
p.Q33Y,1.056060565
p.Q33V,0.444138121
p.Q345Q,1.043881597
p.Q345A,0.941594904
p.Q345R,0.973384938
p.Q345N,1.01732057
p.Q345D,1.073555816
p.Q345C,0.574924812
p.Q345E,1.02792962
p.Q345G,0.950529358
p.Q345H,1.156245179
p.Q345I,1.183329309
p.Q345L,1.010224077
p.Q345K,1.149840377
p.Q345M,1.059245156
p.Q345F,0.848875371
p.Q345P,0.869315147
p.Q345S,1.045640086
p.Q345X,0.07080858
p.Q345T,0.770609349
p.Q345W,0.373452165
p.Q345Y,1.006584603
p.Q345V,1.037309529
p.Q349A,1.020965617
p.Q349R,0.570948354
p.Q349N,0.706370144
p.Q349D,1.004056241
p.Q349C,0.669556445
p.Q349E,0.480553728
p.Q349G,0.944337039
p.Q349H,0.614853737
p.Q349L,0.968986469
p.Q349M,1.027957902
p.Q349F,0.988771424
p.Q349P,1.185615052
p.Q349S,1.090354682
p.Q349X,0.026145556
p.Q349T,0.939037062
p.Q349W,1.180914741
p.Q349Y,0.96223689
p.Q349V,1.011947073
p.Q35Q,0.849483982
p.Q359A,0.792413375
p.Q359R,0.987616312
p.Q359N,0.595131949
p.Q359D,1.032353153
p.Q359C,1.032829311
p.Q359E,1.125054377
p.Q359G,0.995525286
p.Q359H,0.975518831
p.Q359I,1.039781602
p.Q359L,0.986495818
p.Q359K,1.057572325
p.Q359M,1.003145161
p.Q359F,0.949442762
p.Q359P,1.038553445
p.Q359S,0.736339014
p.Q359X,-0.078281963
p.Q359T,1.094581731
p.Q359W,1.040386462
p.Q359Y,0.998875363
p.Q359V,0.98795519
p.Q35A,1.1149168
p.Q35R,0.979032641
p.Q35N,1.148703204
p.Q35D,0.9599757
p.Q35C,1.028603807
p.Q35E,1.095501017
p.Q35G,0.918888434
p.Q35H,0.992264818
p.Q35I,1.239621415
p.Q35L,1.040607992
p.Q35K,0.975879835
p.Q35M,0.806975925
p.Q35F,0.336075752
p.Q35P,0.716552344
p.Q35S,0.921340784
p.Q35X,0.269575655
p.Q35T,1.084843655
p.Q35W,0.970801535
p.Q35Y,0.736208152
p.Q35V,1.029799916
p.Q366Q,0.804018309
p.Q366A,0.973752378
p.Q366R,1.047359875
p.Q366N,1.080105721
p.Q366D,0.990936432
p.Q366C,0.869309024
p.Q366E,0.97054457
p.Q366G,1.068495491
p.Q366H,0.852754175
p.Q366I,0.945097011
p.Q366L,0.964478969
p.Q366K,1.143742373
p.Q366M,0.847197651
p.Q366F,1.094535958
p.Q366P,0.817080767
p.Q366S,0.981493272
p.Q366X,0.050031035
p.Q366T,0.790919873
p.Q366W,0.80391919
p.Q366Y,1.066000115
p.Q366V,0.833393667
p.Q378R,0.518500207
p.Q378N,1.229792922
p.Q378D,1.095248934
p.Q378E,1.053675449
p.Q378G,0.879290125
p.Q378H,0.824079028
p.Q378I,0.882638615
p.Q378L,0.928530166
p.Q378M,0.953836168
p.Q378F,0.842742826
p.Q378P,0.920434689
p.Q378S,0.973730007
p.Q378X,0.064934701
p.Q378T,0.995221874
p.Q378W,0.701653733
p.Q378Y,0.997545945
p.Q384A,1.045606966
p.Q384R,0.85518443
p.Q384N,1.046803966
p.Q384D,1.101559311
p.Q384C,1.077195994
p.Q384E,0.886928992
p.Q384G,0.919226902
p.Q384I,0.860970396
p.Q384L,0.978974083
p.Q384K,0.93583456
p.Q384M,0.818269257
p.Q384F,1.032044579
p.Q384S,0.90299733
p.Q384X,-0.10001571
p.Q384T,0.922968588
p.Q384W,1.062415906
p.Q384Y,1.095504696
p.Q384V,0.829079644
p.Q448A,0.835143082
p.Q448R,0.983350381
p.Q448N,1.286353734
p.Q448D,0.730675752
p.Q448C,0.997361105
p.Q448E,0.567572202
p.Q448G,0.977210215
p.Q448H,0.932402572
p.Q448I,1.215570689
p.Q448L,1.006692712
p.Q448K,1.028684526
p.Q448M,0.457854237
p.Q448F,0.947777144
p.Q448P,1.047388151
p.Q448S,0.973326681
p.Q448X,-0.109160756
p.Q448T,1.014587957
p.Q448W,1.045117958
p.Q448Y,0.92097443
p.Q448V,0.93707518
p.Q455A,0.958248744
p.Q455R,0.961741566
p.Q455N,0.901691315
p.Q455D,0.919199641
p.Q455C,0.836695673
p.Q455E,1.014992022
p.Q455G,0.952125756
p.Q455I,0.974189385
p.Q455L,1.007698498
p.Q455K,1.127915097
p.Q455M,1.100029963
p.Q455F,0.992033407
p.Q455P,0.986064452
p.Q455S,1.05609765
p.Q455X,-0.043019555
p.Q455T,1.060126838
p.Q455W,1.061840968
p.Q455Y,0.879369703
p.Q455V,0.732699415
p.Q474A,0.935869493
p.Q474R,0.87646441
p.Q474D,0.210895174
p.Q474E,0.80005093
p.Q474G,1.115702925
p.Q474H,0.989605654
p.Q474I,0.951442628
p.Q474L,0.994646583
p.Q474K,0.914175513
p.Q474M,0.984191881
p.Q474F,0.918807505
p.Q474P,1.086608141
p.Q474S,0.828777686
p.Q474X,-0.138761126
p.Q474T,0.99778942
p.Q474W,0.585954821
p.Q474Y,0.978398595
p.Q474V,1.025594545
p.Q53Q,0.093643131
p.Q53R,0.963914939
p.Q53N,1.039915267
p.Q53D,1.036974136
p.Q53C,1.07891821
p.Q53E,1.060825061
p.Q53G,0.839679888
p.Q53H,0.922460579
p.Q53I,1.024407962
p.Q53L,1.017318189
p.Q53K,-0.008250315
p.Q53M,0.777823337
p.Q53F,0.933724261
p.Q53P,0.821241007
p.Q53S,1.09338483
p.Q53X,-0.07919044
p.Q53T,0.991665638
p.Q53W,1.157484514
p.Q53Y,1.008061903
p.Q53V,0.932755276
p.Q561A,0.967870907
p.Q561R,0.911891029
p.Q561N,1.145315869
p.Q561D,1.152373639
p.Q561C,0.941685202
p.Q561E,1.129803969
p.Q561G,1.053002375
p.Q561H,0.48727729
p.Q561I,0.778311736
p.Q561L,0.583468726
p.Q561K,0.897301122
p.Q561M,0.979789582
p.Q561F,0.916519524
p.Q561P,0.776769657
p.Q561S,0.88031228
p.Q561X,-0.152019209
p.Q561T,0.714951884
p.Q561W,0.802348157
p.Q561Y,1.078391205
p.Q561V,0.750465471
p.Q60A,0.989363763
p.Q60R,0.993176629
p.Q60N,0.939129384
p.Q60D,0.913940214
p.Q60C,0.894025425
p.Q60E,0.961930843
p.Q60G,0.962585736
p.Q60H,0.934777311
p.Q60L,0.940174757
p.Q60K,1.105928306
p.Q60M,0.97275494
p.Q60F,0.204077758
p.Q60P,1.078848971
p.Q60S,0.883319205
p.Q60X,-0.003916365
p.Q60T,0.807328382
p.Q60W,1.006032119
p.Q60Y,0.992083121
p.Q60V,0.891027008
p.Q660A,-0.483949615
p.Q660R,0.867418674
p.Q660E,0.878268327
p.Q660G,0.103550107
p.Q660H,0.247859131
p.Q660L,0.32853754
p.Q660K,0.461996312
p.Q660M,0.72076863
p.Q660F,0.707692858
p.Q660P,0.049894093
p.Q660S,0.533739682
p.Q660X,0.429445927
p.Q660W,0.193006394
p.Q678A,0.76206924
p.Q678R,1.071491124
p.Q678N,1.059582274
p.Q678D,0.768404295
p.Q678E,0.974982774
p.Q678G,1.016038899
p.Q678I,0.974314736
p.Q678L,0.874833974
p.Q678K,0.992893707
p.Q678M,1.016807511
p.Q678F,0.054432784
p.Q678P,0.867522789
p.Q678S,1.175150371
p.Q678X,-0.191208158
p.Q678T,0.049708038
p.Q678W,-0.003791852
p.Q678Y,-0.187371741
p.Q678V,0.945400311
p.Q686A,0.767525444
p.Q686R,0.981112798
p.Q686N,0.947075921
p.Q686D,0.953419085
p.Q686C,0.856562657
p.Q686E,1.009700581
p.Q686G,0.962934592
p.Q686H,0.614885875
p.Q686I,0.87542904
p.Q686L,1.016083153
p.Q686K,1.004420634
p.Q686M,1.096340141
p.Q686F,1.067901188
p.Q686P,1.048534708
p.Q686S,1.06638458
p.Q686X,-0.233341379
p.Q686T,0.873561272
p.Q686W,0.946194213
p.Q686Y,0.94963604
p.Q686V,1.034992482
p.Q722A,0.814153619
p.Q722R,1.033159572
p.Q722N,0.909854034
p.Q722D,0.607670678
p.Q722C,1.025299266
p.Q722E,0.826380914
p.Q722G,0.981373289
p.Q722H,0.821330755
p.Q722I,0.993160813
p.Q722L,0.87816309
p.Q722K,1.006511916
p.Q722M,1.005770908
p.Q722F,1.025843294
p.Q722P,0.9824864
p.Q722S,0.81131698
p.Q722X,-0.199832931
p.Q722T,0.988416457
p.Q722W,1.030533915
p.Q722Y,-0.335607837
p.Q722V,1.002949404
p.Q739A,1.00549877
p.Q739R,0.956500328
p.Q739D,0.947045097
p.Q739C,0.93873969
p.Q739E,0.803188664
p.Q739G,0.983572151
p.Q739H,0.644711055
p.Q739L,1.030098908
p.Q739K,1.082141704
p.Q739M,0.730047851
p.Q739F,1.048507943
p.Q739P,0.972451144
p.Q739S,0.713186466
p.Q739X,-0.189838343
p.Q739T,0.997218964
p.Q739W,0.939025023
p.Q739Y,1.10692876
p.Q739V,0.999509364
p.Q770Q,1.006192552
p.Q770A,1.02661948
p.Q770R,0.962044913
p.Q770N,1.005432122
p.Q770D,0.803580906
p.Q770C,0.881840345
p.Q770E,0.988530794
p.Q770G,0.918742539
p.Q770H,1.000069058
p.Q770I,0.792397945
p.Q770L,0.898372535
p.Q770K,1.049602595
p.Q770M,1.035346826
p.Q770F,0.964752357
p.Q770P,0.553905467
p.Q770S,0.950835882
p.Q770X,-0.47027792
p.Q770T,1.01428808
p.Q770W,0.99081614
p.Q770Y,1.030718617
p.Q770V,0.977136154
p.Q829A,1.081005767
p.Q829R,1.077560913
p.Q829D,0.515971877
p.Q829C,1.130616256
p.Q829E,1.016486687
p.Q829G,1.060803191
p.Q829H,1.000418483
p.Q829L,1.008487408
p.Q829M,1.034498099
p.Q829F,1.078213548
p.Q829P,0.918116285
p.Q829S,1.036736227
p.Q829X,0.930003091
p.Q829T,0.731991816
p.Q829W,0.950644677
p.Q829V,1.050737739
p.Q842A,1.010040277
p.Q842R,1.039057198
p.Q842N,0.932934018
p.Q842D,0.51916356
p.Q842C,0.042257208
p.Q842E,0.959176825
p.Q842G,0.923827171
p.Q842H,1.055295048
p.Q842I,0.982125388
p.Q842L,0.994434163
p.Q842K,0.997934348
p.Q842M,0.943574073
p.Q842F,1.045754694
p.Q842P,1.007514802
p.Q842S,0.842882014
p.Q842X,1.044999506
p.Q842T,0.513825092
p.Q842W,0.901136245
p.Q842Y,1.036414358
p.Q842V,1.012087279
p.Q851A,1.021727545
p.Q851R,0.99550412
p.Q851N,0.980401076
p.Q851D,0.924218556
p.Q851C,0.946835208
p.Q851E,0.766634864
p.Q851G,1.039149457
p.Q851H,0.46243895
p.Q851I,0.966992988
p.Q851L,0.809218236
p.Q851K,0.75336579
p.Q851M,1.017770335
p.Q851F,0.983694417
p.Q851P,0.975795008
p.Q851S,0.955547036
p.Q851X,1.041851904
p.Q851T,0.864894375
p.Q851W,0.936742777
p.Q851Y,1.031464751
p.Q851V,1.027453397
p.Q85A,1.051560121
p.Q85R,1.014550599
p.Q85N,0.805044171
p.Q85D,0.468960334
p.Q85C,0.864255261
p.Q85E,1.0578143
p.Q85G,1.032905429
p.Q85H,0.921651328
p.Q85I,1.111743075
p.Q85L,0.942026943
p.Q85K,0.893062792
p.Q85M,0.87343177
p.Q85F,1.010500468
p.Q85P,1.011545466
p.Q85S,1.033301675
p.Q85X,0.061378446
p.Q85T,0.93359526
p.Q85W,0.956950875
p.Q85Y,1.094446397
p.Q85V,0.937935637
p.Q92Q,0.548336939
p.Q92A,1.020964782
p.Q92R,1.046118448
p.Q92N,1.094735625
p.Q92D,1.014374294
p.Q92C,1.048000197
p.Q92E,0.964207115
p.Q92G,0.999130712
p.Q92H,0.904460531
p.Q92I,0.878942843
p.Q92L,0.941622037
p.Q92K,0.916564003
p.Q92M,1.029066253
p.Q92F,0.920134825
p.Q92P,0.809896793
p.Q92S,0.81738489
p.Q92X,-0.028552818
p.Q92T,0.512465558
p.Q92W,1.127033775
p.Q92Y,0.965414921
p.Q92V,0.944612024
p.E101A,0.994308706
p.E101R,0.645551387
p.E101N,0.909037882
p.E101D,0.929527158
p.E101C,0.852691627
p.E101Q,0.857457573
p.E101G,0.933165814
p.E101H,0.925013601
p.E101I,0.818477927
p.E101L,0.880884384
p.E101K,0.528778381
p.E101M,0.949647679
p.E101F,0.909677985
p.E101P,1.019869831
p.E101S,0.617620673
p.E101X,-0.083630443
p.E101T,0.999968899
p.E101W,0.818015054
p.E101Y,0.868056403
p.E101V,0.932615642
p.E113E,0.043347881
p.E113A,0.984075237
p.E113R,0.893277079
p.E113N,0.969903242
p.E113D,0.954830849
p.E113C,0.959615981
p.E113Q,0.958286553
p.E113G,0.981319667
p.E113H,0.761546409
p.E113I,0.361580988
p.E113L,0.947926922
p.E113K,0.821276909
p.E113M,0.725801554
p.E113F,0.632352933
p.E113P,-0.05814133
p.E113S,1.003563243
p.E113X,-0.100439172
p.E113T,0.882555047
p.E113W,0.973843227
p.E113Y,0.984077093
p.E113V,0.851474469
p.E140A,0.113830816
p.E140R,0.023409952
p.E140N,0.05330261
p.E140D,0.117995125
p.E140C,0.060632259
p.E140Q,0.739883144
p.E140G,0.054010167
p.E140H,-0.069381418
p.E140I,-0.045423695
p.E140L,-0.029008541
p.E140K,0.121835026
p.E140M,0.502361842
p.E140F,0.113776569
p.E140P,-0.111773371
p.E140S,0.20735131
p.E140X,0.034963554
p.E140T,-0.064436322
p.E140W,0.144282718
p.E140Y,-0.066945607
p.E140V,-0.178461015
p.E174E,0.966410501
p.E174A,0.98543357
p.E174R,0.299417351
p.E174N,0.997869142
p.E174D,1.024169664
p.E174C,0.835199524
p.E174Q,0.926772524
p.E174G,0.431759205
p.E174H,0.316872254
p.E174I,0.799848487
p.E174L,0.966673068
p.E174K,0.926547686
p.E174M,0.978819843
p.E174F,0.796316986
p.E174P,0.868314663
p.E174S,0.959720475
p.E174X,-0.007396602
p.E174T,0.996202121
p.E174W,0.957500466
p.E174Y,0.911560746
p.E174V,0.936697717
p.E179E,0.025031121
p.E179A,0.673013895
p.E179R,0.092406325
p.E179N,0.01832589
p.E179D,0.078253696
p.E179C,0.008131171
p.E179Q,-0.012268475
p.E179G,0.121094207
p.E179H,-0.08817852
p.E179I,0.471435853
p.E179L,0.015323517
p.E179K,-0.10762909
p.E179M,-0.058770617
p.E179F,-0.001923955
p.E179P,0.334876836
p.E179S,-0.045891907
p.E179X,0.221154168
p.E179T,0.159303735
p.E179W,0.289769633
p.E179Y,-0.095616001
p.E179V,-0.014924258
p.E201E,0.778359875
p.E201A,0.870453863
p.E201R,0.537860167
p.E201N,0.477481708
p.E201D,0.975754296
p.E201C,-0.005382312
p.E201G,0.662514859
p.E201H,0.276181958
p.E201I,0.007888682
p.E201L,0.443446579
p.E201K,0.547893353
p.E201M,-0.14562573
p.E201F,0.927727289
p.E201P,-0.105027459
p.E201S,0.966676177
p.E201X,0.599785419
p.E201T,0.719382352
p.E201W,0.309991816
p.E201Y,0.851593281
p.E201V,-0.01880468
p.E208A,0.835279659
p.E208R,0.056907187
p.E208N,-0.272536932
p.E208D,0.618354513
p.E208C,0.10670897
p.E208G,1.117819848
p.E208I,0.510305784
p.E208L,0.355006303
p.E208K,0.14553261
p.E208M,0.183851256
p.E208F,0.481790828
p.E208S,0.67090159
p.E208X,-0.092475511
p.E208T,0.605953031
p.E208W,-0.03993633
p.E208Y,1.01410737
p.E208V,0.450621643
p.E228A,-0.102783699
p.E228R,0.449652105
p.E228N,-0.101892992
p.E228D,0.084324162
p.E228C,0.422829663
p.E228Q,0.62330851
p.E228G,0.107898652
p.E228H,-0.160168409
p.E228I,0.511525898
p.E228L,-0.118817218
p.E228K,-0.195673103
p.E228M,0.304635477
p.E228F,0.176251389
p.E228P,-0.016128389
p.E228S,-0.143659985
p.E228X,0.665001587
p.E228T,0.000320097
p.E228W,-0.007949404
p.E228Y,0.006815022
p.E228V,-0.133111183
p.E229E,0.960327652
p.E229A,0.963132144
p.E229R,0.999208848
p.E229N,1.006035289
p.E229D,1.097863475
p.E229C,0.840406966
p.E229Q,1.113133694
p.E229G,0.984263639
p.E229H,1.052418165
p.E229I,0.998774564
p.E229L,1.001603789
p.E229K,0.581079631
p.E229M,1.031040906
p.E229F,0.703353767
p.E229P,0.054788977
p.E229S,1.10884661
p.E229X,-0.015722569
p.E229T,0.809299351
p.E229W,0.849231193
p.E229Y,-0.073880152
p.E229V,0.975985138
p.E240E,0.875677161
p.E240A,0.941256262
p.E240R,0.971461767
p.E240N,-0.071698478
p.E240D,0.814116301
p.E240Q,0.838025716
p.E240G,0.906243759
p.E240H,0.84887702
p.E240I,1.010874534
p.E240L,1.124598306
p.E240K,0.733240808
p.E240M,1.115367125
p.E240F,1.046861199
p.E240P,0.884074014
p.E240S,1.085548391
p.E240T,0.782154282
p.E240W,0.877976932
p.E240Y,0.659469891
p.E240V,1.142403556
p.E258E,0.775830399
p.E258A,0.979522299
p.E258R,1.093858218
p.E258N,1.095329065
p.E258D,1.048378244
p.E258C,1.014884828
p.E258Q,0.925677221
p.E258G,1.027940739
p.E258H,0.99641247
p.E258I,0.751887076
p.E258L,0.953910855
p.E258K,0.956461151
p.E258M,0.977693139
p.E258F,0.944062404
p.E258P,0.347378751
p.E258S,0.919324903
p.E258X,0.456122202
p.E258T,0.838811954
p.E258W,1.022578814
p.E258Y,1.067576978
p.E258V,0.960209066
p.E267E,0.978021514
p.E267A,0.959658407
p.E267R,0.52840082
p.E267N,0.866044689
p.E267D,1.017895482
p.E267C,0.021238138
p.E267Q,0.994831941
p.E267G,0.930716061
p.E267I,0.753201003
p.E267L,0.986448303
p.E267K,0.043612563
p.E267F,1.154787207
p.E267P,1.025327454
p.E267S,0.856692905
p.E267X,0.038826732
p.E267T,0.946278883
p.E267W,0.892186421
p.E267Y,1.046474093
p.E267V,0.748091689
p.E277A,1.036557198
p.E277R,0.995645902
p.E277N,0.968162695
p.E277D,1.073827034
p.E277C,1.263484171
p.E277Q,-0.335517073
p.E277G,0.500965405
p.E277I,0.470945473
p.E277L,0.899395814
p.E277M,1.113560434
p.E277F,0.800656187
p.E277S,1.002214572
p.E277X,0.182586064
p.E277T,1.045915367
p.E277Y,0.974861609
p.E277V,0.319314214
p.E28E,0.595035225
p.E288E,0.987183651
p.E288A,0.91857043
p.E288R,0.912995047
p.E288N,0.877262227
p.E288D,0.65248035
p.E288C,-0.21588915
p.E288Q,1.066047766
p.E288G,0.805849966
p.E288H,0.968559906
p.E288I,0.638641602
p.E288L,0.490991012
p.E288K,0.966257611
p.E288M,0.313414743
p.E288F,0.891703976
p.E288P,0.702502513
p.E288S,0.899801507
p.E288X,0.026462304
p.E288T,0.597882715
p.E288W,0.860262907
p.E288Y,-0.396913976
p.E288V,0.887212723
p.E28A,0.857025142
p.E28R,0.059629685
p.E28N,0.893860047
p.E28D,1.033038582
p.E28C,1.040375474
p.E28Q,1.009151555
p.E28G,0.406184736
p.E28I,0.537413332
p.E28L,0.978288066
p.E28K,0.999161238
p.E28M,0.232899213
p.E28F,0.837549373
p.E28P,1.005619183
p.E28S,0.955008
p.E28X,0.001030291
p.E28T,0.960023658
p.E28W,1.042593665
p.E28Y,0.698062734
p.E28V,0.867241721
p.E308E,1.160389856
p.E308A,0.056869798
p.E308R,0.520441486
p.E308N,0.033500035
p.E308D,0.709442011
p.E308C,0.428618775
p.E308G,0.135167953
p.E308I,0.200158143
p.E308L,0.698029363
p.E308K,-0.110101751
p.E308M,-0.192445483
p.E308F,0.164555638
p.E308P,0.286177304
p.E308S,-0.211516224
p.E308X,0.160555506
p.E308T,0.701667494
p.E308W,0.016856983
p.E308Y,0.209444961
p.E308V,0.453028278
p.E31E,1.353968209
p.E312A,1.013298715
p.E312R,0.835182677
p.E312N,0.95132913
p.E312D,1.037826571
p.E312C,0.376073313
p.E312Q,0.695567228
p.E312G,1.091395405
p.E312H,0.932393585
p.E312I,0.988094363
p.E312L,0.956586571
p.E312K,0.6978855
p.E312M,0.929105832
p.E312F,0.926079261
p.E312P,0.931577039
p.E312S,0.787652831
p.E312X,-0.120409412
p.E312T,0.884011645
p.E312W,1.017933673
p.E312Y,0.844128839
p.E312V,0.878723912
p.E317E,1.131754824
p.E317A,1.073803848
p.E317R,0.623387035
p.E317N,0.627133722
p.E317D,0.944899037
p.E317C,0.490024897
p.E317Q,1.003708327
p.E317G,0.825991475
p.E317I,0.835942432
p.E317L,0.859482278
p.E317K,0.969240334
p.E317M,0.847590404
p.E317F,0.908568582
p.E317P,0.973430576
p.E317S,0.610210994
p.E317X,0.242234387
p.E317T,0.859802168
p.E317W,0.602613851
p.E317Y,0.905376623
p.E317V,0.845596066
p.E31A,0.993019161
p.E31R,1.014710607
p.E31D,0.615419746
p.E31Q,0.985261072
p.E31G,1.031840448
p.E31H,1.015616882
p.E31I,0.993883782
p.E31L,0.986194418
p.E31K,0.886902336
p.E31M,0.833732668
p.E31F,1.007362147
p.E31P,1.145489886
p.E31S,0.56250084
p.E31X,-0.034442595
p.E31T,1.34468353
p.E31W,0.598639638
p.E31Y,1.039353445
p.E31V,0.931645417
p.E337A,1.085428988
p.E337R,0.927400509
p.E337N,0.907783844
p.E337D,1.191274737
p.E337C,0.91828098
p.E337Q,0.546711051
p.E337G,0.95026709
p.E337H,0.363735789
p.E337I,0.899642972
p.E337L,1.026677269
p.E337K,0.984830049
p.E337M,1.175098599
p.E337F,0.779478224
p.E337P,0.644065955
p.E337S,1.003176705
p.E337X,0.142861832
p.E337T,1.018509071
p.E337W,1.076473402
p.E337Y,1.006209638
p.E337V,0.95761573
p.E353E,0.971215253
p.E353A,0.997040306
p.E353R,0.370424195
p.E353N,1.014907765
p.E353D,0.835831964
p.E353C,0.990738644
p.E353Q,1.158937703
p.E353G,1.055673237
p.E353H,0.944191423
p.E353I,1.194739479
p.E353L,0.985662442
p.E353K,1.102987392
p.E353M,0.897859434
p.E353F,0.937526905
p.E353S,1.169282033
p.E353X,0.347161926
p.E353T,0.959854688
p.E353W,1.216860863
p.E353Y,1.246631518
p.E353V,0.876167016
p.E357E,0.824547072
p.E357A,1.009184472
p.E357R,0.899475913
p.E357N,1.034690164
p.E357D,0.357079822
p.E357C,0.855345078
p.E357Q,0.516654183
p.E357G,0.989550145
p.E357H,0.727321081
p.E357I,1.100118469
p.E357L,1.004772978
p.E357K,0.960690123
p.E357M,1.113564451
p.E357F,1.025179097
p.E357P,0.955495393
p.E357S,1.055818181
p.E357X,-0.025141099
p.E357T,0.721017592
p.E357W,1.057053623
p.E357Y,0.71283367
p.E357V,0.932629434
p.E372A,0.91028803
p.E372R,0.729400931
p.E372N,1.149708087
p.E372D,0.954764789
p.E372C,0.64402191
p.E372G,1.046930822
p.E372I,1.05645577
p.E372L,0.982960969
p.E372M,0.848508907
p.E372F,1.112116298
p.E372P,-0.021158518
p.E372S,1.016766194
p.E372X,-0.043951554
p.E372T,0.817803145
p.E372W,1.162928219
p.E372Y,0.970752736
p.E372V,1.057922462
p.E380D,1.055085803
p.E380C,0.697974783
p.E380G,0.278375472
p.E380K,1.119503015
p.E380M,0.676496033
p.E380P,1.119490385
p.E380S,1.378725494
p.E380X,0.01054676
p.E380W,1.131149719
p.E380V,0.803115491
p.E381R,1.001456242
p.E381N,1.025927185
p.E381D,0.933196702
p.E381C,1.018015983
p.E381I,1.120861469
p.E381L,0.976544774
p.E381M,1.053895272
p.E381F,0.788836594
p.E381X,0.025157388
p.E381Y,1.342905586
p.E381V,0.761311051
p.E408A,1.012182273
p.E408R,0.173355558
p.E408D,0.935729681
p.E408C,0.705497133
p.E408G,0.763715557
p.E408H,1.219409948
p.E408I,0.881491067
p.E408L,0.333618862
p.E408K,1.078681241
p.E408M,1.061662837
p.E408F,0.558073994
p.E408P,-0.265634515
p.E408S,0.353266799
p.E408X,0.178137542
p.E408W,0.304733468
p.E408Y,0.790669338
p.E408V,0.588892488
p.E418A,1.12097897
p.E418R,0.953062524
p.E418N,1.139376204
p.E418D,1.085204515
p.E418C,0.958138044
p.E418Q,0.478224567
p.E418G,0.731194641
p.E418H,1.019713812
p.E418I,0.781860998
p.E418L,0.944083175
p.E418K,1.051804093
p.E418M,0.956495666
p.E418F,0.68932116
p.E418P,0.91433868
p.E418S,0.306214677
p.E418X,-0.231569658
p.E418T,1.063325462
p.E418W,0.988416271
p.E418Y,0.863685047
p.E418V,0.84776239
p.E435G,0.952203714
p.E435L,0.603096568
p.E435M,0.378974144
p.E435S,1.135538686
p.E435T,1.220232161
p.E514E,-0.165066812
p.E514A,1.16231135
p.E514R,1.009101086
p.E514C,1.038698516
p.E514Q,0.604506929
p.E514G,0.940116339
p.E514I,0.981263475
p.E514L,0.883782209
p.E514M,0.956199513
p.E514F,0.961036571
p.E514S,0.886693561
p.E514X,-0.043665592
p.E514W,0.895054247
p.E514Y,1.098693316
p.E514V,0.955527954
p.E51A,1.19734662
p.E51R,1.173350642
p.E51N,1.136580803
p.E51D,1.052490304
p.E51C,1.023382903
p.E51Q,1.106489261
p.E51G,0.832936843
p.E51H,0.943024505
p.E51I,1.057826556
p.E51L,0.935765995
p.E51K,0.473285033
p.E51M,0.448210135
p.E51F,1.064364399
p.E51P,0.784197892
p.E51S,1.038287522
p.E51X,-0.076711963
p.E51T,0.467178803
p.E51W,0.688894459
p.E51Y,1.014554448
p.E51V,0.98372889
p.E558E,1.131869059
p.E558A,0.964731917
p.E558R,1.03816529
p.E558N,0.746713426
p.E558D,1.09774291
p.E558C,0.914096137
p.E558Q,0.907484736
p.E558G,0.998062011
p.E558H,0.82119141
p.E558I,0.937929107
p.E558L,0.937118395
p.E558K,0.99665207
p.E558M,0.966588947
p.E558F,0.96650492
p.E558P,1.409150742
p.E558S,0.947444081
p.E558X,-0.068571765
p.E558T,1.118006277
p.E558W,1.043010376
p.E558V,1.052495835
p.E58A,0.920496301
p.E58R,0.954107059
p.E58N,1.057790345
p.E58D,1.055554697
p.E58C,0.832309843
p.E58Q,0.639331598
p.E58G,0.948316702
p.E58H,0.979185109
p.E58I,1.077903648
p.E58L,1.056238931
p.E58K,1.020034546
p.E58M,0.989754548
p.E58F,0.577249035
p.E58S,0.766145037
p.E58X,-0.071111882
p.E58T,1.027400756
p.E58W,0.974624366
p.E58Y,0.958708513
p.E58V,0.979903622
p.E600A,0.728854338
p.E600R,0.973804058
p.E600N,0.946908485
p.E600D,1.105939693
p.E600C,1.013024351
p.E600Q,0.947372724
p.E600G,0.981500051
p.E600L,1.072968691
p.E600K,1.049663297
p.E600M,1.067909647
p.E600F,0.908312157
p.E600P,0.968914561
p.E600S,0.811987097
p.E600X,-0.192699827
p.E600T,1.146619778
p.E600V,1.017252065
p.E602E,1.009948387
p.E602A,1.037923995
p.E602R,0.98683456
p.E602N,0.997558017
p.E602D,1.462326489
p.E602C,1.002430866
p.E602Q,0.417824733
p.E602G,1.100478735
p.E602H,0.204130684
p.E602I,1.068762411
p.E602L,0.856651096
p.E602K,0.908385123
p.E602M,1.039977948
p.E602F,0.991226177
p.E602P,-0.096128877
p.E602S,0.952753222
p.E602X,-0.266068113
p.E602T,1.077328272
p.E602W,0.831039755
p.E602V,1.028628639
p.E615A,0.916206577
p.E615R,1.077420354
p.E615D,-0.347241418
p.E615C,-0.097091439
p.E615Q,1.154896572
p.E615G,1.041017914
p.E615L,0.0886655
p.E615M,0.811718184
p.E615P,0.517949036
p.E615S,0.024388896
p.E615W,1.052000399
p.E615V,1.031860903
p.E61A,0.286567318
p.E61R,1.016797532
p.E61N,1.011078218
p.E61D,0.981744372
p.E61C,0.827340649
p.E61Q,0.95531521
p.E61G,0.945309068
p.E61H,1.074599319
p.E61I,0.829599926
p.E61L,0.981546485
p.E61K,0.686698158
p.E61M,0.929204587
p.E61F,0.879073076
p.E61P,0.920660333
p.E61S,0.96959011
p.E61X,-0.156204433
p.E61W,0.396443238
p.E61Y,1.004430451
p.E61V,1.016971953
p.E626E,0.970491136
p.E626A,0.69864957
p.E626R,0.959086808
p.E626N,0.927208773
p.E626D,0.308488432
p.E626C,0.992567775
p.E626Q,0.903724393
p.E626G,0.855632533
p.E626H,0.690929799
p.E626L,1.110292708
p.E626K,1.073178636
p.E626F,0.97854141
p.E626P,0.75464377
p.E626S,0.915480584
p.E626T,0.802995794
p.E626W,0.123169465
p.E626V,0.921559988
p.E644E,0.932425394
p.E644A,1.005428489
p.E644R,1.002101461
p.E644N,-0.001739047
p.E644D,0.942933414
p.E644Q,1.026640043
p.E644G,0.623977142
p.E644H,0.955236289
p.E644I,0.860432365
p.E644L,0.835541317
p.E644K,0.945129142
p.E644M,0.981226702
p.E644F,0.943258792
p.E644P,0.984398997
p.E644S,1.056214847
p.E644X,-0.005804862
p.E644T,1.103167936
p.E644W,1.027805688
p.E644V,0.874592216
p.E650A,0.995979519
p.E650R,0.854877857
p.E650N,0.151565954
p.E650D,0.976589394
p.E650C,0.835784406
p.E650G,0.960298229
p.E650H,0.159178326
p.E650I,-0.020618893
p.E650L,0.733395561
p.E650P,0.962399114
p.E650S,0.977447262
p.E650X,0.360097539
p.E650T,0.881570457
p.E650W,-0.318822619
p.E650Y,0.966699537
p.E650V,1.225283965
p.E668A,0.982850072
p.E668R,1.041312541
p.E668N,1.169632605
p.E668D,0.998739304
p.E668C,1.048920932
p.E668Q,0.874096225
p.E668G,1.033279581
p.E668H,0.936012115
p.E668I,1.012612828
p.E668L,0.980624632
p.E668K,0.83597266
p.E668F,1.074740962
p.E668P,1.10095399
p.E668S,0.348172659
p.E668X,-0.194182748
p.E668T,1.095527861
p.E668W,0.980676422
p.E668Y,0.937502037
p.E668V,0.999648522
p.E714A,1.00256593
p.E714R,1.022709707
p.E714N,1.034021284
p.E714D,0.997680931
p.E714C,0.619900991
p.E714Q,0.994788011
p.E714G,0.984507645
p.E714H,0.624376802
p.E714I,0.004438879
p.E714L,1.017239891
p.E714K,1.04401425
p.E714M,0.720304963
p.E714F,0.67481392
p.E714P,0.949613699
p.E714S,0.969529843
p.E714X,-0.307919611
p.E714T,0.907293046
p.E714W,0.336952412
p.E714V,0.871263263
p.E716A,0.969095892
p.E716R,0.686091144
p.E716N,0.501389521
p.E716D,1.004544155
p.E716C,0.994888985
p.E716Q,0.522758974
p.E716G,1.043324393
p.E716H,0.902294553
p.E716I,1.012755131
p.E716L,1.096119186
p.E716K,0.917723465
p.E716M,0.947502891
p.E716F,1.002323826
p.E716P,0.894450585
p.E716S,1.036264747
p.E716X,-0.176914218
p.E716T,1.05471805
p.E716W,0.761575117
p.E716Y,0.991953941
p.E716V,1.014448909
p.E723A,0.98801763
p.E723R,0.998330579
p.E723N,0.957164694
p.E723D,0.9096694
p.E723C,0.911451443
p.E723Q,0.936583828
p.E723G,1.00035273
p.E723I,0.997124455
p.E723L,1.03060956
p.E723K,0.961106463
p.E723M,1.036035319
p.E723F,0.925209149
p.E723P,-0.120034005
p.E723S,0.993661257
p.E723X,0.291344656
p.E723T,0.959481391
p.E723W,0.92831664
p.E723Y,0.444507107
p.E723V,0.9742659
p.E763A,1.019991662
p.E763R,1.024811157
p.E763N,1.032115984
p.E763D,1.030252259
p.E763C,0.628057828
p.E763Q,0.847979234
p.E763G,0.884853541
p.E763I,1.013702129
p.E763L,1.062234728
p.E763K,0.951838299
p.E763M,0.963724311
p.E763F,0.89048394
p.E763P,-0.297213317
p.E763S,0.987386731
p.E763X,0.361977771
p.E763T,0.947655317
p.E763W,0.758184922
p.E763Y,0.913448266
p.E763V,0.855851982
p.E781A,0.991297658
p.E781R,1.023366769
p.E781D,1.103912424
p.E781C,1.021959861
p.E781Q,0.824240368
p.E781G,1.000158415
p.E781I,1.026639752
p.E781L,1.011812642
p.E781K,0.928463195
p.E781M,0.511740004
p.E781P,1.000288428
p.E781S,0.977511371
p.E781X,-0.067281726
p.E781T,0.999802947
p.E781W,1.060145205
p.E781V,0.984333777
p.E833A,1.006013181
p.E833R,1.019694434
p.E833N,0.964566611
p.E833D,1.017265794
p.E833Q,1.047198658
p.E833G,1.017012206
p.E833H,1.016268183
p.E833L,-0.231799295
p.E833K,1.039911235
p.E833P,1.067734032
p.E833S,0.976172455
p.E833X,0.883443776
p.E833T,1.011868348
p.E833W,1.015688417
p.E833V,0.951155147
p.E835E,0.081660353
p.E835A,0.95988473
p.E835R,1.029668374
p.E835N,1.003776288
p.E835D,0.869330082
p.E835C,1.039993604
p.E835Q,0.996136932
p.E835G,0.986438651
p.E835H,0.964758675
p.E835L,1.033066148
p.E835K,1.009645168
p.E835M,1.05603223
p.E835P,0.663097556
p.E835S,1.016835372
p.E835X,0.791995607
p.E835T,0.970486587
p.E835W,0.860403292
p.E835Y,1.021710855
p.E835V,0.943131354
p.E856A,0.61120559
p.E856R,0.636081122
p.E856N,0.978349943
p.E856D,0.984247165
p.E856C,0.992305431
p.E856Q,0.999385727
p.E856G,1.050154416
p.E856H,0.814683788
p.E856L,0.951917663
p.E856K,1.059020005
p.E856M,0.946820049
p.E856F,0.987352593
p.E856P,0.358802071
p.E856S,0.960953795
p.E856X,1.109014955
p.E856T,0.957225646
p.E856W,0.993779887
p.E856Y,0.968656402
p.E856V,1.047366633
p.G103G,0.862110652
p.G103A,0.861679071
p.G103R,0.9483009
p.G103N,1.032237966
p.G103D,0.880965986
p.G103C,1.036162996
p.G103Q,0.89649476
p.G103E,0.89790292
p.G103H,0.953146455
p.G103I,0.879478657
p.G103L,1.01056025
p.G103K,1.084485174
p.G103M,0.985841581
p.G103F,1.029867972
p.G103P,0.94524098
p.G103S,1.008815344
p.G103X,-0.048378424
p.G103T,0.89904702
p.G103W,0.978955763
p.G103Y,0.904042995
p.G103V,0.916163145
p.G119G,0.808860418
p.G119A,0.986891604
p.G119R,1.058272281
p.G119N,-0.015713633
p.G119D,0.810699815
p.G119C,0.79350615
p.G119Q,0.373794698
p.G119E,0.628259172
p.G119H,0.95605893
p.G119I,0.819192686
p.G119L,1.002808811
p.G119M,0.301457258
p.G119F,0.352748592
p.G119P,0.22723179
p.G119S,0.938999211
p.G119X,0.029164612
p.G119T,0.730224158
p.G119W,0.986779734
p.G119Y,0.949144299
p.G119V,0.825064006
p.G137G,0.978843328
p.G137A,0.829803557
p.G137R,0.979669414
p.G137N,1.046634389
p.G137D,0.917412808
p.G137C,0.23612331
p.G137Q,1.015398607
p.G137E,0.452803445
p.G137H,0.954151943
p.G137I,0.763065673
p.G137L,0.74894006
p.G137K,1.086540303
p.G137M,0.879302318
p.G137F,0.979760903
p.G137P,0.185393192
p.G137S,1.014296394
p.G137X,-0.048933912
p.G137T,0.902544602
p.G137W,0.745292235
p.G137Y,1.009850284
p.G137V,0.885627027
p.G149G,1.035542939
p.G149A,0.992323097
p.G149R,0.79164862
p.G149N,0.933221724
p.G149D,1.058193976
p.G149C,0.552688758
p.G149Q,0.630411252
p.G149E,1.034641251
p.G149H,1.038582948
p.G149I,0.891947391
p.G149L,0.994722967
p.G149K,0.848082288
p.G149M,0.990521133
p.G149F,0.95576301
p.G149P,1.020608437
p.G149S,0.966915016
p.G149X,0.169150204
p.G149T,0.7891742
p.G149W,0.331235647
p.G149Y,0.882481756
p.G149V,0.853328037
p.G176G,1.023547474
p.G176A,0.969799263
p.G176R,0.795014387
p.G176D,1.037129896
p.G176C,0.764975773
p.G176H,0.838905854
p.G176I,0.172822785
p.G176L,1.015869251
p.G176M,1.037553068
p.G176F,0.900256017
p.G176P,-0.134019831
p.G176S,0.974889694
p.G176X,-0.064848932
p.G176T,0.769262796
p.G176W,1.014879862
p.G176Y,1.076381844
p.G176V,0.667085914
p.G186G,0.988801178
p.G186A,0.850939443
p.G186R,0.893941852
p.G186N,0.903701575
p.G186D,0.080301127
p.G186C,0.956157339
p.G186E,0.995593227
p.G186H,1.017518967
p.G186I,1.075039394
p.G186L,0.949401042
p.G186K,1.061337326
p.G186M,0.979908897
p.G186F,0.288349518
p.G186P,0.607382843
p.G186S,1.008896091
p.G186X,1.122146531
p.G186T,0.363614121
p.G186W,0.91916605
p.G186Y,0.577971161
p.G186V,0.955206055
p.G192G,0.981415948
p.G192A,0.849300625
p.G192R,1.006758052
p.G192D,1.122449114
p.G192C,-0.310947853
p.G192Q,0.919573735
p.G192E,-0.048977558
p.G192H,0.863071112
p.G192I,0.962991868
p.G192L,1.044095684
p.G192K,0.805440439
p.G192M,0.817576072
p.G192F,0.610723075
p.G192S,1.187665502
p.G192X,-0.125563918
p.G192T,0.874045142
p.G192W,0.271996615
p.G192Y,0.638869417
p.G192V,0.972818764
p.G2G,0.997080592
p.G20G,1.040485246
p.G207G,1.079152254
p.G207A,1.016174496
p.G207R,-0.053404756
p.G207N,1.125528292
p.G207D,0.182793065
p.G207E,-0.155524852
p.G207I,0.477229622
p.G207L,0.570659154
p.G207M,0.980211777
p.G207P,-0.107315237
p.G207S,0.954887246
p.G207W,-0.011521119
p.G207Y,0.657019822
p.G207V,0.050092827
p.G20A,1.095207634
p.G20R,0.912110047
p.G20D,0.988124582
p.G20C,0.807665979
p.G20Q,0.951216994
p.G20E,0.933495516
p.G20L,0.997052702
p.G20K,0.90314096
p.G20M,0.107433117
p.G20F,1.023855914
p.G20S,0.985127808
p.G20X,-0.029468303
p.G20T,0.722966426
p.G20W,1.030335374
p.G20V,0.974112648
p.G218G,1.030119815
p.G218A,0.838969647
p.G218R,0.847728708
p.G218N,1.059533437
p.G218D,0.991432034
p.G218C,0.56901382
p.G218Q,0.85824489
p.G218E,0.415808016
p.G218H,1.095391463
p.G218I,0.958684702
p.G218L,1.010277641
p.G218K,0.173163535
p.G218M,0.797977436
p.G218F,0.816535612
p.G218P,0.104103257
p.G218S,0.743783659
p.G218X,-0.065649455
p.G218T,1.04024762
p.G218W,0.961894334
p.G218Y,0.710832476
p.G218V,0.696565709
p.G219G,0.939145866
p.G219A,0.942416926
p.G219R,0.804863142
p.G219N,0.876774608
p.G219D,1.019584973
p.G219C,0.954870275
p.G219Q,0.932506073
p.G219E,1.178408498
p.G219H,-0.414961186
p.G219I,0.235360784
p.G219L,0.581743457
p.G219K,0.439180131
p.G219M,1.094657145
p.G219F,0.259192156
p.G219P,0.354692803
p.G219S,1.021150445
p.G219X,0.35458277
p.G219T,0.970096208
p.G219W,0.767588619
p.G219Y,1.064135723
p.G219V,0.802359705
p.G24G,0.976735329
p.G246G,0.537004003
p.G246A,1.011114848
p.G246R,0.734914647
p.G246N,0.659903197
p.G246D,0.72613052
p.G246C,0.725112216
p.G246E,1.081403226
p.G246H,0.207471669
p.G246I,0.775882965
p.G246L,0.950294219
p.G246M,0.940420621
p.G246F,1.122903903
p.G246S,0.999324053
p.G246X,0.802807035
p.G246T,0.971271108
p.G246W,0.847272534
p.G246Y,0.673843472
p.G246V,0.988267266
p.G24A,1.05000879
p.G24R,0.926144303
p.G24N,0.870083987
p.G24D,1.000757401
p.G24C,0.984687345
p.G24Q,0.561450046
p.G24E,0.883169713
p.G24H,1.028310594
p.G24I,0.971053806
p.G24L,0.802955411
p.G24K,0.91964677
p.G24M,0.990492381
p.G24F,0.833723272
p.G24P,0.933660483
p.G24S,0.721504362
p.G24X,-0.113936616
p.G24T,0.874794988
p.G24W,1.007244165
p.G24Y,0.940615741
p.G24V,1.046311996
p.G251G,1.133204324
p.G251A,0.496200848
p.G251R,1.246042226
p.G251N,1.032156348
p.G251C,1.085492541
p.G251Q,0.763339594
p.G251E,0.831195877
p.G251H,0.989464333
p.G251I,1.084329119
p.G251L,1.130286585
p.G251K,0.978286624
p.G251M,1.069836289
p.G251F,0.869467304
p.G251S,1.053467342
p.G251X,0.063637759
p.G251T,0.806051551
p.G251W,0.958283389
p.G251Y,0.928738385
p.G251V,1.052003934
p.G269G,1.026798159
p.G269A,0.675539661
p.G269R,1.047491465
p.G269D,0.647593026
p.G269C,1.025887719
p.G269Q,0.65526149
p.G269E,0.932323043
p.G269I,0.912174344
p.G269L,1.084551676
p.G269K,1.028778436
p.G269M,0.885902923
p.G269F,1.045992611
p.G269P,0.602184881
p.G269S,1.077965218
p.G269X,-0.002169761
p.G269T,0.997686735
p.G269W,1.109150187
p.G269V,0.955460481
p.G278G,0.875971621
p.G278A,0.206012823
p.G278R,1.067538405
p.G278N,0.032346455
p.G278D,0.674175727
p.G278C,0.979513632
p.G278Q,-0.353810421
p.G278E,1.072242643
p.G278L,0.23634241
p.G278K,-0.004752481
p.G278M,1.063909187
p.G278F,1.052303908
p.G278S,0.647875226
p.G278X,-0.097789294
p.G278T,1.083743962
p.G278W,0.845343105
p.G278Y,0.681886697
p.G278V,1.197772846
p.G287G,1.014087914
p.G287A,1.246737696
p.G287R,0.977163568
p.G287N,0.917976471
p.G287D,0.799774425
p.G287C,-0.029693478
p.G287Q,0.995372036
p.G287E,0.512376201
p.G287H,0.889641227
p.G287I,0.436694181
p.G287L,0.878635118
p.G287K,0.812219626
p.G287M,1.068547762
p.G287F,0.802438294
p.G287P,0.736525382
p.G287S,0.908561793
p.G287X,-0.077287231
p.G287T,1.021626439
p.G287W,0.61874037
p.G287Y,0.667106745
p.G287V,0.015196934
p.G2A,0.964176271
p.G2R,1.013373943
p.G2N,1.001606197
p.G2C,0.433347896
p.G2L,-0.042186772
p.G2M,1.012579334
p.G2S,1.153710138
p.G2X,-0.060110683
p.G2T,-0.01834476
p.G2W,0.985630874
p.G2Y,-0.026746541
p.G2V,0.94380423
p.G314G,1.054629708
p.G314A,0.989384255
p.G314R,0.909439527
p.G314N,1.027513618
p.G314D,0.949682568
p.G314C,0.71654858
p.G314Q,0.94344105
p.G314E,0.995436421
p.G314H,1.107872928
p.G314I,0.561016632
p.G314L,0.867035578
p.G314K,0.94603096
p.G314M,1.017925368
p.G314F,1.015259805
p.G314P,1.099737845
p.G314S,0.91658634
p.G314X,-0.105446025
p.G314T,1.086129098
p.G314W,1.039687421
p.G314Y,1.090718686
p.G314V,0.98024604
p.G323G,1.011249931
p.G323A,0.894003679
p.G323R,0.598475157
p.G323N,0.884130564
p.G323D,0.358052827
p.G323C,0.587596961
p.G323Q,0.968456927
p.G323E,0.589356444
p.G323I,0.830852008
p.G323L,0.805299298
p.G323K,0.812127534
p.G323M,0.695027993
p.G323F,0.56122209
p.G323P,-0.314471302
p.G323S,0.793208457
p.G323X,0.017765509
p.G323T,0.774077977
p.G323W,0.575380694
p.G323Y,0.781165841
p.G323V,0.770936546
p.G324G,0.950083913
p.G324A,0.895990631
p.G324R,0.958531204
p.G324N,0.25516135
p.G324D,0.575269776
p.G324C,0.358881861
p.G324Q,0.484369587
p.G324E,0.989218168
p.G324I,0.778781573
p.G324L,1.064938505
p.G324K,0.663908323
p.G324M,1.078650735
p.G324F,0.929264207
p.G324P,0.633871847
p.G324S,0.966008268
p.G324X,0.145160848
p.G324W,1.019761751
p.G324Y,0.753271471
p.G324V,0.790667141
p.G335G,1.045775006
p.G335A,0.966409549
p.G335R,0.955390909
p.G335N,0.936442827
p.G335D,0.832249375
p.G335C,0.194061743
p.G335E,0.954136062
p.G335H,0.355804637
p.G335I,0.67227422
p.G335L,0.760914521
p.G335M,0.960023505
p.G335F,0.915884889
p.G335P,-0.285766576
p.G335S,0.939404943
p.G335X,0.013849221
p.G335T,0.629456453
p.G335W,0.765347204
p.G335Y,0.801328186
p.G335V,-0.067654531
p.G343G,0.825904006
p.G343A,0.914511758
p.G343R,0.985099907
p.G343N,0.579600022
p.G343D,1.199551134
p.G343C,0.131740143
p.G343E,-0.013473747
p.G343H,0.853357853
p.G343I,-0.056018613
p.G343L,0.946436398
p.G343M,0.952234154
p.G343F,0.22595024
p.G343P,-0.060219761
p.G343S,0.610838873
p.G343X,0.150775462
p.G343T,0.773623057
p.G343W,0.746627087
p.G343Y,0.952710126
p.G343V,0.550009839
p.G37G,0.925109504
p.G373G,0.952470047
p.G373A,1.06243042
p.G373R,1.061225534
p.G373N,1.118659344
p.G373C,1.03439083
p.G373E,1.175574996
p.G373I,1.140887691
p.G373L,0.899006761
p.G373M,1.06283134
p.G373F,0.991409019
p.G373P,-0.103683385
p.G373S,1.016543497
p.G373X,-0.099840183
p.G373T,0.892123918
p.G373W,1.093117271
p.G373Y,1.087533171
p.G373V,0.998980075
p.G374G,0.774464021
p.G374A,0.63684334
p.G374R,1.026831021
p.G374C,1.082033624
p.G374E,1.18907367
p.G374L,0.997500651
p.G374K,1.112116681
p.G374M,1.056504007
p.G374F,1.075389568
p.G374P,0.390273659
p.G374X,0.039115966
p.G374T,0.678379792
p.G374W,1.017092688
p.G374V,1.031690111
p.G37A,1.250635832
p.G37R,0.932686411
p.G37N,-0.034197363
p.G37D,0.895823746
p.G37C,1.052156602
p.G37Q,1.025578833
p.G37E,-0.066558739
p.G37H,0.37169229
p.G37I,-0.193509011
p.G37L,0.990920919
p.G37K,1.017664191
p.G37M,0.906325828
p.G37F,0.906388391
p.G37P,0.883176186
p.G37S,0.968124239
p.G37X,0.15333299
p.G37T,0.989955851
p.G37W,1.056094282
p.G37Y,1.049346492
p.G37V,1.11416827
p.G382G,1.216589845
p.G382C,0.814026948
p.G382L,1.044383129
p.G382F,1.016532793
p.G382X,-0.075716758
p.G382T,0.98559471
p.G382Y,1.207647536
p.G382V,1.020914726
p.G396G,0.928662594
p.G396A,1.157034121
p.G396R,0.932734606
p.G396N,1.005280847
p.G396Q,0.925660584
p.G396E,1.182879686
p.G396I,0.524981237
p.G396L,0.872575705
p.G396M,1.231356356
p.G396S,0.777351875
p.G396T,0.950260515
p.G396W,0.935028039
p.G396V,1.127966803
p.G461G,0.027180042
p.G461A,0.639022952
p.G461R,1.086510245
p.G461N,0.214629893
p.G461D,0.9950654
p.G461E,1.052964658
p.G461H,0.433228351
p.G461L,1.052648813
p.G461K,1.203238538
p.G461M,-0.044867993
p.G461P,0.51250148
p.G461S,1.003250769
p.G461X,-0.037443263
p.G461W,1.012172244
p.G461Y,0.964231126
p.G478G,0.982909911
p.G478R,1.070652794
p.G478N,0.440082146
p.G478C,0.949961735
p.G478E,1.035521477
p.G478I,0.106547818
p.G478L,0.572282407
p.G478K,0.120025926
p.G478M,0.970816438
p.G478F,0.484598396
p.G478P,0.316821748
p.G478S,0.76215244
p.G478W,0.819117334
p.G478Y,-0.033220053
p.G478V,0.048556743
p.G48G,1.106635503
p.G48A,0.979954351
p.G48R,1.084783269
p.G48N,1.074903793
p.G48D,1.111423893
p.G48E,1.053209566
p.G48I,0.182513551
p.G48L,0.087878902
p.G48K,1.101507742
p.G48M,0.918585671
p.G48F,0.8527959
p.G48P,0.829862212
p.G48S,0.790104318
p.G48X,0.065562617
p.G48T,0.974093914
p.G48W,0.452524957
p.G48Y,0.916344825
p.G48V,1.19978343
p.G496G,1.010251309
p.G496A,1.087565732
p.G496R,0.953761147
p.G496D,0.533183161
p.G496C,1.129593529
p.G496E,0.99651283
p.G496I,0.866145663
p.G496L,1.032105406
p.G496F,1.150342361
p.G496P,0.88644949
p.G496S,1.006547297
p.G496T,1.259170108
p.G496W,0.97783095
p.G496Y,1.060863174
p.G496V,0.943142541
p.G5G,1.005333006
p.G505G,0.847602895
p.G505A,1.140366733
p.G505R,0.899405518
p.G505N,1.045758141
p.G505D,0.830194818
p.G505C,0.932756712
p.G505Q,1.059231126
p.G505E,0.087873536
p.G505H,0.060239021
p.G505I,0.779050263
p.G505L,0.912182644
p.G505F,0.902739038
p.G505S,1.048265675
p.G505T,0.996770681
p.G505W,0.993966233
p.G505Y,1.100697747
p.G505V,1.05084041
p.G516G,0.973485179
p.G516R,1.121017639
p.G516D,1.354216953
p.G516C,0.947281371
p.G516H,0.929084471
p.G516I,1.117947732
p.G516L,0.588940001
p.G516M,0.713492808
p.G516F,0.670771275
p.G516S,0.826052307
p.G516X,0.051957951
p.G516T,1.104270497
p.G516W,1.056364035
p.G516V,0.972555004
p.G529G,1.094765082
p.G529A,1.156513806
p.G529R,1.046366331
p.G529N,0.268456594
p.G529D,-0.122994866
p.G529C,1.096855531
p.G529H,1.176345055
p.G529I,0.987889881
p.G529L,1.080101058
p.G529K,1.014190189
p.G529M,0.677100602
p.G529F,0.675950385
p.G529P,1.060035491
p.G529S,0.566684467
p.G529T,1.168927018
p.G529W,0.97708202
p.G529Y,0.961912873
p.G529V,0.677922294
p.G537G,1.054207696
p.G537A,0.950642119
p.G537R,1.012779308
p.G537N,0.913087385
p.G537D,0.908060299
p.G537C,0.865386395
p.G537Q,0.937150257
p.G537E,1.073534742
p.G537I,0.906682841
p.G537L,0.92472928
p.G537K,0.873867713
p.G537M,0.976319099
p.G537F,1.029526147
p.G537P,0.917055705
p.G537S,0.945323417
p.G537X,-0.11619005
p.G537W,0.729140546
p.G537Y,1.111397828
p.G537V,0.957099275
p.G545G,0.73951654
p.G545A,0.968007692
p.G545R,0.335852852
p.G545N,1.248338555
p.G545D,1.022807985
p.G545C,1.030120889
p.G545Q,0.75468272
p.G545E,0.956281171
p.G545H,0.849014266
p.G545I,0.677226594
p.G545L,0.840719674
p.G545K,0.139449451
p.G545M,0.992211343
p.G545F,0.789015999
p.G545P,-0.06698043
p.G545S,1.031862949
p.G545X,-0.059140527
p.G545T,1.110094279
p.G545W,0.968423802
p.G545Y,1.022775382
p.G545V,1.100150781
p.G546G,1.007170146
p.G546A,0.894655064
p.G546R,1.046837452
p.G546D,0.943936564
p.G546C,1.016703876
p.G546Q,1.145723373
p.G546E,0.96816707
p.G546I,-0.031898827
p.G546L,0.833289072
p.G546M,0.831352607
p.G546F,1.09095686
p.G546P,1.024045841
p.G546S,1.094498506
p.G546X,-0.01993936
p.G546W,1.058614085
p.G546V,1.097132525
p.G549G,0.895719701
p.G549A,1.021870785
p.G549R,0.050106661
p.G549N,0.197566609
p.G549D,0.122141471
p.G549C,1.009600071
p.G549Q,0.429775805
p.G549E,0.02903695
p.G549H,-0.092004006
p.G549I,0.145282589
p.G549L,0.875998193
p.G549K,-0.053826925
p.G549M,0.927285674
p.G549F,0.607757179
p.G549P,0.114343642
p.G549S,0.929848824
p.G549X,-0.144005701
p.G549T,-0.166252189
p.G549W,0.004234014
p.G549Y,-0.078379668
p.G549V,0.045884554
p.G55G,0.854274276
p.G55A,1.024317839
p.G55R,1.056702625
p.G55N,1.028601007
p.G55D,1.024953351
p.G55C,0.930886838
p.G55Q,1.090052756
p.G55E,0.224143743
p.G55H,1.028364947
p.G55I,0.943866206
p.G55L,0.88222688
p.G55K,1.017751963
p.G55M,0.841996332
p.G55F,1.001306299
p.G55P,1.281553408
p.G55S,1.007532119
p.G55X,-0.049399184
p.G55T,0.876044137
p.G55W,0.866032843
p.G55Y,0.7880281
p.G55V,0.717356168
p.G565G,0.887002353
p.G565A,0.136688837
p.G565R,0.833795581
p.G565N,0.214985712
p.G565D,1.160240395
p.G565C,0.226509921
p.G565Q,0.018896829
p.G565E,-0.291933615
p.G565I,0.227447145
p.G565L,0.007759731
p.G565M,-0.240260483
p.G565F,-0.124497545
p.G565P,0.025162725
p.G565S,0.119362038
p.G565X,0.17427572
p.G565W,-0.349707047
p.G565Y,-0.037684654
p.G565V,-0.037122984
p.G573G,1.054784902
p.G573A,1.020480826
p.G573R,0.938199195
p.G573D,0.945589379
p.G573C,0.934578862
p.G573Q,0.944034282
p.G573E,1.03077581
p.G573H,0.985146326
p.G573I,1.007164083
p.G573L,1.042288234
p.G573K,1.016813206
p.G573F,1.07024199
p.G573P,1.012261215
p.G573S,0.511480104
p.G573X,-0.079118909
p.G573T,-0.10944551
p.G573V,1.038269205
p.G592G,0.959874278
p.G592A,1.02256761
p.G592R,0.890977595
p.G592N,-0.239373329
p.G592D,0.847693279
p.G592C,1.025134007
p.G592Q,1.063549022
p.G592E,0.985719854
p.G592H,0.903981289
p.G592I,1.088772383
p.G592L,0.946684682
p.G592K,0.570344208
p.G592M,1.023251315
p.G592F,0.965139205
p.G592P,0.224890435
p.G592S,1.069119644
p.G592X,-0.165804997
p.G592W,0.95028564
p.G592Y,0.938584786
p.G592V,1.042987029
p.G593G,0.950307768
p.G593A,1.055592925
p.G593R,0.996001054
p.G593N,1.12895785
p.G593D,1.023460122
p.G593C,1.092788847
p.G593Q,0.798404865
p.G593E,0.176283278
p.G593H,0.950169757
p.G593I,-0.071881893
p.G593L,0.795110375
p.G593M,0.995757596
p.G593F,-0.233875361
p.G593P,0.989627343
p.G593S,1.021379836
p.G593X,-0.29696197
p.G593T,0.981986061
p.G593Y,0.497069571
p.G593V,1.059568116
p.G5A,1.006100784
p.G5R,1.057478128
p.G5N,1.17313595
p.G5D,0.99655288
p.G5C,1.032966728
p.G5Q,0.971179098
p.G5E,1.044842571
p.G5H,0.470356849
p.G5I,0.172196405
p.G5L,1.046449024
p.G5K,0.90230424
p.G5M,1.07200298
p.G5F,0.931505889
p.G5P,1.026520351
p.G5S,0.994929518
p.G5X,-0.110011614
p.G5T,1.002180816
p.G5W,1.090302045
p.G5Y,0.959352654
p.G5V,1.003771638
p.G636G,0.959504263
p.G636A,1.052927779
p.G636R,0.944527275
p.G636D,0.922517452
p.G636C,0.89148939
p.G636E,0.998177727
p.G636H,1.121262515
p.G636I,0.894185721
p.G636L,0.963768214
p.G636M,0.666328413
p.G636F,1.040112436
p.G636P,0.844460608
p.G636S,0.983743773
p.G636X,0.040565894
p.G636T,0.970362336
p.G636W,1.035080416
p.G636Y,0.925994468
p.G636V,0.930412983
p.G663G,0.894494294
p.G663A,0.052651724
p.G663R,0.981074453
p.G663D,1.325797433
p.G663Q,1.103278157
p.G663E,1.005966645
p.G663H,-0.056705953
p.G663I,1.039063912
p.G663L,0.812545639
p.G663K,0.983429737
p.G663M,1.206890472
p.G663F,1.026192542
p.G663P,0.457114217
p.G663S,0.921084923
p.G663T,1.043989082
p.G663W,1.000684457
p.G663Y,0.966639317
p.G663V,0.612533041
p.G675G,0.95178437
p.G675A,1.022636622
p.G675R,0.968384624
p.G675N,0.971054477
p.G675D,0.749955264
p.G675C,-0.171621586
p.G675E,0.909984177
p.G675L,1.048847998
p.G675M,1.057957652
p.G675P,0.860471095
p.G675S,1.006069881
p.G675X,0.139814904
p.G675T,-0.062472623
p.G675W,1.033036201
p.G675Y,0.758170006
p.G675V,0.126921641
p.G676G,1.014373177
p.G676A,0.493671925
p.G676R,1.025465775
p.G676D,1.022387607
p.G676C,0.726436875
p.G676I,-0.403281062
p.G676L,0.818452025
p.G676K,-0.038960971
p.G676S,1.078308652
p.G676T,1.002834012
p.G676W,0.943089079
p.G676Y,0.033857629
p.G676V,0.997257868
p.G701G,0.967242895
p.G701A,1.069522334
p.G701R,1.037219286
p.G701N,0.956930824
p.G701D,0.880342539
p.G701C,1.142943347
p.G701Q,0.856424672
p.G701E,0.943911317
p.G701I,0.840093318
p.G701L,1.018981946
p.G701K,1.040097244
p.G701M,1.060113196
p.G701F,1.09692615
p.G701P,1.070655385
p.G701S,0.918438858
p.G701X,-0.092332747
p.G701T,0.382795401
p.G701W,0.897851193
p.G701Y,1.013319587
p.G701V,1.000237902
p.G71G,1.030238961
p.G71A,0.864902266
p.G71R,1.050070982
p.G71N,0.802777331
p.G71D,1.120219866
p.G71C,0.651287865
p.G71Q,0.995845848
p.G71E,0.977137962
p.G71H,0.989625923
p.G71I,-0.211215077
p.G71L,0.912486887
p.G71K,0.915491371
p.G71M,0.762576149
p.G71F,1.05169124
p.G71P,0.681237049
p.G71S,0.786352122
p.G71X,-0.019398642
p.G71T,0.360917804
p.G71W,1.125997473
p.G71Y,1.038878133
p.G71V,0.881245716
p.G754G,1.042443578
p.G754A,0.938876877
p.G754R,1.02212484
p.G754N,0.629430234
p.G754D,0.976264752
p.G754C,0.579020916
p.G754Q,1.032297613
p.G754E,0.970939652
p.G754H,1.026732875
p.G754I,0.755722004
p.G754L,1.005782382
p.G754K,1.010792314
p.G754M,0.992867484
p.G754F,0.335325795
p.G754P,0.952544709
p.G754S,1.036405876
p.G754X,0.323295302
p.G754T,0.936546449
p.G754W,0.967385954
p.G754Y,1.056375651
p.G754V,0.998095338
p.G758G,0.646613406
p.G758A,0.953779006
p.G758R,1.014497541
p.G758N,1.032158638
p.G758D,0.762441059
p.G758C,1.035841615
p.G758Q,0.953035005
p.G758E,0.987987415
p.G758H,1.06662816
p.G758I,0.941857658
p.G758L,0.811698516
p.G758K,1.08219128
p.G758M,0.603443973
p.G758F,0.949746589
p.G758P,0.689577852
p.G758S,0.999218726
p.G758X,-0.15867168
p.G758T,0.958455048
p.G758W,0.858848148
p.G758Y,0.948112351
p.G758V,1.03439149
p.G76G,0.922926073
p.G76A,0.980859914
p.G76R,0.976290869
p.G76N,0.976514521
p.G76D,0.994176312
p.G76C,0.827018219
p.G76Q,1.032862087
p.G76E,0.996169699
p.G76H,1.036056765
p.G76I,0.81794368
p.G76L,0.932658116
p.G76K,0.937027195
p.G76M,1.01347353
p.G76F,1.004453265
p.G76P,1.075391005
p.G76S,0.996847635
p.G76X,-0.074330569
p.G76T,1.018303547
p.G76W,0.883549433
p.G76Y,0.811657323
p.G76V,0.874539914
p.G77G,0.949841307
p.G773G,1.000273138
p.G773A,0.863731169
p.G773R,-0.13738013
p.G773N,0.742638393
p.G773D,0.89053101
p.G773C,0.995638579
p.G773E,0.843073752
p.G773H,0.788268566
p.G773I,0.940963114
p.G773L,1.007886139
p.G773K,0.924493119
p.G773M,1.064564486
p.G773F,1.070476377
p.G773P,1.078070262
p.G773S,0.490798704
p.G773X,-0.31075747
p.G773T,1.037488176
p.G773W,1.069131205
p.G773Y,1.013280279
p.G773V,1.023746005
p.G777G,1.025629194
p.G777A,1.001633251
p.G777R,0.987003498
p.G777N,1.033786789
p.G777D,0.980591842
p.G777C,0.857092516
p.G777Q,1.01801061
p.G777E,1.087863465
p.G777H,0.920045561
p.G777I,1.023449534
p.G777L,1.038123531
p.G777K,0.984954671
p.G777M,0.977221319
p.G777F,0.830395934
p.G777P,1.081068952
p.G777S,1.04121694
p.G777X,-0.268804162
p.G777T,1.028724627
p.G777W,0.927047791
p.G777Y,0.990984354
p.G777V,0.98244007
p.G779G,1.01112733
p.G779A,0.998185944
p.G779R,0.94490258
p.G779N,-0.417661421
p.G779D,0.996128723
p.G779E,1.027686644
p.G779H,0.666688242
p.G779L,1.031293996
p.G779K,0.842525403
p.G779M,0.971188297
p.G779F,1.013448007
p.G779P,0.97072922
p.G779S,0.995264297
p.G779X,-0.162668076
p.G779T,1.016004998
p.G779W,0.984876803
p.G779Y,0.198850183
p.G779V,1.033453591
p.G77A,0.982847091
p.G77R,0.954933135
p.G77N,0.975428294
p.G77D,0.993931885
p.G77C,1.018966205
p.G77Q,1.031131899
p.G77E,0.986792323
p.G77H,0.826259695
p.G77I,0.954758779
p.G77L,0.927946726
p.G77K,0.095611562
p.G77M,1.063028626
p.G77F,1.059174099
p.G77P,0.989754796
p.G77S,1.01671518
p.G77X,-0.038277022
p.G77T,1.004485123
p.G77W,0.215100466
p.G77Y,0.9229856
p.G77V,0.990814257
p.G805G,0.454546464
p.G805A,0.057190145
p.G805R,0.867653295
p.G805N,0.937448768
p.G805D,0.855255935
p.G805E,0.109998621
p.G805H,1.010760708
p.G805I,0.961444576
p.G805L,1.0253343
p.G805M,1.020485206
p.G805P,0.234074841
p.G805S,1.029240127
p.G805X,0.300708684
p.G805T,0.943943637
p.G805W,0.99731885
p.G805V,0.924288293
p.G844G,0.908870621
p.G844A,1.044657942
p.G844R,0.977969713
p.G844N,0.992738071
p.G844D,1.036528024
p.G844C,0.952397921
p.G844Q,1.070972081
p.G844E,1.018782702
p.G844H,0.775733476
p.G844I,0.97760845
p.G844L,1.053043981
p.G844K,1.042376491
p.G844M,0.910765291
p.G844F,0.884150883
p.G844P,1.083489686
p.G844S,1.058909503
p.G844X,1.052306843
p.G844T,0.87157005
p.G844W,1.063627677
p.G844Y,1.048674885
p.G844V,0.97699868
p.G91G,1.006067121
p.G91A,1.078681123
p.G91R,1.024523651
p.G91N,1.061390846
p.G91D,0.949767718
p.G91C,0.892326245
p.G91Q,0.227980388
p.G91E,0.965414358
p.G91H,1.000700173
p.G91I,1.02439428
p.G91L,0.87091073
p.G91K,1.081014397
p.G91M,0.125385438
p.G91F,1.05169167
p.G91P,0.960987858
p.G91S,0.626298428
p.G91X,-0.100689185
p.G91T,0.907052188
p.G91W,0.978420394
p.G91Y,1.017227789
p.G91V,0.964022946
p.G98G,0.952900418
p.G98A,1.019435119
p.G98R,0.961397764
p.G98N,1.044080717
p.G98D,1.039210863
p.G98C,0.967213038
p.G98Q,0.096267316
p.G98E,0.956827873
p.G98H,0.931809678
p.G98I,1.007877775
p.G98L,0.936742292
p.G98K,0.950712557
p.G98F,1.061624205
p.G98P,1.008011207
p.G98S,1.005620061
p.G98T,0.904267041
p.G98W,0.911667779
p.G98Y,1.080025717
p.G98V,0.787476481
p.H117H,0.67203636
p.H117A,1.008820311
p.H117R,1.0246618
p.H117N,0.471718212
p.H117D,0.706412004
p.H117C,1.060453688
p.H117Q,1.087896336
p.H117E,0.95935342
p.H117G,1.024267654
p.H117I,0.986034215
p.H117L,0.952915456
p.H117K,1.027568368
p.H117M,0.952626413
p.H117F,1.026995749
p.H117P,1.040987364
p.H117S,1.099850663
p.H117X,-0.01625423
p.H117T,1.033638905
p.H117W,0.748115126
p.H117Y,0.921786381
p.H117V,0.884430319
p.H203H,0.818457872
p.H203A,0.991725478
p.H203R,1.096622001
p.H203N,0.908046515
p.H203D,0.826092372
p.H203C,0.826252136
p.H203Q,1.044454415
p.H203E,0.997161537
p.H203G,1.111194011
p.H203I,0.959324595
p.H203L,0.967373487
p.H203K,0.974951792
p.H203M,0.828547649
p.H203F,0.869377538
p.H203P,1.138440522
p.H203S,0.700398368
p.H203X,0.003742561
p.H203T,0.905159752
p.H203W,1.149776028
p.H203Y,0.959449714
p.H203V,0.348041631
p.H211H,0.649571334
p.H211R,0.182164433
p.H211N,0.026245744
p.H211D,1.004911306
p.H211C,-0.105671899
p.H211Q,0.863739965
p.H211E,0.011545601
p.H211G,0.421249996
p.H211I,0.983461417
p.H211L,0.833032784
p.H211K,0.753659673
p.H211M,0.439936894
p.H211F,0.916383317
p.H211P,0.201113122
p.H211S,1.120363223
p.H211X,-0.127477138
p.H211W,0.968609535
p.H211Y,0.916930589
p.H211V,0.880028169
p.H250A,0.552324276
p.H250R,1.05108672
p.H250N,0.826910155
p.H250C,0.942885054
p.H250Q,0.946317826
p.H250E,0.809875759
p.H250G,0.94231384
p.H250I,0.71220677
p.H250L,0.821558893
p.H250K,0.445140231
p.H250M,1.0619676
p.H250F,1.019633189
p.H250P,0.990746032
p.H250S,1.034832812
p.H250X,0.046220203
p.H250T,0.993841791
p.H250W,1.074838482
p.H250Y,0.859776058
p.H250V,1.014181634
p.H285H,0.899170234
p.H285A,0.910485213
p.H285R,0.96788305
p.H285N,1.072856179
p.H285C,0.361929628
p.H285Q,0.488410115
p.H285E,-0.025627349
p.H285G,0.904827249
p.H285I,1.071879419
p.H285L,1.086137478
p.H285K,0.752932066
p.H285M,-0.275620987
p.H285F,1.095533312
p.H285P,0.172965526
p.H285S,0.944633393
p.H285X,-0.211942197
p.H285T,1.067623093
p.H285Y,0.89803502
p.H285V,1.082422168
p.H327H,1.065896444
p.H327A,1.035698055
p.H327R,0.523533189
p.H327N,0.948567769
p.H327D,0.962904031
p.H327C,0.776373402
p.H327Q,0.959744483
p.H327E,0.974985694
p.H327G,1.02762528
p.H327I,0.764650199
p.H327L,0.840355831
p.H327K,0.893462872
p.H327M,0.90349092
p.H327F,0.910811197
p.H327P,0.476030308
p.H327S,0.878972506
p.H327X,0.181633193
p.H327T,0.688914205
p.H327W,0.825265583
p.H327Y,0.934444262
p.H327V,0.785554574
p.H388H,0.942949404
p.H388A,1.123696447
p.H388R,0.74716389
p.H388N,0.917208058
p.H388D,0.722213543
p.H388C,1.151502222
p.H388Q,0.588445975
p.H388E,1.088517365
p.H388G,1.118441433
p.H388L,1.037257942
p.H388K,0.319719659
p.H388M,0.980110956
p.H388F,1.020532034
p.H388S,1.055455214
p.H388X,0.054996289
p.H388T,0.958502796
p.H388W,0.943282242
p.H388Y,1.042179865
p.H388V,1.009609178
p.H407H,1.021707508
p.H407A,1.063455106
p.H407R,0.839961887
p.H407N,1.135151286
p.H407Q,1.044669869
p.H407G,1.138365415
p.H407I,0.987659158
p.H407S,1.032235699
p.H407T,0.942090917
p.H407Y,1.062944549
p.H407V,0.974920478
p.H460D,1.048814388
p.H460C,0.796329991
p.H460Q,0.995212039
p.H460G,0.91180794
p.H460I,0.947047513
p.H460L,0.87527025
p.H460K,1.258569959
p.H460M,0.85267979
p.H460F,0.479434443
p.H460P,0.714415681
p.H460S,0.993873824
p.H460W,0.985023448
p.H460Y,1.041984579
p.H460V,0.721494859
p.H485H,0.834114935
p.H485A,1.066960259
p.H485R,1.093460905
p.H485N,-0.039154718
p.H485D,0.772200152
p.H485C,0.96172526
p.H485G,0.961238183
p.H485I,0.943020742
p.H485L,-0.013244448
p.H485M,-0.105679449
p.H485F,0.936015353
p.H485P,-0.163936369
p.H485S,0.995757823
p.H485X,-0.234538191
p.H485T,1.007532481
p.H485W,1.181365245
p.H485Y,1.072569815
p.H485V,1.083464609
p.H528A,0.965743012
p.H528R,1.132447989
p.H528N,1.092484796
p.H528D,1.096833887
p.H528C,0.958282502
p.H528Q,0.275417487
p.H528E,1.034920187
p.H528G,1.125311558
p.H528I,0.627699368
p.H528L,0.853447655
p.H528K,1.034995557
p.H528M,1.070359162
p.H528F,0.937357992
p.H528P,1.018577184
p.H528S,1.005522072
p.H528X,0.020255708
p.H528T,1.090109314
p.H528W,0.936215386
p.H528Y,1.032342863
p.H528V,0.795862003
p.H583H,1.041729986
p.H583A,0.992686461
p.H583R,1.026091287
p.H583N,0.94403656
p.H583D,-0.053821246
p.H583C,0.925084488
p.H583Q,0.88719231
p.H583G,0.889525562
p.H583I,0.865845367
p.H583L,0.972584439
p.H583K,1.072894337
p.H583M,0.923961705
p.H583F,1.124521527
p.H583P,1.08636628
p.H583S,1.02679646
p.H583X,-0.158789131
p.H583T,0.641934919
p.H583W,0.961971174
p.H583Y,1.007424625
p.H583V,0.974689409
p.H607H,1.004182767
p.H607A,0.882598745
p.H607R,0.908398273
p.H607N,0.936752584
p.H607D,0.48805727
p.H607C,0.834965415
p.H607Q,0.865675096
p.H607E,0.910351281
p.H607G,0.927149713
p.H607I,0.870393304
p.H607L,0.793538253
p.H607M,0.293055378
p.H607F,0.035948956
p.H607P,-0.128891618
p.H607S,0.973277365
p.H607X,-0.026556676
p.H607T,0.652245353
p.H607W,0.884150218
p.H607Y,0.8135883
p.H607V,0.836311908
p.H656H,1.069274594
p.H656A,1.031478941
p.H656N,0.966128409
p.H656D,0.720675865
p.H656C,0.579053116
p.H656Q,0.600906841
p.H656G,0.645294563
p.H656L,1.083437124
p.H656K,0.353674444
p.H656M,1.038720795
p.H656F,0.954854205
p.H656P,-0.152016161
p.H656S,0.899299811
p.H656X,0.079133206
p.H656T,0.748978437
p.H656W,-0.303925894
p.H656V,0.565211031
p.H690H,0.843878518
p.H690A,0.992684263
p.H690R,0.832363043
p.H690N,1.058119169
p.H690D,0.981224221
p.H690C,1.014694589
p.H690Q,1.277942188
p.H690E,1.102223318
p.H690G,0.936375018
p.H690I,1.073122646
p.H690L,1.019794644
p.H690K,1.027617566
p.H690M,0.583209261
p.H690F,1.10452895
p.H690P,0.943320865
p.H690S,0.905904733
p.H690X,-0.098347855
p.H690T,1.038792114
p.H690W,0.953180716
p.H690Y,1.00209445
p.H690V,0.816511441
p.H740H,1.010387611
p.H740A,1.032070209
p.H740R,0.97129714
p.H740N,1.06287592
p.H740D,1.000397255
p.H740C,0.754764506
p.H740Q,0.990907447
p.H740E,0.936209024
p.H740G,0.9822346
p.H740I,0.925199333
p.H740L,0.995241862
p.H740K,0.952999639
p.H740M,1.038281239
p.H740F,0.970506374
p.H740P,1.008895873
p.H740S,0.55316055
p.H740X,0.497424815
p.H740T,1.045091747
p.H740W,0.83378802
p.H740Y,0.796796555
p.H740V,1.023754455
p.H769H,1.033139898
p.H769A,1.068008854
p.H769R,1.035366228
p.H769N,1.000104162
p.H769D,-0.404628463
p.H769C,1.000483267
p.H769Q,0.982938855
p.H769E,1.022315842
p.H769G,0.839472293
p.H769I,0.771949828
p.H769L,1.004963829
p.H769K,0.970705544
p.H769M,0.892613809
p.H769F,0.929319949
p.H769P,0.948980435
p.H769S,0.962089975
p.H769X,-0.166330578
p.H769T,1.016576844
p.H769W,1.044851998
p.H769Y,0.870469022
p.H769V,0.992729518
p.H837H,0.942656952
p.H837A,0.928321443
p.H837R,0.942946248
p.H837N,0.987907816
p.H837D,0.524932643
p.H837C,0.997966703
p.H837Q,0.897918667
p.H837E,1.053156198
p.H837G,0.987177374
p.H837I,1.036037502
p.H837L,0.870789765
p.H837K,0.77808051
p.H837M,1.108602538
p.H837F,1.084118615
p.H837P,1.055289509
p.H837S,0.868552926
p.H837X,0.920529187
p.H837T,1.006469514
p.H837W,1.166663033
p.H837Y,1.049836412
p.H837V,1.013722957
p.H840H,0.778370552
p.H840A,1.051379608
p.H840R,1.053368428
p.H840D,1.074927663
p.H840C,1.077054315
p.H840Q,0.928849668
p.H840E,0.933860324
p.H840G,0.669881535
p.H840I,0.99398254
p.H840L,0.911625362
p.H840K,1.024751364
p.H840M,0.734056931
p.H840F,1.03410206
p.H840P,0.723615157
p.H840S,0.871989612
p.H840X,0.191372348
p.H840T,0.92807248
p.H840W,0.97742318
p.H840Y,0.887662273
p.H840V,0.780249175
p.I122I,1.016587607
p.I122A,0.451375569
p.I122R,0.37345968
p.I122N,0.121680655
p.I122D,-0.019094423
p.I122C,-0.054296152
p.I122Q,-0.110893348
p.I122E,0.444509596
p.I122G,0.102860199
p.I122H,0.777132571
p.I122L,0.967403356
p.I122K,0.056382698
p.I122M,0.872472351
p.I122F,0.7304763
p.I122P,0.137858355
p.I122S,0.315893889
p.I122X,-0.061810567
p.I122T,1.065854712
p.I122W,-0.164790884
p.I122Y,0.151977762
p.I122V,0.971514842
p.I161I,0.941665714
p.I161A,-0.022578681
p.I161R,0.054515844
p.I161N,-0.088565283
p.I161D,-0.100809204
p.I161C,0.027373205
p.I161Q,-0.015981831
p.I161E,0.03361396
p.I161G,-0.07405924
p.I161L,0.913872523
p.I161K,0.08098316
p.I161M,0.263164447
p.I161F,-0.141470701
p.I161P,-0.195686688
p.I161S,-0.147019139
p.I161T,0.127092703
p.I161W,-0.103828452
p.I161Y,-0.130524706
p.I161V,1.014064476
p.I210I,0.666262264
p.I210R,-0.14469224
p.I210N,0.47862659
p.I210D,-0.04250526
p.I210C,-0.190714296
p.I210G,-0.080135738
p.I210L,-0.048926324
p.I210M,0.444082382
p.I210F,-0.017499997
p.I210S,0.599971636
p.I210X,0.023771589
p.I210W,0.229185034
p.I210V,0.237995625
p.I249I,0.950272601
p.I249A,-0.166931434
p.I249R,0.111784844
p.I249N,1.062327095
p.I249D,0.777889348
p.I249C,0.294082074
p.I249Q,0.948835253
p.I249G,0.793333858
p.I249L,1.347958449
p.I249K,0.881988391
p.I249M,0.02239403
p.I249F,1.066970377
p.I249P,0.001914121
p.I249S,0.834982879
p.I249X,0.533722731
p.I249T,0.810470031
p.I249W,0.658292378
p.I249Y,0.568068848
p.I249V,1.011780132
p.I290I,0.869419878
p.I290A,0.521434556
p.I290R,-0.05483863
p.I290N,0.041541419
p.I290D,0.433512761
p.I290C,0.112812659
p.I290E,0.404255568
p.I290G,0.087260782
p.I290H,0.710058264
p.I290L,0.99017612
p.I290K,0.674572002
p.I290M,0.945144929
p.I290F,0.764116081
p.I290P,0.329420664
p.I290S,0.749289642
p.I290X,-0.135555084
p.I290T,1.048197941
p.I290W,0.397286478
p.I290Y,0.689233728
p.I290V,0.973718655
p.I310I,0.723181601
p.I310A,0.200966343
p.I310R,0.70786563
p.I310N,0.803465004
p.I310D,0.249986591
p.I310C,0.289689033
p.I310Q,0.667401349
p.I310E,0.22391104
p.I310G,0.264751442
p.I310H,-0.158572795
p.I310L,1.0655017
p.I310K,0.097337674
p.I310M,0.961576032
p.I310F,0.708743727
p.I310P,0.701850331
p.I310S,0.591827819
p.I310X,0.189115503
p.I310T,0.86399031
p.I310W,0.521405502
p.I310Y,0.93109724
p.I310V,1.040342302
p.I334I,0.988361748
p.I334A,0.934948703
p.I334R,1.103673934
p.I334N,1.037854518
p.I334D,0.920566931
p.I334C,0.070853745
p.I334E,0.794995149
p.I334G,0.914902139
p.I334H,0.832875951
p.I334L,1.034127009
p.I334K,0.902850358
p.I334M,0.90878384
p.I334F,1.033936248
p.I334S,0.882382182
p.I334X,0.104461264
p.I334W,0.950121521
p.I334Y,0.965011315
p.I334V,0.929856275
p.I355I,0.882406419
p.I355A,0.969975992
p.I355R,0.921344214
p.I355N,1.0108528
p.I355D,0.981510222
p.I355C,1.059972323
p.I355Q,0.995628166
p.I355E,0.932367628
p.I355G,1.019208266
p.I355H,1.121206451
p.I355L,1.02802455
p.I355K,1.2024266
p.I355M,1.102223412
p.I355F,1.027796598
p.I355S,1.018944443
p.I355X,-0.200838334
p.I355T,1.082770007
p.I355W,1.038358718
p.I355Y,0.999571793
p.I355V,1.131207616
p.I398I,1.001825282
p.I398A,0.543024659
p.I398R,0.821045616
p.I398N,0.352241828
p.I398D,0.901842589
p.I398G,0.90451875
p.I398H,1.047909875
p.I398L,0.908099534
p.I398M,0.901459236
p.I398F,0.941961123
p.I398P,1.088894344
p.I398S,1.073863545
p.I398X,-0.07435684
p.I398T,1.072245839
p.I398Y,1.061338845
p.I398V,0.899488075
p.I40I,1.117886626
p.I40A,1.028745523
p.I40R,1.00166383
p.I40N,0.972669108
p.I40D,0.994480229
p.I40C,1.000526142
p.I40Q,0.760588693
p.I40E,0.952054546
p.I40G,1.09068777
p.I40H,0.910745551
p.I40L,0.998679482
p.I40K,1.067311572
p.I40M,1.037691331
p.I40F,0.902611423
p.I40P,0.664510034
p.I40S,1.029989462
p.I40X,-0.109135016
p.I40T,0.946362623
p.I40W,0.869158933
p.I40Y,0.989607263
p.I40V,1.014297818
p.I423I,1.282011489
p.I423R,1.066872466
p.I423D,0.968621689
p.I423K,1.001307101
p.I423M,0.432359928
p.I423F,1.174870568
p.I423T,0.079474503
p.I423V,1.104729574
p.I441I,0.914400066
p.I441R,-0.365312836
p.I441N,0.278356342
p.I441D,0.199285323
p.I441C,0.945199971
p.I441G,0.947043257
p.I441L,0.854593903
p.I441M,1.084141983
p.I441F,1.069885882
p.I441P,0.453695469
p.I441S,-0.006000459
p.I441X,-0.014744634
p.I441T,0.859884443
p.I441W,0.225818615
p.I441Y,0.219102167
p.I441V,1.06745437
p.I451I,0.914615811
p.I451A,0.685460018
p.I451R,0.313991959
p.I451N,-0.014130796
p.I451D,-0.060613787
p.I451C,0.276918172
p.I451Q,0.047164536
p.I451G,-0.16253515
p.I451H,0.359915181
p.I451L,1.076263119
p.I451K,0.097926425
p.I451M,0.954629942
p.I451F,0.751426141
p.I451S,-0.048618502
p.I451X,-0.180932955
p.I451W,-0.029527766
p.I451Y,-0.09325762
p.I451V,1.110379692
p.I469I,1.023949556
p.I469R,0.504100705
p.I469N,0.02340901
p.I469D,0.037497138
p.I469E,0.121674448
p.I469G,0.453736547
p.I469H,0.382259725
p.I469L,0.951304299
p.I469M,1.107433089
p.I469F,0.879964183
p.I469S,0.990998341
p.I469X,-0.269454787
p.I469T,1.223624634
p.I469V,0.966834589
p.I473I,1.030189103
p.I473R,0.65983747
p.I473N,0.703130126
p.I473C,0.662809582
p.I473E,1.321887278
p.I473G,0.760489495
p.I473L,1.003879548
p.I473K,0.469438153
p.I473M,1.014528783
p.I473F,0.777680563
p.I473P,0.816616257
p.I473S,0.946977004
p.I473X,0.089639655
p.I473W,0.265647075
p.I473Y,0.055173526
p.I473V,1.022086721
p.I484I,0.288203124
p.I484A,0.262225596
p.I484Q,0.878544594
p.I484G,0.62198392
p.I484M,1.06976467
p.I484F,0.766144502
p.I488I,0.272589644
p.I488A,1.050744736
p.I488R,-0.073740308
p.I488N,0.025152437
p.I488D,-0.139778874
p.I488C,1.032970847
p.I488E,0.04928408
p.I488L,1.0133314
p.I488K,-0.022014968
p.I488M,0.634388799
p.I488F,0.872564492
p.I488S,0.255563666
p.I488X,-0.390680118
p.I488W,0.389323991
p.I488Y,0.315822544
p.I488V,0.933656154
p.I522I,1.065623033
p.I522A,0.973305748
p.I522R,-0.144793427
p.I522N,0.887736666
p.I522D,0.099843122
p.I522C,0.980231789
p.I522Q,-0.027803592
p.I522G,-0.038653155
p.I522H,0.010342198
p.I522L,1.023507239
p.I522K,-0.087704893
p.I522M,0.810142562
p.I522F,0.638735237
p.I522P,0.476792884
p.I522S,0.742170986
p.I522X,-0.148959007
p.I522T,1.092122074
p.I522W,0.075704598
p.I522Y,-0.133060856
p.I522V,0.981407486
p.I542I,1.059749118
p.I542R,-0.006789192
p.I542N,-0.034713702
p.I542D,-0.133698499
p.I542C,0.795170946
p.I542E,0.04716856
p.I542G,-0.037177582
p.I542H,-0.096912766
p.I542L,0.666377997
p.I542K,-0.041319189
p.I542M,1.070778166
p.I542F,0.713818897
p.I542P,-0.051122401
p.I542S,-0.029538962
p.I542X,0.053971065
p.I542T,0.08054201
p.I542W,-0.150967618
p.I542Y,-0.046628452
p.I542V,0.998901765
p.I552I,0.964989256
p.I552A,1.199281982
p.I552R,1.063442527
p.I552N,1.161162482
p.I552D,0.451518365
p.I552C,0.868595466
p.I552G,0.964308317
p.I552L,1.005545749
p.I552K,1.160568793
p.I552M,0.963509073
p.I552F,1.088514543
p.I552P,0.323071078
p.I552S,0.610964429
p.I552X,0.020433958
p.I552T,0.957480281
p.I552W,0.944356434
p.I552Y,1.076773083
p.I552V,0.902414052
p.I560A,1.084671946
p.I560R,0.794987132
p.I560N,0.931796164
p.I560D,0.564163718
p.I560Q,1.150890871
p.I560E,0.948911863
p.I560G,0.875389987
p.I560H,0.848089951
p.I560L,1.02099799
p.I560K,0.966172943
p.I560M,0.787634522
p.I560P,-0.020835664
p.I560S,0.924471173
p.I560X,0.103405512
p.I560T,0.962302916
p.I560W,0.642965689
p.I560Y,0.797658947
p.I560V,0.793481052
p.I566I,1.012565829
p.I566A,0.967872042
p.I566R,-0.037090587
p.I566N,0.26479168
p.I566D,0.191610402
p.I566C,0.926969246
p.I566E,-0.034732387
p.I566G,-0.325253792
p.I566L,0.982644593
p.I566K,-0.037044321
p.I566M,1.05883937
p.I566F,0.36970636
p.I566P,0.071646077
p.I566S,-0.089718439
p.I566X,-0.097068964
p.I566T,0.017365879
p.I566Y,-0.046991157
p.I566V,0.992744262
p.I585I,1.058765016
p.I585A,0.717027234
p.I585R,-0.098903132
p.I585N,0.042712012
p.I585D,0.069527609
p.I585C,1.086666245
p.I585Q,0.038627078
p.I585E,-0.177880476
p.I585G,0.38805943
p.I585H,-0.124839394
p.I585L,0.907295581
p.I585M,1.030701805
p.I585F,-0.204687954
p.I585P,-0.08646759
p.I585S,-0.036708535
p.I585X,0.546694251
p.I585T,0.201673876
p.I585W,-0.130372231
p.I585Y,0.962918978
p.I585V,1.083535855
p.I588I,0.94524454
p.I588R,-0.371654606
p.I588N,-0.293281659
p.I588D,0.999768583
p.I588C,1.051484769
p.I588Q,0.022148596
p.I588L,1.01503979
p.I588K,-0.283111722
p.I588M,0.593442497
p.I588F,0.579138195
p.I588P,-0.478826856
p.I588S,1.313016502
p.I588X,0.090939975
p.I588T,0.999423621
p.I588W,0.26548824
p.I588Y,1.05157801
p.I588V,1.06387155
p.I598I,1.051853531
p.I598A,1.103077785
p.I598R,0.65373875
p.I598D,0.585361356
p.I598C,0.992829725
p.I598Q,1.03202406
p.I598H,1.070142514
p.I598L,1.035187344
p.I598K,-0.202740319
p.I598M,1.169457172
p.I598F,0.23028556
p.I598P,0.690571084
p.I598S,0.663031138
p.I598X,-0.059982601
p.I598T,1.047649028
p.I598W,0.601430642
p.I598V,0.788964731
p.I623I,1.031340908
p.I623A,0.835466354
p.I623R,0.901270997
p.I623N,0.708812604
p.I623D,0.465489236
p.I623C,0.824732403
p.I623Q,0.856491175
p.I623E,0.801122941
p.I623G,0.964246113
p.I623H,0.318388814
p.I623L,1.026423254
p.I623M,1.030926608
p.I623F,0.925588158
p.I623S,0.968012809
p.I623T,0.99593093
p.I623W,0.846028973
p.I623Y,0.897270633
p.I623V,1.002282607
p.I624I,0.63081588
p.I624A,0.754414123
p.I624R,0.966634205
p.I624N,0.683339784
p.I624D,1.044970214
p.I624C,1.042790477
p.I624E,0.61000136
p.I624G,0.884743807
p.I624H,1.02410647
p.I624L,0.609611531
p.I624K,0.914039545
p.I624M,1.112619153
p.I624F,1.05951121
p.I624P,0.289017849
p.I624T,0.997435071
p.I624W,0.401221837
p.I624Y,1.02359533
p.I624V,1.423471604
p.I628A,0.817544542
p.I628R,-0.067116482
p.I628N,0.069468542
p.I628D,0.09980151
p.I628C,0.649463705
p.I628E,-0.146125936
p.I628G,-0.26192606
p.I628H,-0.260923973
p.I628L,0.87184072
p.I628K,-0.124414514
p.I628M,1.326840532
p.I628F,0.120924753
p.I628P,-0.001502888
p.I628S,-0.000435261
p.I628X,-0.104935846
p.I628T,0.046914938
p.I628W,-0.029397191
p.I628Y,-0.167059575
p.I628V,1.012457016
p.I687I,0.849878344
p.I687A,0.921212449
p.I687R,1.075502239
p.I687N,1.009116938
p.I687D,1.083618395
p.I687C,0.945361948
p.I687Q,1.063358577
p.I687E,-0.233697836
p.I687G,0.978557896
p.I687H,0.618795445
p.I687L,0.938277795
p.I687K,1.028331594
p.I687M,1.086860017
p.I687F,0.876445485
p.I687P,1.086397911
p.I687S,1.018439777
p.I687X,-0.161756092
p.I687T,0.161077296
p.I687W,0.242565836
p.I687Y,1.068130985
p.I687V,0.986373329
p.I764I,0.930451024
p.I764A,0.56542627
p.I764R,1.031721751
p.I764N,0.964410472
p.I764D,0.989460827
p.I764C,0.989788994
p.I764Q,0.968872952
p.I764E,0.984391284
p.I764G,0.959510875
p.I764H,0.993391424
p.I764L,1.002892161
p.I764K,1.003171015
p.I764M,1.012789418
p.I764F,0.983944015
p.I764P,1.04713929
p.I764S,1.031018405
p.I764X,-0.287819221
p.I764T,0.906084158
p.I764W,1.005374727
p.I764Y,0.970371999
p.I764V,0.693964767
p.I792I,0.997283549
p.I792A,1.077563076
p.I792R,1.053943356
p.I792N,1.075051384
p.I792D,0.985526527
p.I792C,0.956870713
p.I792Q,0.994994852
p.I792E,0.93394534
p.I792G,0.990992472
p.I792H,1.042632482
p.I792L,0.991135716
p.I792K,0.777689742
p.I792M,0.987300061
p.I792F,1.026586319
p.I792P,0.377257363
p.I792S,0.875726262
p.I792X,0.150952986
p.I792T,1.037274125
p.I792W,1.016983954
p.I792Y,0.887276977
p.I792V,1.042977659
p.I796I,0.705267453
p.I796A,1.038010702
p.I796R,-0.005874235
p.I796N,1.039460924
p.I796D,0.763515525
p.I796C,1.079317071
p.I796Q,0.968184715
p.I796E,0.968269629
p.I796G,0.504639726
p.I796H,1.018951693
p.I796L,1.017030231
p.I796K,-0.236198925
p.I796M,1.018196049
p.I796F,1.002396844
p.I796P,1.260454953
p.I796S,1.005631672
p.I796X,0.407565417
p.I796T,0.984127745
p.I796W,1.115621305
p.I796Y,1.032813684
p.I796V,0.672181534
p.I818I,0.924547663
p.I818A,0.996639481
p.I818R,1.072749997
p.I818N,0.974425329
p.I818D,0.645320969
p.I818C,0.136894906
p.I818E,0.988060061
p.I818G,1.110268076
p.I818H,1.080966302
p.I818L,1.014403019
p.I818K,1.095893352
p.I818M,0.939385831
p.I818F,0.514390622
p.I818P,0.945017013
p.I818S,0.961728665
p.I818X,0.413829398
p.I818T,1.023479696
p.I818W,1.020583538
p.I818Y,1.101027516
p.I818V,0.623340788
p.I821I,1.025559969
p.I821A,0.067103305
p.I821R,0.875461525
p.I821N,0.927530787
p.I821D,0.615635799
p.I821C,1.002892509
p.I821E,1.02721734
p.I821G,0.872870512
p.I821H,0.961508488
p.I821L,0.952089644
p.I821K,0.881915828
p.I821M,1.089770808
p.I821F,0.787416351
p.I821P,0.982080813
p.I821S,1.07176141
p.I821X,-0.194917635
p.I821T,1.061784138
p.I821W,0.942394933
p.I821Y,1.156768677
p.I821V,0.818939631
p.I838A,0.842705335
p.I838R,0.848994624
p.I838N,0.9683559
p.I838D,1.033816212
p.I838C,0.72384803
p.I838Q,0.941241395
p.I838E,0.897309294
p.I838G,1.005471401
p.I838H,0.946717005
p.I838L,1.006679578
p.I838K,0.177575854
p.I838M,0.634876832
p.I838F,1.049689465
p.I838P,0.809703064
p.I838S,0.756689546
p.I838X,1.101945962
p.I838T,0.952340583
p.I838W,0.915922149
p.I838Y,0.919895976
p.I838V,1.01023732
p.I83A,0.87790219
p.I83R,0.89295964
p.I83N,1.087211502
p.I83D,0.985007345
p.I83C,0.754752479
p.I83Q,0.87884324
p.I83E,0.794059575
p.I83G,1.062047462
p.I83H,0.956026088
p.I83L,1.109484255
p.I83K,0.986452681
p.I83M,1.06059328
p.I83F,1.069879438
p.I83P,0.892299388
p.I83S,0.905968869
p.I83T,0.708294411
p.I83W,0.934925377
p.I83Y,1.041089549
p.I83V,0.977023642
p.L135L,-0.039690571
p.L135A,1.030734773
p.L135R,1.016501486
p.L135N,1.060618659
p.L135D,1.095644791
p.L135C,0.980976646
p.L135Q,0.727018975
p.L135E,1.048866544
p.L135G,1.087901751
p.L135H,0.961228278
p.L135I,1.108053444
p.L135K,0.827110611
p.L135M,0.324000332
p.L135F,0.980996148
p.L135P,0.972062379
p.L135S,0.9908592
p.L135X,-0.093003519
p.L135T,0.976240549
p.L135W,1.042231489
p.L135Y,1.071000572
p.L135V,1.008998627
p.L14L,0.956791049
p.L146L,0.994101861
p.L146A,1.037669348
p.L146R,0.983693955
p.L146N,1.009574226
p.L146D,0.801038666
p.L146C,0.870064701
p.L146Q,0.974874703
p.L146E,0.949492774
p.L146G,0.946925604
p.L146H,1.005114214
p.L146I,0.852347589
p.L146K,0.938975847
p.L146M,1.08598855
p.L146F,0.934277217
p.L146P,1.006330625
p.L146S,0.882731791
p.L146X,0.065109905
p.L146T,0.992376219
p.L146W,0.72881185
p.L146Y,1.009801975
p.L146V,1.001818348
p.L14A,0.971804632
p.L14R,-0.043097749
p.L14N,0.1873799
p.L14D,-0.035191263
p.L14C,1.029152428
p.L14Q,-0.196585831
p.L14E,-0.039736205
p.L14G,0.74285187
p.L14H,-0.114764243
p.L14I,1.10903553
p.L14M,0.291302445
p.L14F,0.962465849
p.L14P,0.00950514
p.L14S,0.197638747
p.L14X,8.47E-05
p.L14T,1.013595522
p.L14W,1.066200055
p.L14Y,0.969794791
p.L14V,0.764626001
p.L15L,0.920625025
p.L15A,0.898153366
p.L15R,-0.033354738
p.L15N,0.019764497
p.L15D,0.330816209
p.L15C,1.120394198
p.L15Q,-0.100447643
p.L15E,0.004526234
p.L15G,-0.033047904
p.L15H,-0.111921289
p.L15I,0.80814705
p.L15K,-0.154860674
p.L15M,0.550688249
p.L15F,1.003078742
p.L15P,-0.08636737
p.L15S,0.736366833
p.L15X,0.090614053
p.L15T,0.958020921
p.L15W,1.007161524
p.L15Y,1.079681314
p.L15V,0.956898105
p.L16L,1.038175855
p.L164L,1.060442109
p.L164A,0.649130438
p.L164R,0.635236793
p.L164N,0.978705866
p.L164D,-0.025024326
p.L164C,0.956768625
p.L164Q,0.939454619
p.L164E,0.840435836
p.L164G,0.735344418
p.L164H,0.837375954
p.L164I,-0.030788956
p.L164K,0.847751088
p.L164M,0.915736779
p.L164F,0.876721267
p.L164P,0.810502581
p.L164S,0.85189082
p.L164X,-0.036019819
p.L164T,0.921132333
p.L164W,-0.02446578
p.L164Y,0.024443394
p.L164V,0.835588938
p.L16R,-0.022460166
p.L16D,-0.176406206
p.L16C,0.913598456
p.L16Q,0.937522115
p.L16I,1.076371447
p.L16M,0.999597703
p.L16F,1.180923928
p.L16P,0.024897484
p.L16S,0.829685802
p.L16T,0.996658344
p.L16W,1.088398004
p.L16Y,0.918711483
p.L16V,0.742866347
p.L187L,1.052268408
p.L187A,0.965547099
p.L187R,0.838805951
p.L187N,1.100448248
p.L187D,0.875876229
p.L187C,1.078792382
p.L187Q,1.000673273
p.L187E,1.13615873
p.L187G,0.981553034
p.L187H,0.984932582
p.L187I,1.004556381
p.L187K,1.077487709
p.L187M,0.315197347
p.L187F,1.02288127
p.L187P,0.978077487
p.L187S,0.962619225
p.L187X,0.413029888
p.L187T,0.995768382
p.L187W,1.016965189
p.L187Y,1.012003192
p.L187V,0.974459044
p.L205L,0.949713582
p.L205A,1.033041472
p.L205D,0.879333963
p.L205C,-0.158589336
p.L205H,0.865216902
p.L205F,0.923706072
p.L205P,1.03542683
p.L205S,0.17670615
p.L205T,-0.127106138
p.L205W,1.074396449
p.L205V,0.240186068
p.L275L,1.025642223
p.L275A,0.93205763
p.L275R,0.817528901
p.L275N,0.676195657
p.L275D,1.016511745
p.L275C,0.180558173
p.L275Q,1.12936447
p.L275E,1.079260095
p.L275G,0.891980134
p.L275H,1.054044882
p.L275I,0.992205185
p.L275K,0.962543008
p.L275M,1.087320143
p.L275F,1.073293019
p.L275P,0.861526012
p.L275S,1.011621562
p.L275X,-0.093198159
p.L275T,0.894598788
p.L275W,0.83149426
p.L275Y,0.58603963
p.L275V,1.026053519
p.L292L,0.978518536
p.L292A,0.992580488
p.L292R,0.927550017
p.L292N,0.893721467
p.L292D,0.727988574
p.L292C,0.965559984
p.L292Q,0.959276199
p.L292E,0.752790953
p.L292G,0.983635622
p.L292H,1.013830724
p.L292I,0.98094246
p.L292K,1.051359385
p.L292M,1.117800817
p.L292F,0.878420328
p.L292P,0.772517422
p.L292S,0.961258566
p.L292X,0.034888626
p.L292T,1.091958227
p.L292W,1.028947627
p.L292Y,1.125754284
p.L292V,0.990087136
p.L319L,0.919657138
p.L319A,0.985544632
p.L319R,0.737855078
p.L319N,1.023012801
p.L319D,1.089203492
p.L319C,0.949809895
p.L319Q,0.283142569
p.L319E,0.998235489
p.L319G,0.993530454
p.L319H,0.778318955
p.L319I,0.996755354
p.L319K,1.026359765
p.L319M,0.895852096
p.L319F,0.910211937
p.L319P,0.403476213
p.L319S,0.901158728
p.L319X,0.050378353
p.L319T,1.024829698
p.L319W,0.967169184
p.L319Y,0.918424404
p.L319V,0.977712743
p.L332L,0.818465237
p.L332R,0.752495839
p.L332N,1.078901069
p.L332D,0.76909319
p.L332C,0.97115405
p.L332Q,1.102752928
p.L332G,1.029727593
p.L332H,1.067369735
p.L332I,1.175334119
p.L332K,0.914273565
p.L332M,1.005876213
p.L332F,1.022014694
p.L332P,0.201897355
p.L332S,1.062041184
p.L332X,-0.196317225
p.L332T,1.005978257
p.L332W,0.693905521
p.L332Y,0.979969014
p.L332V,0.81117444
p.L339L,1.01021247
p.L339A,1.060156861
p.L339R,1.066631532
p.L339N,0.655392387
p.L339D,0.955345202
p.L339C,1.047089738
p.L339Q,1.127370516
p.L339E,1.066638563
p.L339G,0.9803211
p.L339H,0.918873716
p.L339I,0.831279324
p.L339K,0.988459708
p.L339M,0.936157201
p.L339F,0.956704657
p.L339P,0.457604711
p.L339S,1.05449376
p.L339X,-0.172848441
p.L339T,0.935948768
p.L339W,0.992751891
p.L339Y,0.990984948
p.L339V,0.97295716
p.L346L,0.996254162
p.L346A,0.373896692
p.L346R,1.080076702
p.L346N,0.680791718
p.L346D,0.925831702
p.L346C,0.840616857
p.L346Q,0.953811843
p.L346E,0.840665698
p.L346G,0.804416956
p.L346H,0.942164305
p.L346I,1.093390054
p.L346K,1.004118543
p.L346M,1.047575766
p.L346F,0.857835642
p.L346P,0.480793489
p.L346S,1.098900028
p.L346X,0.260340232
p.L346T,0.800955407
p.L346W,1.045040463
p.L346Y,0.918103602
p.L346V,1.026849334
p.L367L,0.854727341
p.L367A,0.652778526
p.L367R,0.983675492
p.L367N,1.160564907
p.L367C,1.07613239
p.L367Q,1.186464464
p.L367E,1.023181118
p.L367G,0.887418878
p.L367I,1.073828735
p.L367K,-0.121142114
p.L367M,1.036355437
p.L367F,0.842593914
p.L367P,1.078749649
p.L367S,1.000259044
p.L367X,0.279708505
p.L367T,0.973647738
p.L367W,0.994360168
p.L367Y,1.047858476
p.L367V,1.142582051
p.L371L,0.90295395
p.L371A,0.839972837
p.L371R,1.010997862
p.L371N,-0.258343448
p.L371D,1.182926829
p.L371C,0.999888337
p.L371Q,1.000534264
p.L371E,1.022585813
p.L371G,0.983953986
p.L371H,1.043798891
p.L371I,0.9612436
p.L371K,0.839549432
p.L371M,1.008781012
p.L371F,1.079551392
p.L371P,0.873989178
p.L371S,1.01394415
p.L371X,-0.008734216
p.L371T,1.078089626
p.L371W,0.914721681
p.L371Y,1.134943177
p.L371V,0.988861568
p.L385L,1.026639461
p.L385R,1.093765366
p.L385N,0.87433529
p.L385C,0.900847847
p.L385Q,1.115537366
p.L385E,0.915116393
p.L385G,0.646237609
p.L385H,0.907113656
p.L385I,1.094869734
p.L385M,0.73903977
p.L385F,0.99569879
p.L385S,1.162898651
p.L385X,-0.06889201
p.L385T,1.043947307
p.L385W,1.077168442
p.L385Y,0.941017564
p.L385V,0.969416604
p.L401L,0.869305547
p.L401R,-0.10593162
p.L401N,0.057686622
p.L401D,0.017101191
p.L401C,0.639881875
p.L401Q,0.22435114
p.L401E,-0.269936122
p.L401G,0.035212418
p.L401H,0.006564674
p.L401K,-0.072859794
p.L401M,0.923668321
p.L401F,0.960675694
p.L401P,-0.025308344
p.L401S,0.16224409
p.L401T,-0.068736218
p.L401W,-0.045183177
p.L401Y,0.350246857
p.L401V,0.945124551
p.L414L,0.972277665
p.L414A,0.507635529
p.L414R,1.008425131
p.L414N,0.81143107
p.L414D,-0.14151877
p.L414C,1.200683314
p.L414Q,0.700822914
p.L414E,0.830538698
p.L414G,0.794485598
p.L414I,0.987642176
p.L414K,1.350435841
p.L414M,1.222398254
p.L414F,0.987427921
p.L414P,-0.080080727
p.L414S,0.880732993
p.L414T,0.950980209
p.L414W,1.024444555
p.L414V,1.084363423
p.L422L,0.920334302
p.L422R,0.699765355
p.L422N,0.848255272
p.L422C,1.122789161
p.L422E,0.875619045
p.L422G,0.585138953
p.L422H,0.97599069
p.L422I,0.883131469
p.L422K,0.989656776
p.L422M,1.035586488
p.L422F,0.839098549
p.L422S,0.891703748
p.L422W,0.788278362
p.L422Y,0.889188999
p.L422V,0.786021111
p.L426L,0.988498936
p.L426A,0.775987155
p.L426R,0.929833502
p.L426N,1.05890947
p.L426D,0.237846863
p.L426C,1.015663198
p.L426E,0.8004663
p.L426K,0.903854086
p.L426M,1.003344025
p.L426F,0.846701393
p.L426P,0.21699155
p.L426S,0.989586375
p.L426X,0.047584822
p.L426W,0.878984607
p.L426Y,0.825098065
p.L426V,1.113429162
p.L432L,0.989996118
p.L432R,-0.007512378
p.L432N,-0.321204374
p.L432C,1.027895908
p.L432G,-0.220963629
p.L432I,0.840307987
p.L432P,-0.075432563
p.L432S,0.108185056
p.L432X,-0.133883912
p.L432T,1.031314595
p.L432V,0.857056385
p.L446L,0.878442319
p.L446A,-0.044712175
p.L446R,0.666806785
p.L446N,1.02292196
p.L446C,0.586499943
p.L446G,1.269357078
p.L446K,1.06248127
p.L446F,1.147384077
p.L446P,0.899752461
p.L446S,0.894948736
p.L446T,0.981932665
p.L446W,1.011185105
p.L446Y,1.057270892
p.L446V,0.903218926
p.L456L,0.916783944
p.L456A,1.287147415
p.L456R,0.994546062
p.L456N,0.985087191
p.L456D,0.744958395
p.L456C,0.529447529
p.L456Q,0.845268332
p.L456G,0.965826128
p.L456H,1.026259646
p.L456I,0.972217074
p.L456K,0.526871212
p.L456M,0.910853425
p.L456F,1.026996789
p.L456P,1.18963204
p.L456S,0.950803222
p.L456T,0.872864414
p.L456W,0.602527876
p.L456Y,0.927533294
p.L456V,1.05218686
p.L479L,0.935523224
p.L479A,1.100182292
p.L479R,-0.176009738
p.L479N,0.61031269
p.L479C,0.840834458
p.L479Q,0.587235266
p.L479E,0.18519926
p.L479G,0.217719242
p.L479H,0.502994191
p.L479I,0.890462463
p.L479K,0.206731631
p.L479M,0.942041061
p.L479F,0.944881526
p.L479P,-0.065059704
p.L479S,0.053110074
p.L479X,0.070375075
p.L479T,0.922322552
p.L479W,0.816905816
p.L479Y,-0.014669352
p.L479V,1.042578666
p.L495L,1.008829123
p.L495A,1.187200669
p.L495R,0.659119078
p.L495N,1.20795032
p.L495C,1.115744916
p.L495G,0.905656173
p.L495H,0.929997961
p.L495I,1.061233341
p.L495K,0.955015429
p.L495M,1.149646191
p.L495F,1.002686053
p.L495P,0.462742646
p.L495S,1.030020458
p.L495X,-0.019025911
p.L495T,1.027339151
p.L495W,0.999790306
p.L495Y,1.086057008
p.L495V,0.782972322
p.L511L,0.990129348
p.L511R,-0.017220287
p.L511N,-0.101285435
p.L511D,0.066497354
p.L511C,0.98340305
p.L511Q,0.842340408
p.L511E,0.094970532
p.L511G,-0.024566606
p.L511H,-0.057959128
p.L511I,0.777432746
p.L511K,-0.01821966
p.L511M,1.128132159
p.L511F,1.066308019
p.L511S,0.097008478
p.L511X,0.184163231
p.L511W,0.657288667
p.L511Y,0.155956056
p.L511V,0.930879402
p.L547L,0.714793807
p.L547A,1.025997809
p.L547R,-0.018670811
p.L547N,1.070963156
p.L547D,0.177478805
p.L547C,0.962895334
p.L547E,0.844344166
p.L547G,0.966947377
p.L547H,0.013645965
p.L547I,1.056155251
p.L547K,0.065036197
p.L547M,1.023072841
p.L547F,0.105954422
p.L547P,0.169829105
p.L547S,1.023998488
p.L547X,-0.039920732
p.L547T,0.996382963
p.L547W,-0.164892271
p.L547V,0.925572018
p.L555L,1.009513133
p.L555A,1.027967602
p.L555R,0.713963228
p.L555N,0.94597758
p.L555D,1.066195775
p.L555C,0.915045845
p.L555Q,0.901010741
p.L555E,1.077813737
p.L555G,0.829585268
p.L555H,0.683590458
p.L555I,1.250167828
p.L555K,0.841266871
p.L555M,0.707271271
p.L555F,1.006316995
p.L555P,0.781247537
p.L555S,1.019364918
p.L555X,-0.173369232
p.L555T,1.031492395
p.L555W,0.891858584
p.L555Y,0.791627867
p.L555V,1.043384852
p.L568L,1.0058994
p.L568A,1.058309224
p.L568R,0.959211173
p.L568N,0.346808424
p.L568C,0.985299634
p.L568G,-0.426010702
p.L568I,0.84660228
p.L568K,-0.34056747
p.L568M,0.073082158
p.L568F,0.155271585
p.L568P,0.778848232
p.L568S,0.954499008
p.L568X,0.052120453
p.L568T,0.951201216
p.L568Y,0.214373637
p.L568V,1.060917743
p.L570L,0.985216539
p.L570A,0.971344612
p.L570R,0.866432877
p.L570D,0.959253983
p.L570C,1.024862822
p.L570Q,0.740321766
p.L570E,0.972703332
p.L570G,0.927364951
p.L570H,1.043237062
p.L570I,1.022347959
p.L570K,0.976702858
p.L570M,0.948985216
p.L570F,1.074373834
p.L570P,0.84389435
p.L570S,1.022885437
p.L570X,-0.121278479
p.L570T,1.021435173
p.L570W,1.026795286
p.L570Y,0.779847274
p.L570V,1.007664318
p.L571L,0.951976842
p.L571A,1.02700524
p.L571R,1.012882794
p.L571N,0.854874482
p.L571D,1.017559602
p.L571C,0.619597977
p.L571Q,0.324008036
p.L571E,0.876747376
p.L571G,0.865958205
p.L571H,0.958439906
p.L571I,1.031126821
p.L571K,1.018175458
p.L571M,1.009787451
p.L571F,1.057612381
p.L571P,0.970721371
p.L571S,0.993856584
p.L571X,0.110347592
p.L571T,0.845296214
p.L571W,1.00803454
p.L571Y,0.708115668
p.L571V,1.034992765
p.L575L,0.968604978
p.L575A,0.877195802
p.L575R,0.166905011
p.L575N,-0.165919212
p.L575D,0.002681972
p.L575C,1.052403534
p.L575Q,0.055673448
p.L575E,0.023975196
p.L575G,-0.199732407
p.L575I,0.876897153
p.L575K,0.011617495
p.L575M,0.990878194
p.L575F,0.882916729
p.L575P,-0.176018244
p.L575S,-0.076463857
p.L575T,0.874818784
p.L575Y,-0.076551502
p.L575V,1.003998806
p.L582L,1.043462489
p.L582A,0.583238923
p.L582R,0.986897997
p.L582D,0.958583164
p.L582C,1.00461899
p.L582Q,0.850938716
p.L582G,0.94125116
p.L582H,1.033743485
p.L582I,0.967045337
p.L582K,0.819209992
p.L582M,1.02597658
p.L582F,1.005020352
p.L582P,0.824510939
p.L582S,1.0686854
p.L582X,-0.40385013
p.L582T,-0.169434401
p.L582W,0.969520486
p.L582Y,1.062923289
p.L582V,0.445714791
p.L599L,1.020903499
p.L599A,0.064681549
p.L599R,0.903225612
p.L599N,0.273332193
p.L599D,-0.347241418
p.L599Q,0.967698537
p.L599E,-0.240440554
p.L599G,-0.254525677
p.L599I,1.106347019
p.L599K,0.900095263
p.L599M,0.620988429
p.L599F,0.145772685
p.L599P,0.084693044
p.L599S,0.95531547
p.L599X,-0.119410693
p.L599T,0.857250192
p.L599W,0.947509958
p.L599V,0.991441697
p.L605L,1.062572254
p.L605A,0.905912835
p.L605R,0.616428247
p.L605N,0.996176498
p.L605D,0.793711125
p.L605C,0.500124886
p.L605Q,0.849055413
p.L605E,0.777760422
p.L605G,0.683871327
p.L605H,0.821170602
p.L605I,1.082445654
p.L605K,0.671454813
p.L605M,0.952091972
p.L605F,0.940173419
p.L605P,0.8212156
p.L605S,0.703281799
p.L605X,-0.184614988
p.L605T,0.742653619
p.L605W,1.046347924
p.L605Y,-0.295904142
p.L605V,1.03419472
p.L611L,1.055614493
p.L611A,-0.024128548
p.L611R,-0.010988349
p.L611N,0.736320933
p.L611D,-0.200594016
p.L611C,0.731435337
p.L611Q,-0.054805735
p.L611E,0.082258001
p.L611G,0.155901592
p.L611H,-0.101644918
p.L611I,1.036173977
p.L611K,-0.243884266
p.L611M,0.725553471
p.L611F,0.33460833
p.L611P,0.928047317
p.L611S,1.070351454
p.L611X,-0.373203877
p.L611T,0.922090087
p.L611W,-0.053584603
p.L611Y,0.072973625
p.L611V,0.867004177
p.L634L,1.091138301
p.L634A,0.933466758
p.L634R,0.704437065
p.L634N,0.952420842
p.L634D,0.981394632
p.L634C,0.484093873
p.L634Q,0.803065205
p.L634E,0.608843436
p.L634G,1.041049419
p.L634H,1.070084301
p.L634I,1.022741655
p.L634M,0.810953078
p.L634F,1.132972577
p.L634P,0.732022968
p.L634S,1.048951238
p.L634X,0.0117838
p.L634T,1.027885685
p.L634W,0.882360715
p.L634Y,0.85837569
p.L634V,1.005483752
p.L64L,1.017744287
p.L641L,0.453493756
p.L641A,0.587865417
p.L641R,1.031846211
p.L641N,0.986141066
p.L641D,0.811887799
p.L641C,0.998950981
p.L641Q,0.857087851
p.L641E,0.959545157
p.L641G,1.047556784
p.L641H,1.016486052
p.L641K,1.028146919
p.L641M,0.979674623
p.L641F,1.083776542
p.L641P,0.814667567
p.L641S,0.949707052
p.L641X,-0.084188713
p.L641T,0.767133572
p.L641W,1.034100887
p.L641Y,0.94380943
p.L641V,1.052818485
p.L642L,1.036925995
p.L642A,0.909315333
p.L642R,0.945764499
p.L642N,0.97462678
p.L642D,-0.026866633
p.L642C,1.084743217
p.L642Q,0.941539714
p.L642E,0.990493266
p.L642G,0.728701656
p.L642H,0.503521845
p.L642I,1.000847326
p.L642K,1.005510007
p.L642M,1.012760322
p.L642F,1.055270918
p.L642P,-0.140597193
p.L642S,0.968556852
p.L642X,0.099678782
p.L642T,0.831453913
p.L642W,1.020459635
p.L642Y,-0.294373382
p.L642V,0.894767403
p.L646L,1.031401322
p.L646A,0.970931054
p.L646R,0.726707658
p.L646N,0.743640898
p.L646D,0.773966337
p.L646C,1.036075274
p.L646Q,0.517772756
p.L646E,0.24700765
p.L646H,0.648137106
p.L646K,0.830487245
p.L646M,-0.109444322
p.L646F,0.83547976
p.L646P,0.878740432
p.L646S,0.855189467
p.L646X,0.071601024
p.L646T,0.753954858
p.L646Y,0.920264226
p.L646V,1.051872089
p.L647L,1.028616536
p.L647A,1.062347841
p.L647R,1.005374582
p.L647D,0.965355156
p.L647C,0.634631956
p.L647Q,0.952164873
p.L647E,1.000419741
p.L647G,0.958087974
p.L647H,0.913658737
p.L647I,0.495049715
p.L647K,0.129228649
p.L647M,0.26287239
p.L647F,1.076516474
p.L647P,0.517443902
p.L647S,0.921631739
p.L647T,1.014796734
p.L647W,0.635172571
p.L647Y,1.063899096
p.L647V,0.878087566
p.L64A,1.011657094
p.L64R,0.957800506
p.L64N,1.077188758
p.L64D,0.582900645
p.L64C,1.056719763
p.L64Q,1.04155089
p.L64E,0.9623019
p.L64G,0.950419127
p.L64H,1.013764513
p.L64I,0.914048259
p.L64K,1.144792687
p.L64M,1.016464447
p.L64F,0.875461093
p.L64P,1.017893685
p.L64S,0.966205118
p.L64X,0.466333152
p.L64T,0.976910693
p.L64W,0.969853953
p.L64Y,0.588737565
p.L64V,0.991639274
p.L654L,1.023333603
p.L654A,1.186128374
p.L654R,0.043946436
p.L654D,-0.182532413
p.L654C,0.913692877
p.L654G,0.867366216
p.L654H,0.244379113
p.L654I,0.39215964
p.L654K,0.040944916
p.L654M,0.429472275
p.L654F,1.141945957
p.L654P,0.890969628
p.L654S,0.384672701
p.L654T,1.024204182
p.L654V,0.967817668
p.L658L,1.016909594
p.L658A,-0.13398712
p.L658R,0.660888568
p.L658D,1.045524503
p.L658C,-0.038363856
p.L658Q,1.056586884
p.L658E,1.033308431
p.L658G,1.034307673
p.L658H,-0.202776121
p.L658I,0.446664352
p.L658M,0.931925626
p.L658F,-0.090943525
p.L658S,0.883645936
p.L658X,-0.261690663
p.L658V,1.00751958
p.L672L,1.005736639
p.L672A,0.928390976
p.L672R,0.747801565
p.L672N,1.176982237
p.L672D,1.014860654
p.L672C,0.147690366
p.L672Q,1.019227385
p.L672E,1.048431797
p.L672G,0.9709721
p.L672H,0.90868737
p.L672I,1.096989584
p.L672K,0.952482669
p.L672M,0.931578814
p.L672F,-0.067171975
p.L672P,0.651884143
p.L672S,1.267005876
p.L672X,0.378939478
p.L672T,0.939815805
p.L672W,0.959459847
p.L672Y,1.108099739
p.L672V,0.96016543
p.L680L,1.108400115
p.L680A,0.784958074
p.L680R,0.257918233
p.L680N,0.002402703
p.L680D,-0.122060363
p.L680C,0.198263329
p.L680Q,0.74246526
p.L680E,-0.116498792
p.L680G,-0.022035579
p.L680H,0.934392308
p.L680I,0.982415447
p.L680K,0.950541921
p.L680M,0.999112885
p.L680F,0.874751149
p.L680P,-0.135441984
p.L680S,0.532746122
p.L680X,-0.089744813
p.L680T,0.51346931
p.L680W,1.054449093
p.L680Y,0.897649839
p.L680V,0.888485327
p.L682L,0.992394737
p.L682A,0.179168158
p.L682R,-0.033831138
p.L682N,-0.109740638
p.L682D,-0.042891411
p.L682C,-0.024847133
p.L682Q,-0.1270003
p.L682E,0.463239428
p.L682G,0.102119493
p.L682H,0.169146507
p.L682I,0.811895247
p.L682K,0.26548824
p.L682M,1.01222667
p.L682F,0.906922873
p.L682P,-0.04063241
p.L682S,-0.009624751
p.L682X,-0.069667059
p.L682T,0.370505389
p.L682W,0.111693736
p.L682Y,-0.216923694
p.L682V,0.969385697
p.L703L,1.009094325
p.L703A,0.131489472
p.L703R,0.966005521
p.L703D,0.707691789
p.L703C,0.275269383
p.L703Q,1.081848378
p.L703E,-0.416552597
p.L703G,0.956011856
p.L703H,0.874155212
p.L703I,1.069773641
p.L703K,0.428527451
p.L703M,1.038799814
p.L703F,0.910436699
p.L703P,0.983346661
p.L703S,1.100130285
p.L703T,0.965289178
p.L703W,0.738261407
p.L703V,0.872723751
p.L704L,0.985183524
p.L704A,0.946508795
p.L704R,0.91637207
p.L704N,1.049165425
p.L704C,0.012224492
p.L704Q,0.990580739
p.L704E,0.692032919
p.L704G,0.838756201
p.L704K,0.932697893
p.L704M,1.002468641
p.L704F,1.03980711
p.L704P,0.757949271
p.L704S,0.393007893
p.L704X,0.195004293
p.L704T,-0.004715082
p.L704W,0.622760033
p.L704Y,1.029258481
p.L704V,1.029010022
p.L712L,0.935987148
p.L712A,1.011214007
p.L712R,1.043113904
p.L712N,1.071446082
p.L712C,1.045492733
p.L712Q,0.393959381
p.L712G,0.74306332
p.L712H,-0.145419136
p.L712I,0.946842623
p.L712K,1.049873919
p.L712M,0.728806139
p.L712F,0.567981896
p.L712P,1.030614396
p.L712S,1.008476748
p.L712X,0.329314813
p.L712T,1.024850733
p.L712W,1.057380624
p.L712Y,0.765258578
p.L712V,0.986909865
p.L729L,0.423478035
p.L729A,1.01434214
p.L729R,1.0010701
p.L729D,-0.003728247
p.L729C,1.001136557
p.L729Q,0.934963537
p.L729E,0.921367303
p.L729G,1.05408069
p.L729H,0.934582936
p.L729I,1.064692236
p.L729M,0.910807188
p.L729F,0.976127782
p.L729P,0.797192028
p.L729S,0.974203457
p.L729X,-0.011966551
p.L729T,1.032008585
p.L729W,1.065691755
p.L729Y,1.007581496
p.L729V,0.982289507
p.L752L,0.922003512
p.L752A,0.077298606
p.L752R,1.081308295
p.L752N,1.00608556
p.L752D,0.9737784
p.L752C,0.946588408
p.L752Q,0.921502999
p.L752E,1.029448456
p.L752G,0.96232452
p.L752H,1.051551129
p.L752I,1.033030478
p.L752K,0.332559113
p.L752M,0.907339579
p.L752F,0.967841695
p.L752P,0.933249434
p.L752S,1.056976809
p.L752X,-0.132604113
p.L752T,1.055425546
p.L752W,0.986501611
p.L752V,0.919331629
p.L759L,0.230387655
p.L759A,1.01702188
p.L759R,1.043474698
p.L759N,1.03548233
p.L759D,0.875415043
p.L759C,1.041227433
p.L759Q,0.854749425
p.L759E,1.059659439
p.L759G,1.009189797
p.L759H,0.134424728
p.L759I,1.015288926
p.L759K,0.771538314
p.L759M,0.965295954
p.L759F,0.975772463
p.L759P,0.854415469
p.L759S,0.979443881
p.L759X,-0.389642926
p.L759T,1.132401625
p.L759W,0.894977136
p.L759Y,0.997939364
p.L759V,0.832759182
p.L772L,0.915545505
p.L772A,0.686635844
p.L772R,0.835250284
p.L772N,0.939571813
p.L772D,0.298110768
p.L772C,0.982807322
p.L772Q,0.980415318
p.L772E,0.945046106
p.L772G,0.99239604
p.L772H,0.991244623
p.L772I,0.733819911
p.L772K,0.689868318
p.L772M,0.987482097
p.L772F,0.974714692
p.L772P,0.9274943
p.L772S,1.010476189
p.L772X,-0.227607272
p.L772T,0.999094793
p.L772W,1.059743358
p.L772Y,0.940373767
p.L772V,0.965785268
p.L790L,1.02506089
p.L790A,1.105074962
p.L790R,0.726707052
p.L790N,1.02547783
p.L790D,1.020484444
p.L790C,1.010842869
p.L790Q,1.071068881
p.L790E,1.019018052
p.L790G,1.068296008
p.L790H,1.066583468
p.L790I,1.070183219
p.L790K,0.983689055
p.L790M,0.585464685
p.L790F,1.020322351
p.L790P,0.787316927
p.L790S,0.919921469
p.L790X,-0.269807525
p.L790T,1.033947457
p.L790W,1.036653868
p.L790Y,1.021184867
p.L790V,0.996765141
p.L794L,0.888914167
p.L794A,1.073126402
p.L794R,0.919132423
p.L794N,1.06942376
p.L794D,0.491312169
p.L794C,0.930084279
p.L794Q,0.903717633
p.L794E,0.231662695
p.L794G,1.018707318
p.L794H,0.765492559
p.L794I,1.006919221
p.L794K,0.717095727
p.L794M,0.757425533
p.L794F,0.590781274
p.L794P,1.018928468
p.L794S,1.040374417
p.L794X,-0.382111364
p.L794T,0.988406311
p.L794W,1.021215085
p.L794Y,0.895337268
p.L794V,0.966469843
p.L798L,0.969009208
p.L798A,1.011235876
p.L798R,0.029475312
p.L798N,0.686845846
p.L798D,0.933130013
p.L798C,1.045947533
p.L798Q,1.013925653
p.L798E,0.832966405
p.L798G,0.926582895
p.L798H,0.876310425
p.L798I,0.676740451
p.L798K,-0.181171365
p.L798M,0.937550701
p.L798F,0.986746355
p.L798P,0.935470196
p.L798S,1.080413051
p.L798X,-0.161008435
p.L798T,0.996550303
p.L798W,1.061552941
p.L798Y,1.041717384
p.L798V,1.054364086
p.L799L,0.994326734
p.L799A,1.059049964
p.L799R,-0.190012998
p.L799N,0.936777552
p.L799D,-0.111971312
p.L799C,0.921991001
p.L799Q,0.95174742
p.L799E,0.182767512
p.L799G,0.848888905
p.L799H,0.940028763
p.L799I,0.943303332
p.L799K,0.469893702
p.L799M,0.891955153
p.L799F,0.950210348
p.L799P,1.023465703
p.L799S,1.062972864
p.L799X,-0.156526071
p.L799T,0.97221307
p.L799W,1.014862578
p.L799Y,1.083564557
p.L799V,0.998748598
p.L8L,1.023408484
p.L802L,0.99189202
p.L802A,1.055210083
p.L802R,-0.212285201
p.L802N,0.567274803
p.L802D,-0.193411006
p.L802C,1.012157164
p.L802Q,-0.243919833
p.L802E,-0.029738952
p.L802G,1.051073734
p.L802H,0.355732628
p.L802I,0.828282054
p.L802K,0.835739477
p.L802M,0.957939485
p.L802F,-0.134420523
p.L802P,1.045674426
p.L802S,1.059422275
p.L802X,-0.248976214
p.L802T,0.876144162
p.L802W,1.012099931
p.L802Y,0.992675186
p.L802V,0.997683145
p.L804L,0.996010406
p.L804A,0.870356675
p.L804R,0.870698839
p.L804N,0.917009069
p.L804D,0.211058133
p.L804C,0.986506265
p.L804Q,0.879785101
p.L804G,0.857287565
p.L804H,0.62819975
p.L804I,0.972781691
p.L804K,0.921034303
p.L804M,1.014905852
p.L804F,0.908935823
p.L804P,1.04331221
p.L804S,0.965559804
p.L804X,-0.294222186
p.L804T,1.064740867
p.L804W,0.991487075
p.L804Y,0.961531658
p.L804V,0.971024297
p.L808L,0.240149719
p.L808A,0.979801704
p.L808R,0.995243803
p.L808N,1.023651247
p.L808D,1.028031882
p.L808C,0.971039597
p.L808Q,1.005290851
p.L808E,0.991055568
p.L808G,0.877347373
p.L808H,1.053805777
p.L808I,0.629559577
p.L808K,0.997791498
p.L808M,0.895303447
p.L808F,1.057404803
p.L808P,1.021208601
p.L808S,0.987813021
p.L808X,-0.291908215
p.L808T,0.815662809
p.L808W,1.026886908
p.L808Y,1.068872124
p.L808V,0.967918322
p.L809L,1.017698244
p.L809A,0.997745666
p.L809R,0.119559584
p.L809N,0.948084505
p.L809D,0.738722954
p.L809C,1.025962406
p.L809Q,1.021326175
p.L809E,0.550503306
p.L809G,1.008406211
p.L809H,0.601118362
p.L809I,0.093569232
p.L809K,1.271568663
p.L809M,0.909990239
p.L809F,0.903070101
p.L809P,1.016875715
p.L809S,1.04059313
p.L809X,-0.298718474
p.L809T,1.046511751
p.L809Y,1.025994824
p.L809V,0.977544465
p.L815L,1.06981372
p.L815A,1.021033009
p.L815R,1.062862931
p.L815N,1.010362625
p.L815D,0.989382542
p.L815C,0.467480509
p.L815Q,1.06164745
p.L815E,1.027050372
p.L815G,1.041326143
p.L815H,0.998065201
p.L815I,0.957137477
p.L815K,1.026825389
p.L815M,0.800753555
p.L815F,0.949721755
p.L815P,0.985037295
p.L815S,1.048167193
p.L815X,0.369209286
p.L815T,1.017828416
p.L815W,0.999760246
p.L815Y,1.072196939
p.L815V,1.042145942
p.L855L,0.954638752
p.L855A,0.979532217
p.L855R,0.800414396
p.L855N,-0.406353621
p.L855D,-0.185816819
p.L855C,1.023547895
p.L855Q,0.931906568
p.L855E,0.968443717
p.L855G,1.040941294
p.L855H,0.59518296
p.L855I,0.999165163
p.L855K,1.032395416
p.L855M,0.885670636
p.L855F,0.395247258
p.L855P,0.983073674
p.L855S,1.037886333
p.L855X,0.487016356
p.L855T,0.971390433
p.L855W,0.995114464
p.L855V,1.034974342
p.L8A,1.08050443
p.L8R,0.832692197
p.L8N,1.021041817
p.L8D,0.893541777
p.L8C,1.041458569
p.L8Q,1.221511408
p.L8E,1.054246738
p.L8G,1.039480922
p.L8H,0.346278134
p.L8I,0.900549727
p.L8K,1.086700416
p.L8M,0.932066639
p.L8F,0.284480599
p.L8P,0.217224699
p.L8S,0.932112839
p.L8X,0.2564603
p.L8T,0.655506405
p.L8W,1.013552898
p.L8Y,0.620235327
p.L8V,0.985587597
p.K107A,1.00101876
p.K107R,0.999056762
p.K107N,1.022541551
p.K107D,1.009037337
p.K107C,1.0120583
p.K107Q,0.899297617
p.K107E,1.011207457
p.K107G,1.028264255
p.K107H,1.004616388
p.K107I,0.885653598
p.K107L,0.955048741
p.K107M,1.051604834
p.K107F,0.988199646
p.K107P,1.075969339
p.K107S,0.97750895
p.K107X,-0.138921039
p.K107T,0.995032438
p.K107W,0.958137594
p.K107Y,1.004243602
p.K107V,0.954553957
p.K120K,0.154063283
p.K120A,0.996893778
p.K120R,1.137793728
p.K120N,1.026927907
p.K120D,1.092078316
p.K120C,0.977485397
p.K120Q,0.994325884
p.K120E,1.04473304
p.K120G,1.066545587
p.K120H,1.078569604
p.K120I,0.751459109
p.K120L,0.810281622
p.K120M,1.059267099
p.K120F,0.982303732
p.K120P,1.008577543
p.K120S,0.878241857
p.K120X,-0.014853316
p.K120T,0.790260111
p.K120W,0.935154549
p.K120Y,1.10410234
p.K120V,1.054345842
p.K223K,0.021932265
p.K223A,1.019268217
p.K223R,0.016637632
p.K223N,1.010672516
p.K223D,0.901378747
p.K223C,1.033443956
p.K223Q,1.069198981
p.K223E,1.015138102
p.K223G,1.082294022
p.K223H,0.911052108
p.K223I,1.009608491
p.K223L,0.969881927
p.K223M,1.068588913
p.K223F,0.814734799
p.K223P,1.102581528
p.K223S,1.080079122
p.K223X,0.01646064
p.K223T,0.875314209
p.K223W,1.032657396
p.K223Y,1.032220837
p.K223V,1.050552186
p.K225K,1.194128314
p.K225A,0.795581694
p.K225R,0.841140919
p.K225N,1.011153301
p.K225D,1.010792982
p.K225C,0.803750155
p.K225Q,1.117927408
p.K225E,0.88740027
p.K225G,0.947826609
p.K225H,1.005113745
p.K225I,1.135093436
p.K225L,1.003520342
p.K225M,1.040610991
p.K225F,1.149031141
p.K225P,-0.110495089
p.K225S,0.659745098
p.K225X,-0.102708948
p.K225T,0.931225069
p.K225W,0.602542322
p.K225Y,1.152516468
p.K225V,1.070390075
p.K262A,0.99741981
p.K262R,1.041320227
p.K262N,0.917318826
p.K262D,0.832522789
p.K262C,0.920130456
p.K262Q,0.550503281
p.K262E,0.954710131
p.K262G,0.945334855
p.K262H,1.080036371
p.K262I,0.922159889
p.K262L,0.49871707
p.K262M,1.053318741
p.K262F,1.090563524
p.K262P,0.898747871
p.K262S,1.186711534
p.K262X,0.063695103
p.K262T,0.999766197
p.K262W,1.033069893
p.K262Y,1.039471869
p.K262V,1.022682046
p.K281A,1.049475891
p.K281R,1.036542346
p.K281N,1.003842774
p.K281D,0.972767406
p.K281C,0.978060462
p.K281Q,0.933474207
p.K281E,0.957342202
p.K281G,1.003117278
p.K281H,1.161078558
p.K281I,0.847384306
p.K281L,0.992405399
p.K281M,1.022414543
p.K281F,0.998377626
p.K281P,0.695181193
p.K281S,0.932586755
p.K281X,-0.090194133
p.K281T,0.674362171
p.K281W,0.777676184
p.K281Y,1.003388907
p.K281V,0.953157549
p.K283A,0.527525595
p.K283R,1.04214677
p.K283N,0.87718406
p.K283D,0.767617402
p.K283C,0.924279767
p.K283Q,0.724050286
p.K283E,1.111103503
p.K283G,1.010930987
p.K283H,0.966940637
p.K283I,1.078421219
p.K283L,1.048393142
p.K283M,0.876991692
p.K283F,0.806178028
p.K283P,0.84845608
p.K283S,0.973470133
p.K283X,-0.178906742
p.K283T,1.046599347
p.K283W,0.972177708
p.K283Y,0.955467964
p.K283V,1.067035684
p.K294K,1.016790307
p.K294R,1.121951844
p.K294N,0.840090711
p.K294D,0.22588808
p.K294C,1.102710616
p.K294Q,0.953802184
p.K294E,0.150685658
p.K294G,0.331785904
p.K294H,0.899902896
p.K294I,0.858280516
p.K294L,1.044996605
p.K294M,1.046736067
p.K294F,1.012316092
p.K294P,-0.057444922
p.K294S,0.455993299
p.K294X,0.197687015
p.K294T,0.967569861
p.K294W,0.90112428
p.K294Y,1.042612313
p.K294V,1.032793804
p.K311K,0.934224139
p.K311A,-0.135837688
p.K311R,0.591076117
p.K311N,0.773520188
p.K311D,0.565742413
p.K311C,0.871030978
p.K311Q,0.947243273
p.K311E,0.831508359
p.K311G,0.933784333
p.K311H,0.868479537
p.K311I,0.788484824
p.K311L,0.84400729
p.K311M,1.05218261
p.K311F,0.792021496
p.K311P,0.633659077
p.K311S,0.79825674
p.K311X,-0.186365298
p.K311T,0.762260065
p.K311W,0.582617894
p.K311Y,0.774174019
p.K311V,0.943319329
p.K333A,0.866872213
p.K333R,1.067315476
p.K333N,0.975056701
p.K333D,1.117623829
p.K333C,0.663616091
p.K333Q,1.051796477
p.K333E,0.500795819
p.K333G,1.160868556
p.K333H,1.207790324
p.K333I,0.972678834
p.K333L,1.029075011
p.K333M,1.04147796
p.K333F,1.044862396
p.K333P,0.935443754
p.K333S,0.574736579
p.K333X,-0.139066039
p.K333T,0.972160853
p.K333W,0.426012368
p.K333Y,0.942504157
p.K333V,0.796251752
p.K376A,1.014560758
p.K376N,1.046868673
p.K376C,0.839974621
p.K376E,1.032281927
p.K376G,1.117725122
p.K376I,0.960158583
p.K376L,0.874996698
p.K376M,1.044337953
p.K376F,-0.055081567
p.K376S,1.087575135
p.K376X,0.315101227
p.K376T,0.951500911
p.K376V,1.132569766
p.K38K,1.002684254
p.K38A,1.0458042
p.K38R,1.078419445
p.K38N,0.986768913
p.K38D,1.03983315
p.K38C,1.012623975
p.K38Q,-0.031385389
p.K38E,1.061396093
p.K38G,1.058428711
p.K38H,0.849311704
p.K38I,0.918055987
p.K38L,1.070310376
p.K38M,1.00814803
p.K38F,1.057396035
p.K38P,0.97341582
p.K38S,1.014442999
p.K38X,-0.083762343
p.K38T,0.930439341
p.K38W,0.512416425
p.K38Y,1.124958493
p.K38V,0.945903546
p.K390A,0.982349055
p.K390R,0.862622512
p.K390N,0.972274994
p.K390D,0.70688071
p.K390C,1.035219554
p.K390E,0.996659202
p.K390G,1.115738847
p.K390I,1.03579078
p.K390L,0.851761067
p.K390M,0.933287616
p.K390F,0.94035164
p.K390P,1.018199472
p.K390S,0.823203205
p.K390X,0.13751073
p.K390T,0.877318687
p.K390W,0.758245071
p.K390Y,0.812310814
p.K390V,1.033174551
p.K393A,1.157546054
p.K393R,0.966796867
p.K393N,1.136008638
p.K393D,0.851643728
p.K393C,0.493363578
p.K393G,1.117204389
p.K393H,0.522711177
p.K393I,1.273716598
p.K393L,1.02703987
p.K393M,0.940736473
p.K393F,1.076388792
p.K393P,1.183803072
p.K393S,1.196498615
p.K393X,-0.035153148
p.K393W,0.989585344
p.K393Y,1.123382128
p.K393V,0.768295073
p.K411R,1.149647095
p.K411N,0.865680698
p.K411D,0.13231102
p.K411C,1.027390223
p.K411Q,0.979186697
p.K411E,1.253738425
p.K411G,1.099209777
p.K411I,1.111844733
p.K411L,1.09867717
p.K411F,1.000216023
p.K411S,0.764450983
p.K411X,0.08395382
p.K411T,0.797235806
p.K411Y,0.948690037
p.K411V,1.125466518
p.K43A,1.065145604
p.K43R,1.097041967
p.K43N,0.351337989
p.K43D,0.982301066
p.K43C,0.975252673
p.K43Q,0.999149267
p.K43E,1.02679572
p.K43G,0.904511312
p.K43H,1.021535818
p.K43I,0.90749282
p.K43L,1.124037869
p.K43M,0.960270837
p.K43F,0.991498217
p.K43P,1.036443479
p.K43S,1.052583849
p.K43X,-0.066647426
p.K43T,0.485652245
p.K43W,1.089630267
p.K43Y,1.082312686
p.K43V,1.029552162
p.K504A,-0.137260698
p.K504R,0.995192096
p.K504E,1.060905385
p.K504G,1.276428257
p.K504L,0.695706581
p.K504S,1.11806847
p.K504X,0.201593618
p.K504T,1.444936885
p.K504W,1.008987402
p.K504V,1.412660093
p.K507A,1.098385268
p.K507R,0.842471287
p.K507N,1.02547322
p.K507C,0.744366971
p.K507Q,0.752621209
p.K507E,1.150772585
p.K507G,0.984614465
p.K507I,1.004711941
p.K507L,1.008887121
p.K507M,0.859473913
p.K507F,0.995439982
p.K507S,0.995470484
p.K507X,0.067915386
p.K507T,1.050146968
p.K507W,0.83974267
p.K507Y,1.014021447
p.K507V,0.976679463
p.K509K,0.897681092
p.K509A,1.040630918
p.K509R,1.078495092
p.K509N,0.78182535
p.K509D,0.623523771
p.K509C,0.957801409
p.K509Q,0.996762408
p.K509E,0.581627213
p.K509G,1.044515751
p.K509H,1.019244663
p.K509I,0.789524352
p.K509L,1.009284525
p.K509M,0.998823047
p.K509F,1.004868895
p.K509S,1.106192404
p.K509X,-0.058056169
p.K509T,0.846100923
p.K509W,0.96245777
p.K509Y,0.575098089
p.K509V,1.01894793
p.K518A,1.061992815
p.K518R,1.023151942
p.K518N,1.121269092
p.K518D,1.070819656
p.K518C,1.102373628
p.K518Q,1.035082621
p.K518E,0.940496285
p.K518G,0.923560947
p.K518H,1.073669442
p.K518I,1.033481414
p.K518L,1.061700166
p.K518M,1.050457567
p.K518F,0.938609205
p.K518S,0.878504332
p.K518X,-0.004034486
p.K518T,0.910932907
p.K518W,1.036465829
p.K518Y,1.117048016
p.K518V,0.996244311
p.K541A,1.000229677
p.K541R,0.859596512
p.K541N,0.92728721
p.K541D,0.558146511
p.K541C,0.990387665
p.K541E,1.043887497
p.K541G,0.921823941
p.K541I,0.892833765
p.K541L,0.970631975
p.K541M,0.962630021
p.K541F,0.978611675
p.K541S,0.971771561
p.K541X,0.04396766
p.K541T,0.919442851
p.K541W,0.96781529
p.K541Y,1.041725748
p.K541V,0.926934496
p.K543A,0.950314762
p.K543R,1.103546795
p.K543N,0.746235439
p.K543D,0.580588168
p.K543C,0.992700013
p.K543Q,0.886268197
p.K543E,0.937639356
p.K543G,0.719690685
p.K543H,0.982554117
p.K543I,0.95972788
p.K543L,0.914923325
p.K543M,0.858937719
p.K543F,1.042435785
p.K543S,1.0788946
p.K543X,-0.020427543
p.K543T,0.913611355
p.K543W,0.928267795
p.K543Y,0.958193993
p.K543V,0.729852024
p.K544K,0.941884262
p.K544A,0.361017886
p.K544R,1.043035193
p.K544N,1.002701902
p.K544D,0.865016138
p.K544C,0.981477706
p.K544Q,0.889254778
p.K544E,1.152327033
p.K544G,0.933932094
p.K544H,0.65148708
p.K544I,0.988491502
p.K544L,0.982246685
p.K544M,1.059226027
p.K544F,0.928215554
p.K544P,-0.137314281
p.K544S,1.00929357
p.K544X,-0.0421373
p.K544T,0.92564829
p.K544W,1.129962305
p.K544Y,0.948680413
p.K544V,0.765699895
p.K581K,0.604903332
p.K581A,0.942532319
p.K581R,0.947771376
p.K581C,0.976281211
p.K581Q,0.373907282
p.K581E,-0.075856663
p.K581G,0.996905341
p.K581I,0.978333043
p.K581L,1.04278727
p.K581M,0.969706821
p.K581P,-0.260285215
p.K581S,1.001721753
p.K581T,0.195944573
p.K581W,-0.282286144
p.K581Y,0.919394718
p.K581V,0.963640778
p.K596A,0.839316805
p.K596R,1.010442828
p.K596N,0.870568357
p.K596D,0.939304858
p.K596C,0.716020616
p.K596Q,0.86162633
p.K596E,0.978353263
p.K596G,1.048509171
p.K596H,1.001298905
p.K596I,1.057929678
p.K596L,1.078267678
p.K596M,0.988693874
p.K596F,0.815864821
p.K596P,0.025341175
p.K596S,1.008552716
p.K596X,-0.00512376
p.K596T,0.915271009
p.K596W,0.994762296
p.K596Y,1.052182178
p.K596V,1.004518207
p.K603A,0.9099629
p.K603R,1.079151213
p.K603N,0.994594118
p.K603D,0.923142757
p.K603C,0.938276264
p.K603Q,0.841152904
p.K603E,0.805225754
p.K603G,1.111219319
p.K603H,0.992780939
p.K603I,0.831286963
p.K603L,0.686887491
p.K603M,0.542156432
p.K603F,1.186842589
p.K603P,0.612487333
p.K603S,0.995689881
p.K603X,-0.100438052
p.K603T,0.688890915
p.K603W,0.830298427
p.K603V,0.908949487
p.K617K,1.028658189
p.K617A,0.978356185
p.K617R,0.968817948
p.K617N,1.018035331
p.K617D,1.011067338
p.K617C,1.065841248
p.K617Q,1.01698706
p.K617E,0.998392774
p.K617H,0.865173616
p.K617I,1.061923971
p.K617L,1.006719625
p.K617M,0.996744394
p.K617F,0.919053472
p.K617P,0.11885997
p.K617S,0.936112466
p.K617X,0.168275416
p.K617T,0.335062061
p.K617W,0.685301566
p.K617Y,1.01500264
p.K617V,0.891703874
p.K69K,0.730294417
p.K693A,1.013932145
p.K693R,0.981982799
p.K693N,0.872012649
p.K693D,1.045606964
p.K693C,1.046339037
p.K693Q,0.36508004
p.K693E,1.053564511
p.K693G,0.934662711
p.K693H,0.899951312
p.K693I,1.005571965
p.K693L,1.065389112
p.K693M,1.01884262
p.K693F,0.929493264
p.K693P,1.009782554
p.K693S,0.950015217
p.K693X,-0.098971298
p.K693T,0.968625012
p.K693W,0.925188172
p.K693Y,0.958867593
p.K693V,1.02757481
p.K69A,1.004905029
p.K69R,1.001677915
p.K69N,1.089843758
p.K69D,0.637277112
p.K69C,0.97329697
p.K69Q,0.885406046
p.K69E,1.019684478
p.K69G,1.09273052
p.K69H,0.799854495
p.K69I,0.973289856
p.K69L,1.060662934
p.K69M,0.28117508
p.K69F,1.107981359
p.K69P,0.875442739
p.K69S,0.655720872
p.K69X,-0.100047355
p.K69T,1.087929857
p.K69W,0.901581964
p.K69Y,0.980043396
p.K69V,1.049579715
p.K7K,1.051770649
p.K730A,0.93946862
p.K730R,0.933203096
p.K730N,0.782795539
p.K730D,1.045871796
p.K730C,1.039245346
p.K730Q,1.031265583
p.K730E,1.031931035
p.K730G,-0.372716997
p.K730H,1.063973777
p.K730I,0.676491858
p.K730L,0.533119297
p.K730M,0.992476913
p.K730F,0.95700638
p.K730P,0.95882342
p.K730S,1.102327046
p.K730X,-0.25991659
p.K730T,1.051098565
p.K730W,0.954955792
p.K730Y,0.996477482
p.K730V,0.25813636
p.K782A,0.957705594
p.K782R,0.942140349
p.K782N,1.002377529
p.K782D,1.009019779
p.K782Q,0.993504145
p.K782E,0.843613821
p.K782G,0.928661803
p.K782H,1.0594671
p.K782I,0.949779909
p.K782L,0.166001322
p.K782M,0.82887998
p.K782F,0.674592643
p.K782P,1.023309641
p.K782S,1.0044779
p.K782X,-0.311460756
p.K782T,0.943797184
p.K782W,0.948100254
p.K782Y,0.237678286
p.K782V,0.813956973
p.K783A,1.006752974
p.K783R,1.003084467
p.K783N,1.044330966
p.K783D,0.929598904
p.K783C,0.950512689
p.K783Q,0.894712518
p.K783E,0.981662599
p.K783G,1.051159827
p.K783H,0.883177353
p.K783L,0.498558578
p.K783M,1.000971517
p.K783F,1.067019748
p.K783P,1.077944126
p.K783S,0.997214635
p.K783X,0.452993123
p.K783T,0.987887439
p.K783W,0.993358618
p.K783Y,1.006729242
p.K783V,0.482499292
p.K7A,0.559778907
p.K7R,0.961277442
p.K7N,0.863446979
p.K7D,0.979614507
p.K7C,1.018666964
p.K7Q,1.045517701
p.K7E,0.997489863
p.K7G,1.104257511
p.K7H,1.40446193
p.K7I,1.052110297
p.K7L,0.949378924
p.K7M,0.881932663
p.K7F,1.042750357
p.K7P,1.087626513
p.K7S,1.133000724
p.K7X,0.037009706
p.K7T,0.760778546
p.K7W,1.004621709
p.K7Y,1.071872163
p.K7V,1.028847626
p.K811A,1.049365384
p.K811R,0.886752624
p.K811N,0.964716624
p.K811D,1.039939353
p.K811C,0.987451958
p.K811Q,0.96745998
p.K811E,-0.271372274
p.K811G,0.78310139
p.K811H,1.024432214
p.K811I,0.989232754
p.K811L,0.844320469
p.K811M,0.989740312
p.K811F,1.000793531
p.K811P,0.951205439
p.K811S,0.654414196
p.K811X,-0.160868291
p.K811T,1.01419859
p.K811W,1.037168464
p.K811Y,0.699300428
p.K811V,1.11814428
p.K816A,1.014996847
p.K816R,1.010752535
p.K816N,1.004014708
p.K816D,0.72941518
p.K816C,1.043781923
p.K816Q,0.952749643
p.K816E,1.044762314
p.K816G,0.765658508
p.K816H,0.96363042
p.K816I,0.810415477
p.K816L,-0.148942292
p.K816M,0.87788386
p.K816F,1.056133642
p.K816P,0.985252478
p.K816S,0.981450418
p.K816X,-0.207445988
p.K816T,0.176539789
p.K816W,0.906334475
p.K816V,1.010421921
p.K830A,0.924933635
p.K830R,0.994434832
p.K830N,0.926333289
p.K830D,-0.159305881
p.K830C,0.93528851
p.K830Q,0.954967256
p.K830E,0.631002532
p.K830G,0.987433105
p.K830H,0.608301832
p.K830I,0.946685083
p.K830L,0.983118978
p.K830M,0.808811177
p.K830F,0.984548796
p.K830P,0.985805171
p.K830S,0.901979402
p.K830X,0.949619955
p.K830T,0.71039219
p.K830W,0.921628546
p.K830Y,0.672007113
p.K830V,1.026490282
p.M264A,0.958556598
p.M264R,0.967774887
p.M264N,0.723376314
p.M264D,0.061099633
p.M264C,0.873397175
p.M264Q,0.894018674
p.M264E,1.068324181
p.M264G,0.985234899
p.M264H,0.989803853
p.M264I,0.87393009
p.M264L,0.963546017
p.M264K,0.287072929
p.M264F,0.547264859
p.M264P,1.006226532
p.M264S,0.927786037
p.M264X,0.006343518
p.M264T,1.184202772
p.M264W,1.038351305
p.M264Y,1.030791183
p.M264V,0.432211061
p.M298A,0.641112421
p.M298R,0.958063534
p.M298N,0.208747922
p.M298D,0.935409866
p.M298C,0.937950434
p.M298Q,0.540361793
p.M298E,1.015012519
p.M298G,0.83241542
p.M298H,-0.182188693
p.M298I,0.792043406
p.M298L,0.888582912
p.M298K,0.926578474
p.M298F,1.078410658
p.M298P,0.596353656
p.M298S,1.035159439
p.M298X,0.210737271
p.M298T,1.098843423
p.M298W,1.026601674
p.M298Y,1.244791327
p.M298V,0.794879952
p.M412A,0.194250193
p.M412N,0.011762206
p.M412C,1.03195852
p.M412Q,-0.002658867
p.M412G,0.745808893
p.M412H,0.02671439
p.M412I,0.962510205
p.M412L,0.771357695
p.M412F,0.970382223
p.M412S,0.867224403
p.M412X,-0.060882968
p.M412W,1.009850621
p.M412Y,0.940867819
p.M412V,0.898589921
p.M450A,0.980892571
p.M450R,0.99299755
p.M450N,1.127829348
p.M450D,1.011843947
p.M450C,0.882772938
p.M450Q,1.12194323
p.M450E,1.026668739
p.M450G,0.99246593
p.M450I,0.950541983
p.M450L,0.946158031
p.M450K,1.0059122
p.M450F,0.965434112
p.M450P,-0.155677377
p.M450S,0.916366687
p.M450X,0.046332204
p.M450T,1.010031636
p.M450W,0.83437016
p.M450Y,0.971275059
p.M450V,0.913311704
p.M531R,-0.000294584
p.M531N,0.799962929
p.M531D,0.249385832
p.M531C,0.257928896
p.M531Q,1.025771426
p.M531E,0.982922642
p.M531G,0.997886044
p.M531I,0.881998785
p.M531L,1.066169457
p.M531K,0.949843395
p.M531S,1.008196332
p.M531X,0.293737681
p.M531T,0.865000319
p.M531W,0.042641935
p.M531V,0.983741515
p.M652A,-0.209024109
p.M652R,-0.22112532
p.M652D,0.099634529
p.M652C,1.024985532
p.M652Q,0.197709405
p.M652E,0.00882274
p.M652G,-0.020042753
p.M652L,1.063949598
p.M652K,0.764507442
p.M652F,0.358207297
p.M652P,-0.221196683
p.M652S,0.918136307
p.M652X,-0.533389909
p.M652T,0.695090647
p.M652W,-0.168884484
p.M652Y,-0.33584934
p.M652V,0.108761337
p.M702A,0.774146122
p.M702R,0.978810095
p.M702N,1.065422876
p.M702D,0.959412209
p.M702Q,1.049737854
p.M702E,1.007097294
p.M702G,0.948884446
p.M702I,0.726929397
p.M702L,1.043086543
p.M702K,0.689082166
p.M702F,0.990355864
p.M702S,0.866204049
p.M702X,-0.336529517
p.M702T,0.966747507
p.M702W,0.858994972
p.M702Y,0.910047962
p.M702V,0.932237959
p.M708A,1.247767174
p.M708R,0.994642804
p.M708N,0.897946908
p.M708D,1.040574715
p.M708C,1.035504324
p.M708Q,0.990680962
p.M708E,1.279345874
p.M708H,0.461854378
p.M708I,1.017002895
p.M708L,0.982961891
p.M708K,1.057107913
p.M708F,1.008150948
p.M708P,1.087116251
p.M708S,0.990863087
p.M708X,-0.154839474
p.M708T,0.74011914
p.M708W,0.979445529
p.M708Y,0.936996139
p.M708V,0.876264946
p.M767A,0.988032283
p.M767R,-0.293709023
p.M767N,0.885555967
p.M767D,1.061025449
p.M767C,1.082652301
p.M767Q,1.019969639
p.M767E,0.984215579
p.M767G,0.92855665
p.M767H,0.974288502
p.M767I,0.97708977
p.M767L,1.072131526
p.M767K,1.0292243
p.M767F,0.978252406
p.M767P,1.078717889
p.M767S,0.645562466
p.M767X,-0.278287408
p.M767T,1.036124305
p.M767W,0.992696851
p.M767Y,0.995030078
p.M767V,0.972458748
p.M852A,0.539973459
p.M852R,1.06996581
p.M852N,0.982520677
p.M852D,1.025541685
p.M852C,1.018750851
p.M852Q,0.93248447
p.M852E,0.971963292
p.M852G,0.990658974
p.M852H,1.036956831
p.M852I,1.006357252
p.M852L,0.981784545
p.M852K,1.009712518
p.M852F,1.007250727
p.M852P,1.010478196
p.M852S,0.981949163
p.M852X,1.037779631
p.M852T,0.72696661
p.M852W,0.996448461
p.M852Y,1.026096215
p.M852V,0.989117281
p.F114A,1.04616589
p.F114R,0.295313561
p.F114N,0.186685443
p.F114D,0.702763804
p.F114C,-0.063045748
p.F114E,0.947788135
p.F114G,0.48225142
p.F114H,0.896194858
p.F114I,0.846938422
p.F114L,0.931070816
p.F114K,0.774185027
p.F114M,0.3978765
p.F114P,-0.051829502
p.F114S,0.839054522
p.F114X,-0.008038304
p.F114T,0.948123971
p.F114W,0.962914591
p.F114Y,0.933908758
p.F114V,1.024490513
p.F126F,0.667454814
p.F126A,0.022013758
p.F126R,0.734386591
p.F126N,0.864687157
p.F126D,0.147637238
p.F126C,0.588183416
p.F126E,0.945231514
p.F126G,0.737854453
p.F126H,0.771221001
p.F126I,0.773263816
p.F126L,0.570820816
p.F126K,0.216836199
p.F126M,-0.189547705
p.F126P,-0.014453709
p.F126S,0.208549322
p.F126X,0.003315316
p.F126T,0.581916658
p.F126W,1.119259207
p.F126Y,1.094407009
p.F126V,0.763292491
p.F153F,0.975489209
p.F153A,0.241695894
p.F153R,0.037773934
p.F153N,0.152832421
p.F153D,0.040916008
p.F153C,0.00463731
p.F153Q,-0.074512922
p.F153E,-0.007334243
p.F153G,-0.045447139
p.F153H,0.557604987
p.F153I,0.813880346
p.F153L,0.864236443
p.F153K,0.101369527
p.F153M,0.861360242
p.F153P,-0.04398475
p.F153S,0.046200798
p.F153X,0.027350907
p.F153T,0.655394081
p.F153W,0.947137016
p.F153Y,0.896298218
p.F153V,0.875699081
p.F190F,0.976240334
p.F190A,1.106861319
p.F190R,1.00029242
p.F190N,0.04383746
p.F190D,1.159173663
p.F190C,1.06491703
p.F190Q,1.000105095
p.F190E,1.140025012
p.F190G,1.020084537
p.F190H,0.677388195
p.F190I,0.987739583
p.F190L,0.960679071
p.F190M,0.546671261
p.F190P,0.890324196
p.F190S,0.99181114
p.F190X,-0.169651305
p.F190T,0.629463192
p.F190W,0.567844932
p.F190Y,1.041303097
p.F190V,0.895818711
p.F200F,0.990928657
p.F200A,0.326016699
p.F200R,0.832738843
p.F200N,0.264057245
p.F200D,0.490103152
p.F200C,0.716681491
p.F200Q,0.202146698
p.F200E,0.065427645
p.F200G,1.076212371
p.F200H,1.031600553
p.F200I,0.887539524
p.F200L,1.008309152
p.F200K,0.874912712
p.F200M,1.030903722
p.F200P,-0.037532154
p.F200S,0.463267826
p.F200X,0.417331155
p.F200T,0.750799339
p.F200W,0.14069333
p.F200Y,0.884440731
p.F200V,-0.097048995
p.F202F,0.754853959
p.F202A,0.371384123
p.F202R,0.263442568
p.F202N,0.251726671
p.F202D,0.176774738
p.F202C,0.44420419
p.F202Q,0.49594904
p.F202E,0.839535375
p.F202G,0.134773651
p.F202H,0.433901928
p.F202I,1.162736664
p.F202L,0.765426894
p.F202K,0.104353674
p.F202M,1.061707996
p.F202P,0.315945971
p.F202S,0.118758716
p.F202X,0.286442994
p.F202T,0.698789227
p.F202W,0.661541939
p.F202Y,1.046446642
p.F202V,0.817255854
p.F241F,1.048181084
p.F241A,0.872529446
p.F241R,1.030571136
p.F241N,0.875213709
p.F241D,0.983262109
p.F241Q,0.59079992
p.F241E,1.096642267
p.F241G,0.891183603
p.F241H,0.90171216
p.F241I,1.01767919
p.F241L,0.85901123
p.F241K,1.061934032
p.F241M,0.885117837
p.F241P,0.956790849
p.F241S,0.896203748
p.F241X,-0.022777641
p.F241T,0.808079309
p.F241W,0.611184296
p.F241Y,0.853383005
p.F241V,0.985879541
p.F282F,0.384274952
p.F282A,0.41152735
p.F282R,0.695658743
p.F282N,0.095641682
p.F282D,0.541352502
p.F282C,0.050650801
p.F282Q,-0.330445012
p.F282E,0.156729518
p.F282G,0.074900621
p.F282H,0.945128727
p.F282I,0.439291395
p.F282L,0.885080866
p.F282K,0.010397103
p.F282M,0.764682077
p.F282P,0.044037569
p.F282S,0.142077913
p.F282X,0.299233623
p.F282T,0.652668029
p.F282W,0.995414578
p.F282Y,1.033738897
p.F282V,0.761028981
p.F32F,1.016413955
p.F32A,1.244516425
p.F32R,0.81497811
p.F32N,0.982739236
p.F32D,0.917433879
p.F32C,0.9879669
p.F32Q,1.161104553
p.F32E,0.235266948
p.F32G,0.968008077
p.F32H,0.782542064
p.F32I,0.978031017
p.F32L,0.500628807
p.F32K,0.852791264
p.F32M,0.43204405
p.F32P,0.364466411
p.F32S,1.088630741
p.F32X,-0.16084434
p.F32T,0.805326774
p.F32W,0.8878949
p.F32Y,0.023552298
p.F32V,0.969642872
p.F344F,0.935220036
p.F344A,1.005237174
p.F344R,1.059402642
p.F344N,1.030138076
p.F344D,0.945207313
p.F344C,0.967454333
p.F344E,0.942677433
p.F344G,0.900987182
p.F344H,0.931388475
p.F344I,1.008647827
p.F344L,0.929363219
p.F344K,1.133504887
p.F344M,0.979959868
p.F344P,0.928274258
p.F344S,1.047754454
p.F344X,0.194372963
p.F344T,1.05375157
p.F344W,0.475708636
p.F344Y,1.05492938
p.F344V,0.786082979
p.F383F,0.991658506
p.F383R,1.010018613
p.F383D,1.040480661
p.F383C,0.940719164
p.F383E,0.939723195
p.F383G,1.056490834
p.F383I,0.996592386
p.F383L,0.976691954
p.F383M,0.601129705
p.F383X,-0.066483169
p.F383T,0.813498663
p.F383W,0.840991444
p.F383Y,0.484307193
p.F383V,1.140032251
p.F402F,1.001618384
p.F402A,0.940978549
p.F402R,0.654870012
p.F402N,-0.119927636
p.F402D,0.104966775
p.F402C,1.132049705
p.F402Q,0.22031605
p.F402G,0.306123328
p.F402I,1.119178947
p.F402L,0.95195094
p.F402K,0.037676793
p.F402M,0.608520508
p.F402P,-0.119905217
p.F402S,0.642211255
p.F402X,-0.153747156
p.F402W,0.809653362
p.F402Y,0.70371191
p.F403F,1.019319379
p.F403A,-0.108180637
p.F403R,-0.06773658
p.F403N,-0.024049601
p.F403D,-0.087162013
p.F403C,0.708970213
p.F403E,0.228073655
p.F403G,-0.103906384
p.F403H,0.555681936
p.F403I,1.177166916
p.F403L,0.970275411
p.F403K,-0.095912661
p.F403P,0.029822243
p.F403S,0.228076793
p.F403X,-0.272710407
p.F403T,0.394334788
p.F403W,1.08135434
p.F403Y,1.174684822
p.F403V,1.129566521
p.F512F,1.001066875
p.F512R,0.927044869
p.F512N,1.048511287
p.F512C,0.982628043
p.F512Q,1.224866054
p.F512E,1.076437534
p.F512G,0.980904383
p.F512H,1.188379537
p.F512I,0.896511573
p.F512L,0.923463027
p.F512M,0.835311041
p.F512P,-0.000611067
p.F512S,0.819401165
p.F512X,0.060294623
p.F512T,0.456282025
p.F512W,0.772732409
p.F512Y,1.146538709
p.F512V,0.795312918
p.F530F,1.056526688
p.F530A,0.098208366
p.F530N,1.138811619
p.F530D,0.697426129
p.F530C,1.087829086
p.F530Q,1.051159066
p.F530E,1.146731651
p.F530G,1.084312022
p.F530H,0.844607366
p.F530I,1.533001743
p.F530L,0.956069839
p.F530K,0.897827418
p.F530M,1.214228425
p.F530S,1.096123184
p.F530X,-0.22955249
p.F530T,1.073856435
p.F530W,1.035950086
p.F530Y,0.780107885
p.F530V,0.937035006
p.F609F,0.971257347
p.F609A,1.037595193
p.F609R,0.844079239
p.F609N,0.919241538
p.F609C,0.889701525
p.F609Q,0.459576961
p.F609E,-0.157083539
p.F609G,0.969883143
p.F609H,0.897866104
p.F609I,0.827625746
p.F609L,0.796921759
p.F609K,0.002511564
p.F609M,1.038385108
p.F609P,0.948895735
p.F609S,0.988330594
p.F609X,0.149334324
p.F609T,0.895212712
p.F609W,1.057308335
p.F609Y,0.919732992
p.F609V,0.850905892
p.F614A,-0.23810469
p.F614C,0.905291413
p.F614Q,0.919712698
p.F614E,0.873807832
p.F614G,0.753741853
p.F614I,0.152013751
p.F614L,0.944350465
p.F614P,-0.044246099
p.F614S,0.768290817
p.F614T,0.968830061
p.F614W,0.705800902
p.F614Y,-0.070717926
p.F614V,0.929078485
p.F619A,0.17058858
p.F619R,0.077760638
p.F619N,-0.025427482
p.F619D,-0.109994411
p.F619C,0.428515929
p.F619E,-0.26864473
p.F619G,-0.327347631
p.F619H,0.561089582
p.F619I,0.869750068
p.F619L,0.988832469
p.F619M,0.674731515
p.F619P,0.136348552
p.F619S,0.055538304
p.F619X,-0.22300464
p.F619T,0.853099734
p.F619W,0.949841306
p.F619V,0.901897759
p.F629F,0.680226834
p.F629A,1.097380546
p.F629R,1.113229672
p.F629N,0.754885074
p.F629D,-0.012851011
p.F629C,0.948999128
p.F629Q,0.970688097
p.F629E,1.125434612
p.F629G,0.949432356
p.F629H,0.779208501
p.F629I,1.03309988
p.F629L,1.037563993
p.F629K,0.680051224
p.F629M,0.907138731
p.F629P,0.093777696
p.F629S,1.033431505
p.F629X,-0.085431481
p.F629T,0.796698913
p.F629W,0.559322939
p.F629Y,0.927451999
p.F629V,0.810233804
p.F655F,1.000415295
p.F655A,1.0815874
p.F655R,0.498182746
p.F655N,-0.014075141
p.F655D,0.944891976
p.F655Q,1.050351534
p.F655G,1.249988665
p.F655I,1.083706616
p.F655L,0.793409636
p.F655M,0.331434922
p.F655P,-0.452828493
p.F655S,0.877632497
p.F655W,0.92066485
p.F655V,0.97465311
p.F694A,1.029501784
p.F694R,1.041674829
p.F694N,0.92094499
p.F694D,-0.150102008
p.F694C,0.931946038
p.F694Q,-0.133431216
p.F694E,0.895959654
p.F694G,1.000884835
p.F694H,1.340104984
p.F694I,0.965155583
p.F694L,0.754308394
p.F694K,0.954056163
p.F694M,1.036613054
p.F694P,0.932132567
p.F694S,0.987188144
p.F694X,-0.102897328
p.F694T,0.868165256
p.F694W,0.552796044
p.F694Y,0.908079515
p.F694V,1.004515553
p.F73F,0.787924298
p.F73A,1.023731085
p.F73R,1.034731366
p.F73N,0.734335053
p.F73D,1.039665133
p.F73C,0.929573163
p.F73Q,0.966453483
p.F73E,1.008969989
p.F73G,1.048053796
p.F73H,0.983015602
p.F73I,0.91063365
p.F73L,0.896823225
p.F73K,1.009764386
p.F73M,0.975898405
p.F73P,0.9914141
p.F73S,0.987579718
p.F73X,0.038027638
p.F73T,0.976054371
p.F73W,1.029244456
p.F73Y,0.929555706
p.F73V,0.881167061
p.F801F,0.8281238
p.F801A,1.01088621
p.F801R,-0.279921938
p.F801N,1.032852233
p.F801D,0.168867562
p.F801C,0.941498291
p.F801Q,0.678198242
p.F801E,0.838734595
p.F801G,0.97310324
p.F801H,0.79876961
p.F801I,1.039423932
p.F801L,0.98240782
p.F801K,0.416012316
p.F801M,0.963102609
p.F801P,1.052080767
p.F801S,0.984776143
p.F801X,-0.150908701
p.F801T,1.01510405
p.F801W,0.985796544
p.F801Y,0.957092367
p.F801V,1.027077116
p.F807F,0.861722696
p.F807R,1.028660445
p.F807N,0.972861656
p.F807D,1.00565893
p.F807C,0.799699135
p.F807Q,0.925304968
p.F807E,1.022126653
p.F807G,1.057696107
p.F807H,0.941862151
p.F807I,0.955037629
p.F807L,0.997829316
p.F807K,0.970851511
p.F807M,0.963952153
p.F807P,0.964868036
p.F807S,1.022788642
p.F807X,-0.264714459
p.F807T,0.606815517
p.F807W,-0.179752766
p.F807Y,-0.155208175
p.F807V,1.037977871
p.F823A,0.682967195
p.F823R,0.85123802
p.F823N,0.819369912
p.F823D,0.823974972
p.F823C,0.949954552
p.F823Q,1.007126244
p.F823E,0.921241436
p.F823G,0.9663077
p.F823H,0.096055448
p.F823I,0.967230922
p.F823L,0.447177252
p.F823K,0.774914607
p.F823M,0.956887124
p.F823P,0.20847304
p.F823S,1.031091913
p.F823X,0.386810438
p.F823T,0.935492906
p.F823W,0.950849187
p.F823Y,0.865862062
p.F823V,0.746933569
p.F86F,0.937599546
p.F86A,1.116822308
p.F86R,0.935602929
p.F86N,1.030611203
p.F86D,1.003824137
p.F86C,0.55994167
p.F86Q,0.788550587
p.F86E,0.948623765
p.F86G,0.996859401
p.F86H,1.206871645
p.F86I,1.033245123
p.F86L,1.01588955
p.F86K,0.949967059
p.F86M,-0.102726148
p.F86P,0.836851924
p.F86S,0.773422476
p.F86X,0.13116844
p.F86T,1.073253269
p.F86W,1.005854178
p.F86Y,1.000522008
p.F86V,0.182357422
p.P105P,1.001764976
p.P105A,0.620442662
p.P105R,1.027607892
p.P105N,1.002460373
p.P105D,0.895721825
p.P105C,1.033659815
p.P105Q,1.016343487
p.P105E,0.921465599
p.P105G,0.959409663
p.P105H,0.929317747
p.P105I,0.896916957
p.P105L,0.90405976
p.P105K,0.895910216
p.P105M,1.028372264
p.P105F,0.961203437
p.P105S,0.950989931
p.P105X,-0.009464483
p.P105T,1.049895621
p.P105W,1.017566412
p.P105Y,1.003910733
p.P105V,0.96020186
p.P106P,0.906857658
p.P106A,1.041677722
p.P106R,0.929677027
p.P106N,0.764693701
p.P106D,0.944203659
p.P106C,0.560702884
p.P106Q,0.832935423
p.P106E,0.434111539
p.P106G,0.949257853
p.P106H,0.975735207
p.P106I,0.9538803
p.P106L,0.980783844
p.P106K,0.908739221
p.P106M,0.953005236
p.P106F,1.13641795
p.P106S,1.02040578
p.P106X,0.012811013
p.P106T,1.017950662
p.P106W,0.943434936
p.P106Y,0.879133017
p.P106V,1.050708025
p.P144P,0.985574099
p.P144A,1.001767423
p.P144R,0.997492773
p.P144N,0.844427038
p.P144D,0.846339862
p.P144C,0.764974914
p.P144Q,0.722917489
p.P144E,0.982583453
p.P144G,0.974216089
p.P144H,0.973424676
p.P144I,0.993505978
p.P144L,1.009213256
p.P144K,1.031725501
p.P144M,0.863199145
p.P144F,0.858827215
p.P144S,0.949133172
p.P144X,-0.048825009
p.P144T,0.987584306
p.P144W,0.91666118
p.P144Y,0.694101376
p.P144V,0.938393029
p.P150P,0.502648201
p.P150A,0.897669797
p.P150R,0.954118317
p.P150N,0.693310155
p.P150D,1.024277264
p.P150C,0.847841168
p.P150Q,1.083481391
p.P150E,0.889967769
p.P150G,1.002839485
p.P150H,0.946311573
p.P150I,0.986127501
p.P150L,0.826988179
p.P150K,0.863252977
p.P150M,0.94971804
p.P150F,0.839737937
p.P150S,1.072925565
p.P150X,-0.084010117
p.P150T,0.88517264
p.P150W,1.088006536
p.P150Y,0.972126474
p.P150V,1.041071051
p.P162P,0.762692256
p.P162A,0.797649596
p.P162R,-0.10349653
p.P162N,0.420980587
p.P162D,0.154006135
p.P162C,0.242225903
p.P162Q,0.221359667
p.P162E,0.238821383
p.P162G,0.00607404
p.P162H,1.025124364
p.P162I,-0.119495008
p.P162L,-0.045718702
p.P162M,-0.033629578
p.P162F,0.327407549
p.P162S,0.958330807
p.P162X,-0.069405366
p.P162T,0.707960462
p.P162W,0.74196087
p.P162Y,0.770819912
p.P162V,-0.167166356
p.P171P,1.026388463
p.P171A,0.079241775
p.P171R,0.972756034
p.P171N,0.970295939
p.P171D,0.996755369
p.P171C,0.898138038
p.P171Q,1.034258584
p.P171E,1.008284686
p.P171G,0.922757934
p.P171H,1.014564552
p.P171I,0.988017951
p.P171L,1.012708205
p.P171K,1.038685935
p.P171M,0.941768161
p.P171F,1.025178816
p.P171S,1.015376731
p.P171X,-0.083414676
p.P171T,0.90335667
p.P171W,1.064529118
p.P171Y,1.209842332
p.P171V,1.132970305
p.P181P,1.024923547
p.P181A,0.850966375
p.P181R,1.001353102
p.P181N,0.979456852
p.P181D,1.024850987
p.P181C,0.442918782
p.P181Q,0.993551552
p.P181E,0.990708876
p.P181G,1.030848687
p.P181H,1.108535261
p.P181I,0.967728197
p.P181L,0.994509524
p.P181K,0.072729669
p.P181M,0.980524239
p.P181F,0.738891933
p.P181S,1.066462058
p.P181X,0.113726097
p.P181T,0.957873898
p.P181W,0.736947502
p.P181Y,0.720592616
p.P181V,0.962954987
p.P196P,0.823219102
p.P196A,0.941275192
p.P196R,0.578901652
p.P196N,0.76945289
p.P196D,1.081855491
p.P196C,0.442857829
p.P196Q,1.013016757
p.P196E,0.367802634
p.P196G,1.002886401
p.P196H,0.983934991
p.P196I,0.967551675
p.P196L,1.008062654
p.P196K,0.678838005
p.P196M,0.935822684
p.P196F,0.975938215
p.P196S,0.957167538
p.P196X,-0.232448849
p.P196T,0.883752924
p.P196W,0.706607094
p.P196Y,0.869347022
p.P196V,1.015678654
p.P220P,0.98824318
p.P220A,0.754516115
p.P220R,0.857209369
p.P220N,0.832677423
p.P220D,0.990850772
p.P220C,1.029350225
p.P220Q,1.049153396
p.P220E,0.944309227
p.P220G,1.153258847
p.P220H,0.9048915
p.P220I,1.051196794
p.P220L,1.003037824
p.P220K,0.75567161
p.P220M,0.959274389
p.P220F,0.897077393
p.P220S,0.955799921
p.P220X,-0.027403481
p.P220T,0.776921576
p.P220Y,0.901905409
p.P220V,1.060912636
p.P238P,0.874657373
p.P238A,1.060640757
p.P238R,0.876682283
p.P238N,1.132972356
p.P238D,0.996199609
p.P238C,0.971786359
p.P238Q,0.712069797
p.P238E,1.000850833
p.P238G,0.939602285
p.P238H,0.647300373
p.P238I,0.97166603
p.P238L,1.010953375
p.P238K,1.067881859
p.P238M,0.988300611
p.P238F,1.068968348
p.P238S,1.059157006
p.P238X,0.03959648
p.P238T,0.930059994
p.P238W,0.558261359
p.P238Y,0.756292547
p.P238V,0.992447279
p.P279P,0.915964908
p.P279A,1.075403572
p.P279R,0.909551268
p.P279N,-0.13180534
p.P279D,0.951196802
p.P279C,-0.073475921
p.P279E,1.041071265
p.P279G,1.011251036
p.P279H,1.039654488
p.P279I,0.440175369
p.P279L,0.819165139
p.P279K,1.137922432
p.P279M,1.057282237
p.P279S,1.016422196
p.P279T,0.783653241
p.P279W,0.832025924
p.P279Y,1.127739985
p.P279V,0.863008859
p.P3P,1.00549784
p.P309P,0.312737267
p.P309A,0.932532674
p.P309R,0.642900512
p.P309N,0.715255364
p.P309D,0.068880148
p.P309C,0.157951227
p.P309E,0.785738966
p.P309G,0.321212549
p.P309H,0.623866255
p.P309I,0.767933024
p.P309L,0.64339926
p.P309K,0.939717787
p.P309M,0.847859536
p.P309F,0.939719478
p.P309S,0.892229332
p.P309X,-0.113581142
p.P309T,-0.005691283
p.P309W,0.404927187
p.P309Y,0.451193545
p.P309V,0.47818133
p.P341P,1.124937093
p.P341A,0.853490682
p.P341R,0.973454531
p.P341N,1.016876286
p.P341D,0.813821037
p.P341C,0.850191912
p.P341Q,0.791752474
p.P341E,1.211809664
p.P341G,0.979769905
p.P341H,0.908650916
p.P341I,0.937940845
p.P341L,1.01221723
p.P341K,1.023003479
p.P341M,0.898508321
p.P341F,0.696181004
p.P341S,0.957136054
p.P341X,-0.151363953
p.P341T,1.042304086
p.P341W,0.622821336
p.P341Y,0.975771494
p.P341V,0.863773481
p.P361P,1.096088729
p.P361A,0.088096552
p.P361R,0.539054314
p.P361N,0.860920517
p.P361D,-0.50116263
p.P361C,0.893035553
p.P361Q,0.942964983
p.P361G,0.165017715
p.P361H,1.170011426
p.P361L,1.006821299
p.P361K,1.027082543
p.P361F,0.563243283
p.P361S,1.021108535
p.P361X,-0.031144205
p.P361W,0.953666023
p.P361Y,0.899312973
p.P361V,1.060276402
p.P387P,0.958620224
p.P387A,1.079047265
p.P387R,0.927156756
p.P387C,0.157764226
p.P387E,1.029073562
p.P387H,0.270521538
p.P387L,0.877622624
p.P387S,1.200167177
p.P387X,0.162085273
p.P387W,1.109589653
p.P387V,0.951986988
p.P3A,1.006694122
p.P3R,0.956930143
p.P3N,0.664142531
p.P3D,1.068029736
p.P3C,1.083198709
p.P3Q,0.903145286
p.P3E,0.955216125
p.P3G,1.081507861
p.P3H,0.894086432
p.P3I,1.004304388
p.P3L,0.982796875
p.P3K,0.924630083
p.P3M,0.341962737
p.P3F,1.074428515
p.P3S,1.034892499
p.P3X,-0.200919253
p.P3T,0.795344259
p.P3W,0.157927612
p.P3Y,1.021613206
p.P3V,0.958979426
p.P424R,0.934784663
p.P424N,0.983709146
p.P424E,0.04039814
p.P424G,0.571962384
p.P424L,0.040287146
p.P424F,1.143228586
p.P424S,1.035363283
p.P424T,1.152352588
p.P424V,1.000804737
p.P476P,1.056729059
p.P476R,0.807796292
p.P476D,0.235361354
p.P476C,0.073992631
p.P476G,0.726652073
p.P476H,0.633250024
p.P476I,0.715640748
p.P476L,0.9188947
p.P476K,0.674695953
p.P476M,0.656085088
p.P476F,0.725973885
p.P476S,1.023332744
p.P476X,-0.012742774
p.P476T,1.184558285
p.P476W,0.176119776
p.P476Y,0.596820488
p.P519P,1.0025628
p.P519A,0.988651439
p.P519R,0.117309187
p.P519N,0.916803914
p.P519C,0.938391447
p.P519Q,1.122511262
p.P519G,0.96034355
p.P519H,0.761944913
p.P519I,0.965972579
p.P519L,1.032061803
p.P519K,-0.110364047
p.P519M,0.909999084
p.P519F,0.934326161
p.P519S,0.971176369
p.P519X,-0.022904028
p.P519T,0.925393008
p.P519W,0.92249129
p.P519Y,1.070035835
p.P519V,0.902751252
p.P526P,0.933924859
p.P526A,1.104226457
p.P526R,-0.084107896
p.P526N,0.890025217
p.P526D,-0.107374619
p.P526C,0.692916178
p.P526Q,0.583910344
p.P526E,-0.09519011
p.P526H,0.781940183
p.P526I,0.903581696
p.P526L,0.951499276
p.P526K,0.066066428
p.P526M,0.972396214
p.P526F,-0.129009295
p.P526S,0.888981193
p.P526X,-0.05188161
p.P526T,0.842897535
p.P526W,-0.151955942
p.P526Y,-0.031735859
p.P526V,0.804128247
p.P539P,1.073626038
p.P539A,0.730453333
p.P539R,0.968873173
p.P539N,0.943832251
p.P539D,1.007217341
p.P539C,0.992587208
p.P539Q,0.260092759
p.P539E,1.060353106
p.P539G,0.882184723
p.P539H,1.015013868
p.P539I,1.052337858
p.P539L,0.883681501
p.P539K,0.963098152
p.P539M,0.665418757
p.P539F,1.001402377
p.P539S,0.823107211
p.P539X,-0.068268501
p.P539T,0.84555857
p.P539W,1.049158573
p.P539Y,1.000984998
p.P539V,0.951820761
p.P563P,0.994877096
p.P563A,0.316203033
p.P563R,-0.152786509
p.P563N,-0.186288301
p.P563C,1.050082972
p.P563Q,0.021056734
p.P563E,-0.177974848
p.P563G,-0.164159153
p.P563H,0.044474428
p.P563I,0.690982072
p.P563L,0.791584654
p.P563M,0.336550368
p.P563F,-0.201647614
p.P563S,-0.138585155
p.P563X,-0.098446611
p.P563T,-0.082121387
p.P563Y,0.076645174
p.P563V,0.865312119
p.P608P,0.972061335
p.P608A,0.880399726
p.P608R,-0.105910849
p.P608N,0.022573593
p.P608D,-0.048905442
p.P608C,0.42730287
p.P608E,-0.04292795
p.P608G,0.988008046
p.P608H,-0.047749724
p.P608I,0.847768788
p.P608L,0.774438951
p.P608K,0.082588942
p.P608M,-0.179900982
p.P608F,0.262508233
p.P608S,1.007349992
p.P608X,0.347250904
p.P608T,0.930624301
p.P608W,0.261847869
p.P608Y,0.375727353
p.P608V,0.882841921
p.P649P,0.952392777
p.P649A,1.041446058
p.P649R,-0.371575766
p.P649N,0.555395282
p.P649C,1.12290859
p.P649Q,-0.242003428
p.P649E,-0.139298698
p.P649G,0.903652852
p.P649H,-0.265646625
p.P649I,-0.079179076
p.P649L,0.388003998
p.P649F,-0.097582583
p.P649S,0.910908875
p.P649X,0.300093809
p.P649T,1.091398813
p.P661P,1.019311222
p.P661A,0.120864691
p.P661R,0.927667829
p.P661D,0.223066394
p.P661C,-0.071729951
p.P661Q,0.973026855
p.P661G,0.12048195
p.P661H,0.984122308
p.P661I,-0.246108575
p.P661L,1.013661684
p.P661K,1.083026249
p.P661S,0.92259328
p.P661X,0.003383419
p.P661T,0.667416912
p.P661Y,1.024103814
p.P661V,0.508294985
p.P683P,0.968939206
p.P683A,1.046336603
p.P683R,0.820275704
p.P683N,0.928095586
p.P683D,0.098368787
p.P683C,1.014609811
p.P683Q,1.004830434
p.P683E,0.41013269
p.P683G,1.016784023
p.P683H,1.017294947
p.P683I,0.94841032
p.P683L,0.973819494
p.P683K,1.040981486
p.P683M,0.636949231
p.P683F,0.842490514
p.P683S,0.968136054
p.P683X,0.09032227
p.P683T,0.844368302
p.P683W,0.616144259
p.P683Y,0.410505938
p.P683V,1.013983238
p.P685P,0.951855399
p.P685A,1.012786233
p.P685R,0.988428374
p.P685N,0.91949757
p.P685D,0.885953229
p.P685C,0.573800563
p.P685Q,-0.155520216
p.P685E,0.860634154
p.P685G,1.001790481
p.P685H,1.080231674
p.P685I,1.028168099
p.P685L,0.919749899
p.P685K,0.839129167
p.P685M,0.761041723
p.P685F,0.926277905
p.P685S,0.958197304
p.P685X,0.123505651
p.P685T,1.098710147
p.P685W,0.807190996
p.P685Y,0.316725936
p.P685V,1.022175907
p.P689P,1.027489279
p.P689A,0.981349443
p.P689R,0.992778669
p.P689N,0.952082436
p.P689D,0.777626432
p.P689C,1.010620244
p.P689Q,1.059762836
p.P689E,0.095000614
p.P689G,0.986321945
p.P689H,1.215560874
p.P689I,0.948062172
p.P689L,0.909188029
p.P689K,0.974289404
p.P689M,1.040508337
p.P689F,1.03473395
p.P689S,1.026652506
p.P689X,0.042449356
p.P689T,0.876923486
p.P689W,0.887613597
p.P689Y,0.514673842
p.P689V,0.99808965
p.P692P,1.013231629
p.P692A,-0.056007144
p.P692R,0.957945877
p.P692N,1.082295508
p.P692C,1.083201998
p.P692E,1.034484392
p.P692G,0.854016932
p.P692H,0.981147894
p.P692I,0.925461506
p.P692L,0.796391487
p.P692M,0.206360369
p.P692F,0.995113269
p.P692S,0.859386061
p.P692X,-0.090499747
p.P692T,0.238648733
p.P692W,0.886252816
p.P692Y,0.93997559
p.P692V,1.086308668
p.P699P,1.075969943
p.P699A,1.024796247
p.P699R,0.976807962
p.P699N,0.598643099
p.P699E,0.51274323
p.P699G,-0.202776121
p.P699L,0.992843133
p.P699K,-0.428873511
p.P699M,0.038641105
p.P699S,1.010628096
p.P699X,-0.33285341
p.P699T,0.985478657
p.P699W,1.103244546
p.P699Y,0.001510057
p.P699V,0.88036871
p.P745P,0.990474566
p.P745A,0.994722751
p.P745R,1.005377059
p.P745N,0.734276019
p.P745D,1.050901759
p.P745C,1.015220981
p.P745Q,0.849408936
p.P745E,0.910236627
p.P745G,0.96704327
p.P745H,1.018323617
p.P745I,1.030857197
p.P745L,1.049831309
p.P745K,1.013660875
p.P745M,1.067097651
p.P745F,1.003122874
p.P745S,0.625656339
p.P745X,-0.182002615
p.P745T,1.002271749
p.P745W,1.027500184
p.P745Y,1.034261999
p.P745V,0.951196882
p.P747P,1.006740597
p.P747A,0.939100634
p.P747R,0.970425674
p.P747N,0.969906361
p.P747D,0.974090394
p.P747C,0.986444136
p.P747Q,1.059872946
p.P747E,1.057834539
p.P747G,0.996092894
p.P747H,1.00846549
p.P747I,1.088846312
p.P747L,0.564185255
p.P747K,0.993087448
p.P747M,0.695115653
p.P747F,0.534384896
p.P747S,1.078463551
p.P747X,-0.21315748
p.P747T,0.263156866
p.P747W,0.996981901
p.P747Y,1.038517574
p.P747V,0.984192812
p.P753P,0.953572635
p.P753A,0.971539642
p.P753R,0.998281028
p.P753N,0.998555094
p.P753D,1.050642949
p.P753C,0.984277382
p.P753Q,0.863162506
p.P753E,0.903169963
p.P753G,1.030819746
p.P753H,0.974815473
p.P753I,1.017005606
p.P753L,0.858365748
p.P753K,0.995560764
p.P753M,1.026247992
p.P753F,0.983233412
p.P753S,1.055184463
p.P753X,-0.217326627
p.P753T,1.007757677
p.P753W,0.857059866
p.P753Y,0.968704537
p.P753V,1.026153872
p.P757P,0.993899181
p.P757A,1.012977289
p.P757R,1.022049354
p.P757N,0.516608787
p.P757D,0.985492286
p.P757C,0.650269739
p.P757Q,0.997164344
p.P757E,1.028578141
p.P757G,0.554499591
p.P757H,1.023695421
p.P757I,0.796834544
p.P757L,0.99481921
p.P757K,0.825388038
p.P757M,1.03793591
p.P757F,0.820938854
p.P757S,0.985054626
p.P757X,-0.111735594
p.P757T,1.067211657
p.P757W,0.978906448
p.P757Y,1.002952525
p.P757V,1.061751181
p.P784P,1.028596538
p.P784A,1.045105895
p.P784R,1.015439471
p.P784D,0.848231481
p.P784C,0.665661472
p.P784Q,1.035821532
p.P784E,0.926486563
p.P784G,1.009404459
p.P784H,0.636216924
p.P784I,1.001203306
p.P784L,0.881502212
p.P784K,0.979561842
p.P784M,1.203127417
p.P784F,-0.385995653
p.P784S,0.939526931
p.P784X,-0.242442333
p.P784T,1.013048849
p.P784W,1.060210929
p.P784Y,1.041937257
p.P784V,1.009280222
p.P795P,0.924554617
p.P795A,0.951435381
p.P795R,0.90015997
p.P795N,0.87509241
p.P795D,0.667386703
p.P795C,0.851124403
p.P795Q,0.889419315
p.P795E,0.960981363
p.P795G,0.75236066
p.P795H,0.966620013
p.P795I,0.948420372
p.P795L,1.005703421
p.P795K,0.520245721
p.P795M,1.00726292
p.P795F,1.02792652
p.P795S,0.69820376
p.P795X,-0.202760778
p.P795T,0.77303359
p.P795Y,0.65691077
p.P795V,0.187648148
p.P826P,0.975934075
p.P826A,1.065424521
p.P826R,0.879141501
p.P826N,1.004954934
p.P826D,0.779589842
p.P826C,1.047853456
p.P826Q,0.782969267
p.P826E,0.920756653
p.P826G,0.834765925
p.P826H,0.958848978
p.P826I,0.710792144
p.P826L,0.899757696
p.P826M,0.963687158
p.P826F,0.97698933
p.P826S,1.011260868
p.P826X,0.584746127
p.P826T,0.938033214
p.P826W,1.060679162
p.P826Y,0.997388041
p.P826V,1.026213425
p.P84P,0.97728745
p.P848P,0.990624218
p.P848A,0.98690115
p.P848R,1.017947557
p.P848N,0.834004414
p.P848D,1.002567553
p.P848C,1.037624773
p.P848Q,1.003753365
p.P848E,0.979312981
p.P848G,1.049694284
p.P848H,0.826643678
p.P848I,0.980278329
p.P848L,1.071353103
p.P848K,0.995407957
p.P848M,0.380253352
p.P848F,0.948002293
p.P848S,1.023742309
p.P848X,0.180189499
p.P848T,0.993231744
p.P848W,0.940158514
p.P848V,1.072784375
p.P84A,0.952315213
p.P84R,0.947452134
p.P84N,0.939130318
p.P84D,0.870493129
p.P84C,0.888571912
p.P84Q,1.021033412
p.P84E,0.969629436
p.P84G,0.954898075
p.P84H,0.803905333
p.P84I,1.063984059
p.P84L,0.86633979
p.P84K,0.877863072
p.P84F,0.837542086
p.P84S,0.976879359
p.P84X,-0.062706413
p.P84T,1.007833312
p.P84W,1.193458806
p.P84Y,0.991387156
p.P84V,0.994280764
p.S110S,0.863404011
p.S110A,1.030161556
p.S110R,0.960546783
p.S110N,1.01068074
p.S110D,0.972826863
p.S110C,1.092417082
p.S110Q,1.028630929
p.S110E,1.152292871
p.S110G,1.060987004
p.S110H,0.866414222
p.S110I,0.453357962
p.S110L,1.074760312
p.S110K,1.021491639
p.S110M,0.32714281
p.S110F,0.899304967
p.S110P,0.985012094
p.S110X,-0.129086541
p.S110T,0.922846273
p.S110W,0.835614313
p.S110Y,1.067134254
p.S110V,1.030308021
p.S123S,0.929675485
p.S123A,0.115062695
p.S123R,1.019984644
p.S123N,1.018073289
p.S123D,1.002313605
p.S123C,0.92282272
p.S123G,1.102019531
p.S123H,1.08608116
p.S123I,1.009395733
p.S123L,0.926451374
p.S123K,0.000737842
p.S123M,1.064976736
p.S123F,1.159863896
p.S123P,0.93414396
p.S123X,0.097413336
p.S123T,1.069664146
p.S123W,0.755889077
p.S123Y,1.058076503
p.S123V,0.79908971
p.S130S,1.016812727
p.S130A,0.973184725
p.S130R,0.915091629
p.S130N,0.974649153
p.S130D,0.93296571
p.S130C,0.962279788
p.S130Q,1.034873841
p.S130E,0.116542897
p.S130G,0.935568657
p.S130H,0.752951675
p.S130I,0.977376637
p.S130L,0.980494618
p.S130K,0.855212557
p.S130M,1.014211016
p.S130F,1.020069237
p.S130P,-0.080476995
p.S130X,0.037174002
p.S130T,0.964286962
p.S130W,1.049332933
p.S130Y,0.913642008
p.S130V,1.003382385
p.S138S,1.06113131
p.S138A,0.427507833
p.S138R,0.944846526
p.S138N,0.944301439
p.S138D,1.025517028
p.S138C,1.003223981
p.S138Q,0.930378253
p.S138E,1.0987707
p.S138G,1.054152306
p.S138H,0.922377783
p.S138I,0.999666765
p.S138L,0.949143488
p.S138K,1.120663955
p.S138M,1.046384361
p.S138F,0.496007345
p.S138P,-0.059537422
p.S138X,-0.02396615
p.S138T,0.785600255
p.S138W,0.888794386
p.S138Y,0.931883713
p.S138V,0.979417818
p.S142S,0.771272431
p.S142A,0.926043222
p.S142R,1.057026509
p.S142N,1.003532675
p.S142D,0.974907965
p.S142C,0.796068555
p.S142Q,1.074171263
p.S142E,0.92228308
p.S142G,0.942599087
p.S142H,1.000453333
p.S142I,1.036569459
p.S142L,0.966080561
p.S142K,1.007855243
p.S142M,0.051342929
p.S142F,1.023511421
p.S142P,0.982903492
p.S142X,-0.027577635
p.S142T,0.959288144
p.S142W,0.964893461
p.S142Y,1.051915669
p.S142V,0.905657637
p.S152S,0.992689578
p.S152A,0.976950918
p.S152R,0.862957741
p.S152N,0.936715204
p.S152D,0.51992172
p.S152C,0.750051901
p.S152Q,0.897519159
p.S152E,0.812677877
p.S152G,0.957369371
p.S152I,0.72833946
p.S152L,0.871637935
p.S152K,1.00728777
p.S152M,1.185108384
p.S152F,1.012237786
p.S152P,0.074537277
p.S152X,0.120702099
p.S152T,0.931297648
p.S152W,1.099330756
p.S152Y,1.042996652
p.S152V,0.901149205
p.S157S,0.926076952
p.S157A,1.057920606
p.S157R,0.944768594
p.S157N,1.19678383
p.S157D,0.893591778
p.S157C,0.162053721
p.S157E,0.987550474
p.S157G,0.991861477
p.S157H,0.959115589
p.S157I,0.789979046
p.S157L,0.985947009
p.S157K,0.457689265
p.S157M,0.576068869
p.S157F,0.979264322
p.S157P,0.937542519
p.S157X,-0.068693345
p.S157T,1.137238166
p.S157W,0.958925618
p.S157Y,0.065028757
p.S157V,0.873461982
p.S158S,1.006789426
p.S158A,0.918364036
p.S158R,0.961651052
p.S158N,1.042119865
p.S158D,0.956095306
p.S158C,0.935443316
p.S158Q,0.99744019
p.S158E,1.072120534
p.S158G,0.987383826
p.S158H,1.18827097
p.S158I,0.894592913
p.S158L,0.585761322
p.S158K,0.979840224
p.S158M,0.08934455
p.S158F,1.013180002
p.S158P,0.757463924
p.S158X,-0.18339715
p.S158T,0.765119678
p.S158W,0.930602983
p.S158Y,0.926881131
p.S158V,0.970201024
p.S177S,1.030995066
p.S177A,0.270034951
p.S177R,0.01858694
p.S177N,-0.040331998
p.S177D,0.992696845
p.S177C,-0.051383068
p.S177Q,0.044684358
p.S177E,0.395067706
p.S177G,0.107767664
p.S177H,-0.155874581
p.S177I,-0.135744281
p.S177L,-0.049630917
p.S177K,0.006904641
p.S177M,-0.174766383
p.S177F,-0.118374314
p.S177P,0.004903376
p.S177X,-0.116242568
p.S177T,0.357136557
p.S177W,0.134946583
p.S177Y,-0.045794532
p.S177V,-0.052382264
p.S194S,0.907598077
p.S194A,0.753661605
p.S194R,0.981784935
p.S194N,0.894977255
p.S194D,0.992817976
p.S194C,1.075081647
p.S194Q,0.958401911
p.S194E,0.845391035
p.S194G,0.928096392
p.S194I,1.008612882
p.S194L,0.563858617
p.S194K,1.13940651
p.S194M,1.017377235
p.S194F,-0.162059743
p.S194X,-0.017222404
p.S194T,0.806809033
p.S194W,0.996301308
p.S194Y,0.905989176
p.S194V,0.917871732
p.S195S,1.072533649
p.S195A,0.860450093
p.S195R,0.778144128
p.S195N,0.97038855
p.S195D,0.96230417
p.S195C,1.101598906
p.S195G,1.216786755
p.S195I,1.031082068
p.S195L,0.71739142
p.S195K,1.062280584
p.S195M,0.79540441
p.S195F,1.032481526
p.S195P,1.25916925
p.S195X,-0.015459835
p.S195T,1.019749846
p.S195W,1.014324822
p.S195Y,0.832467212
p.S195V,0.976654323
p.S198S,0.7500044
p.S198A,1.000180586
p.S198R,1.044603849
p.S198N,0.050556546
p.S198D,1.019340483
p.S198C,1.065582306
p.S198Q,0.767172003
p.S198E,0.890669531
p.S198G,0.904274306
p.S198H,0.606574826
p.S198I,1.094141821
p.S198L,0.978335469
p.S198K,0.63907116
p.S198F,1.049816087
p.S198P,0.915148109
p.S198X,-0.196042938
p.S198T,1.147754696
p.S198W,0.948592581
p.S198Y,1.073232966
p.S198V,0.986863337
p.S206S,1.235949477
p.S206A,0.948517634
p.S206R,0.09210582
p.S206N,-0.074253101
p.S206D,1.062412418
p.S206C,0.079981618
p.S206G,0.52558231
p.S206I,0.115887529
p.S206L,0.714238747
p.S206F,0.364963365
p.S206X,-0.20734074
p.S206T,0.108097104
p.S206Y,0.608006284
p.S206V,-0.001377943
p.S212S,1.057816648
p.S212A,0.867400725
p.S212R,-0.180560033
p.S212N,0.988317645
p.S212D,0.800446494
p.S212C,0.745260681
p.S212E,1.060977493
p.S212I,0.924040742
p.S212L,0.970658026
p.S212M,1.228931551
p.S212F,0.99047583
p.S212P,0.044755353
p.S212X,-0.050508479
p.S212T,0.99719273
p.S212W,0.927637401
p.S212Y,0.792831032
p.S212V,0.960497459
p.S213S,0.037370323
p.S213D,-0.156884312
p.S213C,1.176899354
p.S213G,0.962574826
p.S213I,1.030811113
p.S213K,1.18563792
p.S213F,1.114594736
p.S213T,0.78566553
p.S213W,-0.129116979
p.S213Y,0.022282835
p.S213V,1.057528306
p.S226S,0.925739574
p.S226A,0.745184376
p.S226R,0.604603693
p.S226N,0.688546996
p.S226D,-0.073159552
p.S226C,-0.174160076
p.S226Q,0.27476348
p.S226E,0.399865988
p.S226G,0.891798311
p.S226H,0.73875675
p.S226I,0.454494549
p.S226L,0.914777451
p.S226K,-0.091950797
p.S226M,0.620648474
p.S226F,0.786549692
p.S226P,0.309224581
p.S226X,-0.054150323
p.S226T,0.800997402
p.S226Y,0.695721738
p.S226V,-0.227735639
p.S244S,0.691798748
p.S244A,0.847500997
p.S244R,0.794092728
p.S244N,0.994630567
p.S244D,0.951325493
p.S244C,1.178927092
p.S244Q,0.934882809
p.S244E,1.070317251
p.S244G,0.96577974
p.S244I,1.142177608
p.S244L,0.976590026
p.S244M,0.838259575
p.S244F,1.138176704
p.S244P,1.043538606
p.S244X,0.09583394
p.S244T,0.948523462
p.S244W,0.891481703
p.S244Y,1.009053872
p.S244V,1.002540991
p.S252S,0.89470139
p.S252A,0.781076366
p.S252R,0.743531335
p.S252N,1.035162763
p.S252D,1.065886201
p.S252C,0.846460372
p.S252Q,1.167217361
p.S252E,1.096004032
p.S252G,1.02887212
p.S252H,1.000690748
p.S252I,0.962910294
p.S252L,0.923993551
p.S252K,0.942825951
p.S252F,0.40784509
p.S252P,0.848528368
p.S252X,0.01961309
p.S252T,0.492264558
p.S252W,0.900921516
p.S252Y,0.741475285
p.S252V,1.023788081
p.S265S,0.932873344
p.S265A,0.887786811
p.S265R,0.944326292
p.S265N,0.724351164
p.S265D,1.073989036
p.S265C,0.911649671
p.S265Q,0.98542756
p.S265E,0.979437504
p.S265G,0.931529679
p.S265H,1.025780634
p.S265I,0.856628815
p.S265L,0.766769557
p.S265K,0.837529272
p.S265M,0.764605271
p.S265F,0.874872513
p.S265P,1.002914672
p.S265X,-0.09548604
p.S265T,1.126206701
p.S265W,0.903278081
p.S265Y,1.038513171
p.S265V,1.163771572
p.S286S,1.104897967
p.S286A,0.828541949
p.S286R,0.755740014
p.S286N,0.825663883
p.S286D,-0.11955342
p.S286C,0.732972343
p.S286Q,1.013661003
p.S286E,0.894005373
p.S286G,1.012604734
p.S286H,0.754344377
p.S286I,1.268948913
p.S286L,-0.160470245
p.S286K,0.79744686
p.S286M,0.412037236
p.S286F,0.613731183
p.S286P,0.752750887
p.S286X,-0.347214062
p.S286T,0.981143746
p.S286W,0.942672293
p.S286Y,0.501921683
p.S286V,0.845585738
p.S306S,1.025026802
p.S306A,0.740162111
p.S306R,0.419155297
p.S306N,0.139896324
p.S306D,0.576205168
p.S306C,0.283112093
p.S306Q,0.16708238
p.S306E,0.563989355
p.S306G,0.774712734
p.S306H,0.382906556
p.S306I,0.354620522
p.S306L,0.245343657
p.S306K,0.336074722
p.S306M,0.297680794
p.S306F,0.530024864
p.S306P,-0.146542151
p.S306X,-0.1394025
p.S306T,0.904198842
p.S306W,0.089616999
p.S306Y,0.37968948
p.S306V,0.283237845
p.S326S,1.069666868
p.S326A,0.986591323
p.S326R,1.023453153
p.S326N,0.913915404
p.S326D,1.040666678
p.S326C,0.402719688
p.S326Q,0.703368786
p.S326E,0.88745451
p.S326G,0.981120375
p.S326H,1.000084499
p.S326I,0.777841426
p.S326L,0.986344998
p.S326M,0.130606916
p.S326F,0.858999424
p.S326P,0.837638013
p.S326X,0.260811702
p.S326T,0.908284176
p.S326W,0.73827075
p.S326Y,0.922166407
p.S326V,0.838867981
p.S365S,0.737158392
p.S365A,0.925242798
p.S365R,1.045061047
p.S365N,1.003182811
p.S365D,1.044427974
p.S365C,0.9528432
p.S365E,0.986746941
p.S365G,1.05173056
p.S365I,0.845250842
p.S365L,1.074138903
p.S365K,0.908469979
p.S365M,1.205226657
p.S365F,1.007592293
p.S365X,-0.169992149
p.S365T,1.029053647
p.S365W,1.112809043
p.S365Y,0.939418889
p.S365V,1.059984648
p.S397S,0.815030554
p.S397R,0.995805325
p.S397D,1.041848225
p.S397C,0.998963928
p.S397E,0.976264287
p.S397H,1.169365057
p.S397I,0.65714028
p.S397L,1.111564599
p.S397M,0.608568077
p.S397F,0.977326347
p.S397X,-0.086465402
p.S397W,1.030864825
p.S397V,1.051852147
p.S41S,1.059792736
p.S417S,1.038371628
p.S417R,1.070935826
p.S417N,0.620062842
p.S417C,1.021768586
p.S417E,1.051551351
p.S417G,1.065766207
p.S417H,-0.100065673
p.S417I,1.19326397
p.S417L,0.985850424
p.S417M,0.253755839
p.S417X,0.083414102
p.S417T,0.985149499
p.S417V,1.00992781
p.S41A,0.983096305
p.S41R,0.956765013
p.S41N,0.913667486
p.S41D,1.135292798
p.S41C,1.073600888
p.S41Q,1.060251244
p.S41E,0.866210891
p.S41G,0.999021614
p.S41H,1.138247385
p.S41I,0.971516351
p.S41L,0.967953769
p.S41K,0.552450585
p.S41M,1.032373544
p.S41F,1.181087797
p.S41P,0.963337568
p.S41X,-0.135055735
p.S41T,0.564672745
p.S41W,1.01997686
p.S41Y,1.010690324
p.S41V,0.958224398
p.S421S,0.87946743
p.S421A,0.989333968
p.S421R,1.063471531
p.S421N,0.886705928
p.S421D,1.133251929
p.S421Q,0.61384329
p.S421G,1.001030414
p.S421H,0.900239636
p.S421I,0.865134462
p.S421L,0.747231887
p.S421K,1.09048893
p.S421M,1.119145245
p.S421F,0.48175477
p.S421P,1.015313005
p.S421X,-0.192135651
p.S421W,0.46572887
p.S421Y,1.015891007
p.S421V,1.012456078
p.S438S,1.057788733
p.S438A,0.890838108
p.S438R,0.798055163
p.S438N,0.920414876
p.S438D,1.009780953
p.S438Q,1.014979433
p.S438E,0.919552714
p.S438G,1.112458513
p.S438I,0.919789546
p.S438L,1.07590335
p.S438K,0.424153609
p.S438M,1.009657497
p.S438F,0.910029931
p.S438X,-0.029116402
p.S438T,0.987820481
p.S438W,0.189533642
p.S438V,1.002222729
p.S444S,0.70567459
p.S444A,1.081165507
p.S444R,0.250987172
p.S444Q,-0.023568181
p.S444G,0.639762736
p.S444H,0.680702713
p.S444P,-0.176090922
p.S444X,-0.041949781
p.S444T,0.93746265
p.S444W,0.891863276
p.S444Y,0.615052846
p.S444V,0.994593033
p.S447S,0.99534981
p.S447A,1.04020639
p.S447N,0.46100175
p.S447D,1.071788866
p.S447Q,1.153564336
p.S447E,0.854145574
p.S447I,1.060166498
p.S447K,1.014281745
p.S447M,0.74195997
p.S447F,0.68174726
p.S447P,0.84769622
p.S447T,1.015126583
p.S447W,0.966256742
p.S447Y,1.06461118
p.S447V,1.159956945
p.S453S,1.064750557
p.S453A,0.59909167
p.S453R,0.927218036
p.S453N,0.881234356
p.S453D,1.083488789
p.S453C,1.046925358
p.S453Q,0.484087689
p.S453E,1.090556368
p.S453G,0.959835125
p.S453H,1.079643026
p.S453I,1.051421751
p.S453L,0.941694511
p.S453K,1.090553214
p.S453M,0.979970377
p.S453F,1.100062645
p.S453P,0.165671728
p.S453X,-0.134523383
p.S453T,0.902361882
p.S453W,0.873702842
p.S453Y,0.981933946
p.S453V,0.736238116
p.S463S,0.22271
p.S463R,0.960240457
p.S463G,0.955559397
p.S463L,0.981032357
p.S463K,0.991867455
p.S463F,0.978591163
p.S463P,1.279507939
p.S463X,0.086092189
p.S463W,0.795249393
p.S463Y,1.013689177
p.S464S,0.852182059
p.S464R,1.111841405
p.S464N,1.068045678
p.S464D,0.933230796
p.S464C,1.018005385
p.S464Q,1.005631843
p.S464I,0.493003972
p.S464L,0.936147506
p.S464K,0.206677376
p.S464M,1.120477786
p.S464F,0.927058521
p.S464T,1.357264308
p.S464W,0.798449779
p.S464Y,1.035643468
p.S470R,0.807494016
p.S470N,0.764912929
p.S470D,0.971124368
p.S470C,1.030859044
p.S470Q,0.837486145
p.S470G,0.864887768
p.S470I,1.038987683
p.S470T,-0.143971116
p.S470W,0.823656391
p.S470V,1.107743702
p.S486S,1.035264908
p.S486A,0.135197592
p.S486N,1.099057656
p.S486D,0.386535888
p.S486C,0.516667226
p.S486G,1.005901434
p.S486H,0.936170234
p.S486I,-0.02258878
p.S486L,0.954183519
p.S486K,0.225648557
p.S486M,0.713098196
p.S486F,1.07635202
p.S486P,1.063297583
p.S486X,0.388874795
p.S486Y,0.661465406
p.S486V,0.934548038
p.S49S,0.990480089
p.S493S,1.129553075
p.S493R,0.655550697
p.S493N,1.116384243
p.S493D,0.370578612
p.S493I,0.821278225
p.S493L,0.656371577
p.S493M,0.3150884
p.S493F,0.79776356
p.S493X,0.090314065
p.S493T,1.027787854
p.S493Y,1.063118459
p.S493V,0.931624886
p.S499S,0.914405044
p.S499A,1.025267451
p.S499R,0.76006761
p.S499N,1.003741326
p.S499D,0.930362931
p.S499C,0.923589772
p.S499Q,1.084666652
p.S499E,0.832085624
p.S499H,1.029739807
p.S499I,0.983262811
p.S499L,1.081756702
p.S499K,0.82804904
p.S499M,1.050713467
p.S499F,0.991503676
p.S499P,-0.193247334
p.S499X,0.058801771
p.S499T,0.888552658
p.S499Y,1.044609669
p.S499V,0.655327378
p.S49A,1.07440935
p.S49R,1.021875569
p.S49N,0.864623686
p.S49D,0.956568587
p.S49C,1.009157056
p.S49Q,1.02964311
p.S49G,1.041342539
p.S49H,1.114454518
p.S49I,0.908042406
p.S49L,0.944352469
p.S49K,1.024750296
p.S49M,1.055752276
p.S49F,0.854812952
p.S49P,0.860604805
p.S49X,0.000679604
p.S49T,0.825832452
p.S49W,0.99457679
p.S49Y,0.876069048
p.S49V,0.794617384
p.S517S,1.024549664
p.S517A,0.942445193
p.S517R,0.944551529
p.S517N,0.967122417
p.S517D,1.243477468
p.S517C,1.013519315
p.S517Q,1.147169687
p.S517E,0.890332497
p.S517G,0.802234641
p.S517H,1.056934628
p.S517I,1.063865981
p.S517L,0.942622289
p.S517K,0.889647859
p.S517M,0.953381271
p.S517F,0.909824199
p.S517P,0.875885856
p.S517X,-0.008347273
p.S517T,1.06231016
p.S517W,0.822745857
p.S517Y,1.017834833
p.S517V,0.989176918
p.S554S,1.029409418
p.S554A,0.951513974
p.S554R,0.91290633
p.S554N,1.184598617
p.S554D,1.077542552
p.S554C,0.902351861
p.S554E,0.979023755
p.S554G,0.817547266
p.S554I,0.945859839
p.S554L,0.90372781
p.S554K,0.908953633
p.S554M,1.123548167
p.S554F,0.919713381
p.S554P,0.583792942
p.S554X,0.364227492
p.S554T,1.083199664
p.S554W,1.007537287
p.S554Y,0.753435296
p.S554V,1.006679911
p.S56S,0.951327873
p.S56A,1.059944495
p.S56R,0.829097411
p.S56N,0.976898007
p.S56D,0.989721265
p.S56C,0.967544174
p.S56Q,1.047190906
p.S56E,0.131672962
p.S56G,1.06609943
p.S56H,0.946504031
p.S56I,1.081935476
p.S56L,1.025308335
p.S56K,1.001509838
p.S56M,0.995763221
p.S56F,1.076206512
p.S56P,0.882834182
p.S56X,0.024910294
p.S56T,1.044602565
p.S56W,1.129064526
p.S56Y,0.994932107
p.S56V,0.96655913
p.S572S,0.776077125
p.S572R,1.040620411
p.S572N,0.890119511
p.S572D,1.179465639
p.S572C,1.059400869
p.S572Q,1.117557751
p.S572E,1.054734905
p.S572G,0.962707245
p.S572I,0.467645568
p.S572L,0.9889496
p.S572K,0.924886147
p.S572M,1.057103416
p.S572F,0.317758018
p.S572T,0.6749659
p.S572W,1.007010434
p.S572Y,1.08456156
p.S572V,0.989206325
p.S580S,1.052543972
p.S580A,0.00325675
p.S580R,1.175202831
p.S580N,0.843203887
p.S580C,0.919819424
p.S580Q,0.861096849
p.S580E,0.918094357
p.S580G,1.034702356
p.S580H,0.714169249
p.S580I,0.030174834
p.S580L,0.78945736
p.S580K,0.963575932
p.S580M,-0.203992333
p.S580F,-0.180980662
p.S580W,0.324008036
p.S580Y,-0.11473501
p.S580V,0.919289868
p.S584S,1.04724564
p.S584A,-0.165650999
p.S584R,0.402975118
p.S584D,0.858095605
p.S584C,0.998880294
p.S584Q,0.176497319
p.S584G,1.00251429
p.S584H,1.048031644
p.S584L,1.022625564
p.S584M,1.03785614
p.S584F,0.456333008
p.S584X,0.212019142
p.S584T,0.073017505
p.S584W,1.107178826
p.S584Y,0.001735174
p.S586S,1.00385112
p.S586A,0.554590727
p.S586R,0.969870129
p.S586C,0.341123946
p.S586Q,0.987309135
p.S586G,0.333147569
p.S586H,-0.354176584
p.S586L,0.763115206
p.S586P,0.4692191
p.S586X,0.117036284
p.S586T,1.012467559
p.S586W,0.042376306
p.S586V,0.979724775
p.S587S,1.045337719
p.S587A,0.813402586
p.S587R,0.784618609
p.S587N,1.080816422
p.S587D,-0.012653873
p.S587G,0.745209534
p.S587H,0.880464262
p.S587L,0.089297185
p.S587M,0.829748311
p.S587F,-0.189059586
p.S587P,-0.056303898
p.S587X,0.0456388
p.S587T,0.89536735
p.S587Y,0.931964233
p.S587V,1.015579406
p.S59S,1.0121146
p.S59A,1.10579233
p.S59R,0.983321071
p.S59D,1.233906004
p.S59C,0.824977522
p.S59Q,1.044218163
p.S59E,0.902982757
p.S59G,1.055835843
p.S59H,0.842108901
p.S59I,1.141161209
p.S59L,1.067927088
p.S59K,1.044180768
p.S59M,-0.092392678
p.S59F,1.001542633
p.S59P,0.972538282
p.S59X,0.049709671
p.S59T,1.015138475
p.S59W,1.00480147
p.S59Y,0.962324919
p.S59V,0.988195801
p.S610S,1.013638224
p.S610A,1.000213833
p.S610R,0.709718417
p.S610N,0.873000115
p.S610D,1.004660275
p.S610C,0.713142457
p.S610E,0.751203211
p.S610G,1.073095841
p.S610H,0.280723506
p.S610I,-0.011765338
p.S610L,-0.124900477
p.S610K,0.514586155
p.S610M,0.69698821
p.S610F,-0.163165853
p.S610P,-0.075632634
p.S610X,-0.154951234
p.S610T,0.875585717
p.S610W,-0.2058633
p.S610Y,-0.185887129
p.S610V,0.075804894
p.S630S,1.057177711
p.S630A,0.815721122
p.S630R,0.875319228
p.S630N,-0.045460682
p.S630D,1.055637503
p.S630C,0.979250555
p.S630Q,0.304135601
p.S630E,0.938726579
p.S630G,1.159281561
p.S630I,0.958048395
p.S630L,0.764918167
p.S630K,-0.021709
p.S630F,0.889530924
p.S630P,0.276538208
p.S630X,-0.187258826
p.S630T,1.051002995
p.S630W,0.900014392
p.S630Y,0.599994626
p.S630V,0.958718258
p.S637S,0.993971939
p.S637A,0.903435833
p.S637R,0.954234156
p.S637N,0.981002636
p.S637D,1.039647501
p.S637C,1.068555207
p.S637Q,1.080608893
p.S637E,1.047132806
p.S637G,0.873634404
p.S637H,0.121556832
p.S637I,-0.001640477
p.S637L,0.91294522
p.S637K,0.983150459
p.S637M,0.336455204
p.S637F,1.015716896
p.S637P,1.010173271
p.S637X,0.002487224
p.S637T,0.970541399
p.S637W,1.091206888
p.S637Y,0.522493827
p.S637V,1.025551716
p.S648S,1.007824717
p.S648A,0.990748873
p.S648R,0.79266763
p.S648N,0.972091688
p.S648D,0.968735691
p.S648C,0.805893999
p.S648Q,0.95586146
p.S648E,0.907642562
p.S648G,0.953771946
p.S648H,0.959970301
p.S648I,0.999720771
p.S648L,0.874118629
p.S648K,0.836229765
p.S648M,0.83485249
p.S648F,0.647099879
p.S648P,0.794826976
p.S648X,-0.122943473
p.S648T,0.923180476
p.S648W,0.905141293
p.S648Y,0.94653495
p.S648V,0.925980524
p.S65S,0.861410951
p.S65A,0.958316439
p.S65R,1.036708509
p.S65N,1.027034906
p.S65D,0.970209258
p.S65C,0.932311901
p.S65Q,0.89357983
p.S65E,0.795980981
p.S65G,0.863578425
p.S65H,1.093328101
p.S65I,0.857609634
p.S65L,1.009765158
p.S65K,1.087009946
p.S65M,1.011314046
p.S65F,0.982055536
p.S65P,1.033439529
p.S65X,0.060829752
p.S65T,1.024089157
p.S65W,1.050710932
p.S65Y,0.83902569
p.S65V,0.942391164
p.S673S,0.946905461
p.S673A,0.957196925
p.S673R,0.957241409
p.S673N,0.960824034
p.S673D,-0.167033877
p.S673C,0.976713217
p.S673Q,1.024870614
p.S673E,1.0367095
p.S673G,0.920365398
p.S673I,0.925857722
p.S673L,1.00467831
p.S673K,0.857011272
p.S673M,0.995698808
p.S673F,1.067428747
p.S673P,0.992787097
p.S673X,0.146685348
p.S673T,1.089938696
p.S673W,0.991973
p.S673Y,0.960042359
p.S673V,1.07547158
p.S691S,0.877870769
p.S691A,0.980392057
p.S691R,0.937891207
p.S691N,0.932733101
p.S691D,1.000281527
p.S691C,0.089462621
p.S691Q,0.567832868
p.S691E,0.950271775
p.S691G,1.113845743
p.S691H,1.058493851
p.S691I,0.10688379
p.S691L,1.082887321
p.S691K,-0.016590394
p.S691M,0.934913344
p.S691F,0.091511341
p.S691P,0.300452482
p.S691X,-0.008688482
p.S691T,1.027890517
p.S691W,0.992693678
p.S691Y,1.052951064
p.S691V,0.925784257
p.S70S,1.032460685
p.S70A,0.92465388
p.S70R,1.04860883
p.S70N,0.927713288
p.S70D,1.015814263
p.S70C,0.845887032
p.S70Q,-0.066529299
p.S70E,1.058730317
p.S70H,0.78169137
p.S70I,0.974985087
p.S70L,0.991880384
p.S70K,1.059904073
p.S70M,1.035952171
p.S70F,0.938779355
p.S70P,0.843256055
p.S70X,0.088726566
p.S70T,0.407342698
p.S70W,1.091988805
p.S70Y,0.88271419
p.S70V,1.121629992
p.S725S,0.321050137
p.S725A,1.084854529
p.S725R,1.02646871
p.S725D,0.96433938
p.S725C,1.014737766
p.S725Q,0.990439606
p.S725E,1.090873503
p.S725G,0.969397969
p.S725H,1.004931267
p.S725I,1.019790233
p.S725L,1.016479436
p.S725F,0.784208361
p.S725P,1.025681074
p.S725X,0.336967273
p.S725T,0.974077308
p.S725W,0.820240287
p.S725Y,1.100502358
p.S725V,0.925076591
p.S732S,0.962803078
p.S732A,0.963954697
p.S732R,0.993473431
p.S732N,0.966546678
p.S732D,1.057563029
p.S732C,0.60826697
p.S732Q,1.044519391
p.S732E,1.048501401
p.S732G,1.030254471
p.S732I,1.020036913
p.S732L,1.062553062
p.S732K,1.000453547
p.S732M,0.664176967
p.S732F,1.012268017
p.S732P,1.09549687
p.S732X,-0.189875765
p.S732T,0.94788256
p.S732W,0.97971659
p.S732Y,0.995404727
p.S732V,1.010119083
p.S733S,1.051182741
p.S733A,1.000691445
p.S733R,1.032680591
p.S733N,0.969751372
p.S733D,1.054894967
p.S733C,1.083171769
p.S733Q,0.929978339
p.S733E,0.995664014
p.S733G,0.966027016
p.S733H,0.892413093
p.S733I,1.061557732
p.S733L,0.992895155
p.S733K,0.598613169
p.S733M,0.693380529
p.S733F,1.061749683
p.S733P,0.858052901
p.S733X,-0.270188188
p.S733T,0.996554266
p.S733W,0.978689952
p.S733Y,0.957692668
p.S733V,1.002528269
p.S74S,0.977128108
p.S74A,0.819181433
p.S74R,0.989883435
p.S74N,0.806030958
p.S74D,1.040006359
p.S74C,1.052272236
p.S74Q,0.035140085
p.S74E,0.797409092
p.S74G,0.990202404
p.S74H,1.082295327
p.S74I,1.005088834
p.S74L,0.982735115
p.S74K,1.031523982
p.S74M,0.971537714
p.S74F,0.976703732
p.S74P,0.971631785
p.S74X,0.031454433
p.S74T,1.025066868
p.S74W,0.967338713
p.S74Y,0.66127776
p.S74V,0.912807964
p.S750S,0.990089936
p.S750A,0.999913352
p.S750R,1.027519066
p.S750N,1.030410285
p.S750D,0.939890162
p.S750C,0.859752694
p.S750E,0.844168477
p.S750G,0.946086038
p.S750H,0.868176212
p.S750I,1.054921271
p.S750L,1.009535007
p.S750K,0.666649218
p.S750M,0.644207597
p.S750F,1.014018927
p.S750P,0.987486221
p.S750X,-0.130432904
p.S750T,0.989198067
p.S750W,1.051448878
p.S750Y,1.074054924
p.S750V,0.950076069
p.S768S,0.433596432
p.S768A,0.564390744
p.S768R,1.098763169
p.S768N,0.7806205
p.S768D,-0.127077019
p.S768C,0.808087862
p.S768Q,0.995752816
p.S768E,0.99713907
p.S768G,0.980832985
p.S768H,0.955095597
p.S768I,0.975135868
p.S768L,0.934159285
p.S768K,1.094984132
p.S768M,1.025921338
p.S768F,0.967819409
p.S768P,0.816601932
p.S768X,-0.238894664
p.S768T,0.967860233
p.S768W,0.940401728
p.S768Y,0.768345439
p.S768V,0.876022685
p.S785S,0.978138948
p.S785A,1.016596554
p.S785R,1.025455757
p.S785N,0.919444164
p.S785D,0.869107834
p.S785C,1.010578578
p.S785Q,0.923766784
p.S785E,1.021568999
p.S785G,0.801345895
p.S785H,0.588574876
p.S785I,0.995061681
p.S785L,0.964240328
p.S785K,0.883718219
p.S785M,0.976094154
p.S785F,1.058234482
p.S785P,1.012173826
p.S785X,-0.154928885
p.S785T,1.101361344
p.S785W,1.024095019
p.S785Y,0.997901416
p.S785V,1.007582581
p.S786S,1.037000093
p.S786A,1.007908678
p.S786R,0.876805774
p.S786N,1.032057488
p.S786D,0.581030269
p.S786C,0.938339216
p.S786Q,1.004797971
p.S786E,0.83276414
p.S786G,1.058412361
p.S786H,0.679792385
p.S786I,0.906832849
p.S786L,0.98397478
p.S786K,1.055477903
p.S786M,0.937576294
p.S786F,1.010517931
p.S786P,0.98147464
p.S786X,-0.461350875
p.S786T,0.932735256
p.S786W,0.904481849
p.S786Y,0.96129564
p.S786V,1.002351939
p.S791S,0.99036671
p.S791A,1.080517455
p.S791R,1.057749212
p.S791N,1.024173537
p.S791D,0.961104377
p.S791C,0.996356191
p.S791Q,1.099598856
p.S791E,0.982787278
p.S791G,0.972995955
p.S791H,1.089182027
p.S791I,0.96749044
p.S791L,1.023488993
p.S791K,0.94088233
p.S791M,0.921596479
p.S791F,0.961086388
p.S791P,1.011493907
p.S791X,-0.126736001
p.S791T,1.048171058
p.S791W,1.070448495
p.S791Y,1.014313359
p.S791V,0.973880345
p.S820S,1.08004018
p.S820A,0.773562227
p.S820R,1.048413269
p.S820N,0.964970749
p.S820D,0.082316186
p.S820C,1.003809504
p.S820Q,1.08099888
p.S820E,0.996333327
p.S820G,0.949160224
p.S820H,1.048709732
p.S820I,1.013045547
p.S820L,0.821761226
p.S820M,1.014788113
p.S820P,0.958279323
p.S820X,-0.283608581
p.S820T,0.802657544
p.S820W,0.990842979
p.S820Y,0.954964628
p.S820V,0.952137467
p.S846S,1.033539995
p.S846A,0.741047183
p.S846R,1.034210654
p.S846N,0.113389893
p.S846D,0.985139257
p.S846C,0.972911756
p.S846Q,0.974831144
p.S846E,0.977359051
p.S846G,0.796405064
p.S846H,1.020943192
p.S846I,1.018498134
p.S846L,0.917556873
p.S846K,0.855381838
p.S846M,1.034574505
p.S846F,1.057623118
p.S846P,-0.151510624
p.S846X,0.887284103
p.S846T,0.873286056
p.S846W,0.99220329
p.S846Y,0.968433839
p.S846V,1.121392527
p.S849S,0.926902488
p.S849A,0.986091675
p.S849R,0.999590389
p.S849N,0.997004656
p.S849D,0.939723926
p.S849C,1.066878247
p.S849Q,0.964777235
p.S849E,1.046114609
p.S849G,0.998913322
p.S849I,0.919487815
p.S849L,1.015729591
p.S849K,0.892376098
p.S849M,1.04073959
p.S849F,1.042925719
p.S849P,1.049795093
p.S849X,0.779578485
p.S849T,0.913939085
p.S849W,0.832350672
p.S849Y,1.013022312
p.S849V,0.98669839
p.S854S,0.999939284
p.S854A,0.98112509
p.S854R,0.998448814
p.S854N,0.887863116
p.S854D,0.948480228
p.S854C,0.360561419
p.S854Q,0.939325016
p.S854G,0.973298054
p.S854I,1.058093684
p.S854L,0.945284338
p.S854K,1.00191015
p.S854F,0.963557648
p.S854X,-0.271058525
p.S854T,1.018117079
p.S854W,0.941921108
p.S854V,1.000892698
p.S99S,0.900460662
p.S99A,1.012024661
p.S99R,1.013418287
p.S99N,1.023505156
p.S99D,0.990266571
p.S99C,1.035286129
p.S99Q,0.866636265
p.S99E,1.2594183
p.S99G,0.954431469
p.S99H,1.029269994
p.S99I,0.949022755
p.S99L,1.070495624
p.S99K,0.993121682
p.S99M,0.943849403
p.S99F,0.676480964
p.S99P,0.858488024
p.S99X,0.239314385
p.S99T,0.937106836
p.S99W,1.068737832
p.S99Y,0.345646715
p.S99V,1.060743357
p.T108T,0.980604263
p.T108A,1.012710869
p.T108R,0.937469391
p.T108N,0.901213954
p.T108D,0.492111459
p.T108C,0.811929085
p.T108Q,1.062362224
p.T108E,1.008676461
p.T108G,0.990963148
p.T108H,0.868237287
p.T108I,0.914438199
p.T108L,1.002665277
p.T108K,0.977714366
p.T108M,0.922533448
p.T108F,0.9855289
p.T108P,0.907871659
p.T108S,0.968290108
p.T108X,0.040293476
p.T108W,0.998337655
p.T108Y,1.12026679
p.T108V,1.001676968
p.T11T,1.065421462
p.T11A,0.93511723
p.T11R,0.859557531
p.T11N,0.039917184
p.T11D,0.654442479
p.T11C,1.16558355
p.T11E,0.952351171
p.T11G,1.025437139
p.T11H,0.942780805
p.T11I,0.998631764
p.T11L,0.78787438
p.T11K,0.937184418
p.T11M,1.078854421
p.T11F,1.00765157
p.T11P,0.004080548
p.T11S,0.755960724
p.T11X,-0.046341482
p.T11W,0.944631494
p.T11Y,0.958347469
p.T11V,1.016400913
p.T147T,1.010073593
p.T147A,0.989904413
p.T147R,0.898949475
p.T147N,0.933322431
p.T147D,0.357336083
p.T147C,0.882377385
p.T147Q,0.898566558
p.T147E,0.889489854
p.T147G,0.992666685
p.T147H,0.993052165
p.T147I,0.789696775
p.T147L,0.97843288
p.T147K,1.012931358
p.T147M,0.972566909
p.T147F,0.964084795
p.T147P,0.853799797
p.T147S,0.995221885
p.T147X,-0.091479601
p.T147W,0.760834718
p.T147Y,1.023083571
p.T147V,0.89129874
p.T159T,1.037206494
p.T159A,1.011636336
p.T159R,0.981404391
p.T159N,0.634075002
p.T159D,1.07243137
p.T159Q,0.903140939
p.T159E,0.721501313
p.T159G,1.038534906
p.T159H,0.921938842
p.T159I,0.981488197
p.T159L,1.004776329
p.T159K,0.986572189
p.T159M,1.005260386
p.T159F,0.889031853
p.T159P,0.660665241
p.T159S,0.998478144
p.T159X,-0.034550449
p.T159W,1.074585676
p.T159Y,1.031924058
p.T159V,1.036278573
p.T21T,0.866714609
p.T21A,1.037306753
p.T21R,0.960007917
p.T21N,1.105847041
p.T21D,0.167152256
p.T21C,1.009564795
p.T21Q,0.941502259
p.T21E,1.054099155
p.T21G,0.93066136
p.T21H,0.953359714
p.T21I,1.091671694
p.T21L,1.031592607
p.T21K,0.967557142
p.T21M,0.888242794
p.T21F,1.035576218
p.T21P,0.96082834
p.T21S,0.866309204
p.T21X,0.063264626
p.T21W,1.001563233
p.T21Y,0.78328474
p.T21V,1.004999402
p.T235T,1.056261732
p.T235A,0.96467832
p.T235R,0.842562435
p.T235N,0.968639296
p.T235D,1.048857239
p.T235C,1.123943512
p.T235E,0.824544373
p.T235G,1.004996911
p.T235H,0.984460673
p.T235I,0.825569844
p.T235L,1.008159077
p.T235K,1.090940471
p.T235M,1.182556186
p.T235F,0.652423652
p.T235P,0.834677701
p.T235S,0.828736922
p.T235X,0.022963169
p.T235W,1.004458291
p.T235Y,0.967812498
p.T235V,1.0058038
p.T274T,0.937473556
p.T274A,0.950768677
p.T274R,0.866951693
p.T274N,0.806302854
p.T274D,0.974062308
p.T274C,0.899771013
p.T274Q,0.996237522
p.T274E,0.974703025
p.T274G,0.987265707
p.T274H,1.168428783
p.T274I,1.006035532
p.T274L,0.914762277
p.T274K,1.030498357
p.T274M,1.20208871
p.T274F,0.883033506
p.T274P,0.981727248
p.T274S,0.849898303
p.T274X,-0.085494679
p.T274W,1.120040556
p.T274Y,0.773803123
p.T274V,0.933647818
p.T291T,0.815819342
p.T291A,1.001091408
p.T291R,0.970591601
p.T291N,1.029953843
p.T291D,1.024679173
p.T291C,0.579740032
p.T291Q,1.034843033
p.T291E,1.001553145
p.T291G,1.060359113
p.T291H,0.040397536
p.T291I,1.028139545
p.T291L,1.018914565
p.T291K,0.97701149
p.T291M,0.822005276
p.T291F,0.930294631
p.T291P,0.643927702
p.T291S,1.100048134
p.T291X,0.684006599
p.T291W,1.059012422
p.T291Y,1.094931031
p.T291V,0.997850338
p.T315T,0.973078838
p.T315A,0.951397672
p.T315R,1.055422359
p.T315N,1.084505251
p.T315D,0.912658948
p.T315C,0.726311599
p.T315Q,0.923566497
p.T315E,1.121273174
p.T315G,0.698686368
p.T315H,0.924380782
p.T315I,0.962292348
p.T315L,1.011221978
p.T315K,1.113602876
p.T315M,0.872371946
p.T315F,1.012734871
p.T315P,0.959811927
p.T315S,1.001569959
p.T315X,-0.002699152
p.T315W,0.98872345
p.T315Y,0.963950223
p.T315V,1.024189477
p.T363T,0.530600398
p.T363A,1.254282624
p.T363R,0.816794782
p.T363N,1.028843298
p.T363D,1.006977016
p.T363C,1.162044148
p.T363E,1.044717156
p.T363G,1.00868738
p.T363H,1.163947019
p.T363I,1.102578524
p.T363L,1.013981187
p.T363K,1.007309291
p.T363M,0.755964082
p.T363F,1.07452445
p.T363P,1.044712013
p.T363S,0.918539469
p.T363X,0.295174223
p.T363W,1.063707674
p.T363Y,1.041295085
p.T363V,0.999842103
p.T389T,0.556778915
p.T389A,0.895849368
p.T389N,0.835698158
p.T389D,0.384649132
p.T389C,0.984183924
p.T389G,1.009710159
p.T389H,0.921688497
p.T389I,1.168095387
p.T389L,1.087569683
p.T389K,0.937880137
p.T389M,1.097894699
p.T389F,0.981063155
p.T389P,1.056221114
p.T389S,0.911338045
p.T389X,-0.151995016
p.T389W,1.125026223
p.T389Y,1.03888113
p.T389V,0.814320203
p.T404A,0.681053785
p.T404R,-0.094733156
p.T404N,1.056595146
p.T404D,0.132367961
p.T404Q,0.70400189
p.T404E,-0.144263228
p.T404G,0.983046919
p.T404H,0.028048568
p.T404I,0.197080316
p.T404L,0.902918249
p.T404M,0.388545561
p.T404F,0.189348496
p.T404P,-0.057063926
p.T404S,1.002494383
p.T404V,0.895894402
p.T413A,0.673646829
p.T413R,1.039076384
p.T413N,0.118428989
p.T413D,0.150168353
p.T413C,0.810255714
p.T413Q,-0.171068775
p.T413G,1.162169084
p.T413H,0.584542732
p.T413I,0.19284511
p.T413L,1.001775113
p.T413K,0.89557068
p.T413M,1.133565608
p.T413F,0.941202162
p.T413P,0.114558176
p.T413S,1.033608369
p.T413X,-0.03177931
p.T413W,1.134389642
p.T420T,0.878015319
p.T420A,0.794921218
p.T420R,0.702589479
p.T420N,0.999696979
p.T420C,0.80564109
p.T420Q,0.962366273
p.T420E,1.00801532
p.T420G,1.102642475
p.T420H,0.720791691
p.T420I,0.865277583
p.T420L,0.956539111
p.T420K,0.746215886
p.T420M,0.983008101
p.T420F,0.995088517
p.T420P,1.196074807
p.T420S,1.006169845
p.T420X,0.055245031
p.T420W,1.105424118
p.T420Y,1.121795524
p.T420V,0.370361868
p.T434A,0.902823375
p.T434R,0.895104204
p.T434N,1.034952083
p.T434C,0.997039044
p.T434Q,0.73376932
p.T434G,1.003484965
p.T434H,0.789499488
p.T434I,0.89050047
p.T434L,0.955294966
p.T434K,0.723288893
p.T434M,1.040492253
p.T434F,1.099866983
p.T434P,1.163543615
p.T434S,0.929391525
p.T434X,-0.150852256
p.T434Y,1.223056779
p.T434V,1.013963755
p.T454T,1.017433491
p.T454R,1.046494729
p.T454N,1.039423611
p.T454C,0.987319688
p.T454I,1.111697736
p.T454L,1.077445626
p.T454M,0.598627991
p.T454F,0.987012568
p.T454S,0.95449566
p.T454X,0.224712517
p.T454Y,0.866583247
p.T454V,0.876033887
p.T467T,0.960041075
p.T467A,0.584555498
p.T467R,0.948486695
p.T467D,-0.025885096
p.T467L,0.819609966
p.T467M,0.552145078
p.T467S,1.139421285
p.T467X,0.143955837
p.T467W,0.807138501
p.T467Y,0.524466174
p.T467V,0.973408684
p.T491T,0.750071048
p.T491R,-0.04740903
p.T491D,-0.173576113
p.T491C,0.913069754
p.T491E,0.657810912
p.T491G,0.910212117
p.T491I,0.997316444
p.T491L,0.808658128
p.T491F,0.346733579
p.T491P,0.570447239
p.T491S,0.411819974
p.T491Y,0.31318873
p.T491V,1.106371396
p.T497T,0.922643913
p.T497A,0.983858995
p.T497R,0.973473832
p.T497N,0.723432897
p.T497D,0.156473378
p.T497C,1.008310126
p.T497E,0.394422124
p.T497G,1.134332818
p.T497H,1.139982329
p.T497I,1.004453442
p.T497L,0.840093104
p.T497K,1.022656959
p.T497M,0.793366346
p.T497F,1.042805051
p.T497P,-0.013257976
p.T497S,0.72092678
p.T497W,1.044402778
p.T497V,0.029700713
p.T503T,1.026014378
p.T503R,1.179703167
p.T503N,1.047912373
p.T503D,0.616003331
p.T503C,1.102613063
p.T503G,0.985444893
p.T503I,0.90926866
p.T503L,0.812260081
p.T503M,1.015163299
p.T503F,0.885028255
p.T503S,0.838513845
p.T510A,0.281854341
p.T510R,0.985868458
p.T510N,1.098677466
p.T510D,0.692580872
p.T510C,0.930800144
p.T510Q,0.552922518
p.T510E,0.966106639
p.T510G,0.970088601
p.T510I,0.658670464
p.T510L,0.878620244
p.T510K,0.800516706
p.T510M,0.897189551
p.T510F,1.107619075
p.T510P,1.163087086
p.T510S,0.913015761
p.T510X,-0.143758093
p.T510W,0.871000129
p.T510Y,1.228788312
p.T510V,0.980270151
p.T534T,1.157114602
p.T534A,0.748207959
p.T534R,-0.043320068
p.T534N,1.006787706
p.T534D,0.988392322
p.T534C,0.64415044
p.T534Q,0.822436576
p.T534E,0.010289821
p.T534G,0.90319121
p.T534H,0.125171234
p.T534L,0.458793033
p.T534K,0.042239421
p.T534M,0.556682637
p.T534F,0.327087585
p.T534P,0.750360763
p.T534S,1.008309166
p.T534X,-0.244306405
p.T534W,-0.115279305
p.T534Y,-0.014224855
p.T534V,0.9620019
p.T538T,1.029712446
p.T538A,1.043898937
p.T538R,0.860860157
p.T538D,0.668677455
p.T538C,1.100746749
p.T538E,0.659873663
p.T538G,1.032644349
p.T538H,1.078901973
p.T538I,0.848459949
p.T538L,0.880020315
p.T538K,0.813208651
p.T538M,1.086973976
p.T538F,0.898522323
p.T538P,0.935629176
p.T538S,1.026988401
p.T538X,-0.114926635
p.T538W,0.993590019
p.T538Y,0.830458983
p.T538V,1.020994084
p.T557T,1.121125879
p.T557A,0.945964077
p.T557R,1.036394201
p.T557N,1.026407386
p.T557C,1.070708166
p.T557Q,0.784108999
p.T557E,1.211603536
p.T557G,1.062424232
p.T557H,1.0512948
p.T557I,0.780017548
p.T557L,1.015707808
p.T557M,0.991793079
p.T557F,0.954474904
p.T557P,0.869819656
p.T557S,1.024793814
p.T557W,1.076585746
p.T557Y,0.808494284
p.T557V,1.144676839
p.T567T,1.098410463
p.T567A,0.933085366
p.T567R,1.050873885
p.T567N,1.099075849
p.T567D,-0.258395464
p.T567C,0.955182316
p.T567E,0.378184668
p.T567G,0.97818991
p.T567I,0.984278366
p.T567L,0.933078916
p.T567K,1.049781302
p.T567M,1.011649924
p.T567F,0.978405715
p.T567P,-0.119854057
p.T567S,0.948833425
p.T567X,-0.434793975
p.T567Y,0.980594657
p.T567V,0.903846518
p.T597T,0.986326595
p.T597A,0.786775232
p.T597R,0.962655917
p.T597N,0.983825393
p.T597D,1.085436639
p.T597C,0.145554682
p.T597Q,1.026337574
p.T597E,0.936614021
p.T597G,1.020826613
p.T597H,1.11197584
p.T597I,1.032911117
p.T597L,0.896625888
p.T597K,1.047182246
p.T597M,0.812557758
p.T597F,0.921243639
p.T597P,0.919804232
p.T597S,1.060979194
p.T597X,0.297187337
p.T597W,0.961749983
p.T597Y,1.069924668
p.T597V,1.010081469
p.T62T,1.015313477
p.T621T,0.969635188
p.T621A,0.686108787
p.T621R,-0.215981302
p.T621N,-0.088883445
p.T621D,0.849659732
p.T621C,0.931608173
p.T621Q,0.030119098
p.T621E,-0.204405818
p.T621G,0.96080706
p.T621H,-0.157213003
p.T621I,0.767557111
p.T621L,0.379478892
p.T621K,-0.007084881
p.T621M,0.738994347
p.T621F,0.007278553
p.T621P,0.465396469
p.T621S,1.100063165
p.T621X,-0.070786316
p.T621W,0.098681116
p.T621V,0.949567616
p.T62A,0.934334152
p.T62R,0.573312801
p.T62N,1.108794642
p.T62D,0.925028738
p.T62C,0.976304821
p.T62Q,0.96418449
p.T62E,1.018679614
p.T62G,1.067286338
p.T62H,1.018306182
p.T62I,0.971922389
p.T62L,0.96312272
p.T62K,0.967347909
p.T62M,1.046097151
p.T62F,0.835811055
p.T62P,-0.040047862
p.T62S,1.105592099
p.T62X,0.104884565
p.T62W,0.992206695
p.T62Y,0.930815754
p.T62V,1.062594554
p.T635T,1.067991181
p.T635A,0.9005503
p.T635R,0.975132978
p.T635N,0.998407685
p.T635D,0.937266594
p.T635C,0.986895958
p.T635Q,0.156629459
p.T635E,-0.331969312
p.T635G,0.829748311
p.T635H,0.913448615
p.T635I,1.075989454
p.T635L,1.003478144
p.T635K,0.803361001
p.T635M,0.850843314
p.T635F,0.916866529
p.T635P,0.827836328
p.T635S,1.039016748
p.T635X,0.481191123
p.T635W,0.995858165
p.T635V,1.006726462
p.T659T,0.749362658
p.T659A,0.965506888
p.T659C,0.846891401
p.T659E,1.430103645
p.T659G,0.88341567
p.T659H,0.931715682
p.T659I,0.845058525
p.T659L,1.010290597
p.T659K,0.147101038
p.T659M,0.45710349
p.T659S,0.995333747
p.T659Y,1.26172849
p.T659V,0.99608537
p.T67T,1.035382319
p.T670T,0.946099254
p.T670A,0.988504699
p.T670R,1.066881255
p.T670N,0.242123615
p.T670C,0.824933483
p.T670Q,0.743081714
p.T670E,0.716562164
p.T670G,0.962217139
p.T670H,0.655603573
p.T670I,1.025327118
p.T670L,0.89376848
p.T670K,0.886124835
p.T670M,-0.170281849
p.T670P,1.0055498
p.T670S,1.040435248
p.T670X,-0.081240888
p.T670W,-0.028019192
p.T670Y,0.995289693
p.T670V,1.048780542
p.T671T,0.693683719
p.T671A,0.925423907
p.T671R,1.109325188
p.T671D,1.14844669
p.T671C,0.83546487
p.T671Q,0.965157919
p.T671E,1.022286535
p.T671G,0.982529523
p.T671H,1.066243958
p.T671I,1.010080638
p.T671L,0.87598017
p.T671K,1.022219197
p.T671M,1.002264978
p.T671F,1.127612287
p.T671P,0.984905288
p.T671S,1.011574332
p.T671X,0.004587738
p.T671W,0.963205675
p.T671Y,1.037546099
p.T671V,1.011891664
p.T67A,1.07596434
p.T67R,0.96922081
p.T67N,1.262233367
p.T67D,1.062014674
p.T67C,1.227635777
p.T67Q,1.008289742
p.T67E,0.39620649
p.T67G,0.763530865
p.T67H,1.045278996
p.T67I,0.875666055
p.T67L,1.037101876
p.T67K,1.083962409
p.T67M,0.675108063
p.T67F,0.953045253
p.T67P,0.947825879
p.T67S,1.135634037
p.T67X,-0.017917257
p.T67W,1.046044973
p.T67Y,0.957728177
p.T67V,0.953126614
p.T695T,1.009278594
p.T695A,1.093033061
p.T695R,1.04680507
p.T695N,1.01743645
p.T695D,1.027474604
p.T695C,1.032821205
p.T695Q,0.640886087
p.T695G,0.910557297
p.T695H,1.031459282
p.T695L,0.939210231
p.T695K,0.624917575
p.T695M,-0.318529277
p.T695F,1.230626455
p.T695P,-0.215278058
p.T695S,0.717415117
p.T695X,-0.033197607
p.T695W,0.946043536
p.T695Y,1.07462563
p.T695V,0.976782179
p.T713T,0.944360087
p.T713A,0.898128374
p.T713R,1.041646739
p.T713N,0.984817689
p.T713D,1.051642802
p.T713C,0.989951128
p.T713G,1.014755418
p.T713H,0.786044131
p.T713I,1.079818255
p.T713L,1.13442764
p.T713K,0.582867838
p.T713M,0.98132488
p.T713F,1.003552073
p.T713P,0.940940946
p.T713S,0.584771067
p.T713X,-0.397876624
p.T713Y,1.001843739
p.T713V,0.97688153
p.T721T,0.987123311
p.T721A,1.001238477
p.T721R,0.823821443
p.T721N,1.07862242
p.T721D,0.983389582
p.T721C,0.765430455
p.T721Q,1.043182474
p.T721E,1.021094979
p.T721G,0.993893875
p.T721H,1.020051858
p.T721I,1.012648842
p.T721L,0.946356106
p.T721K,0.961514744
p.T721M,0.876606663
p.T721F,0.997196597
p.T721P,0.972594991
p.T721S,0.587068077
p.T721X,-0.138390507
p.T721W,1.075025968
p.T721Y,1.128921393
p.T721V,0.93020129
p.T724T,0.992596441
p.T724A,0.969900864
p.T724R,0.979267653
p.T724N,0.851428536
p.T724D,0.931461684
p.T724C,1.029724048
p.T724Q,1.076063215
p.T724E,-0.480520022
p.T724G,0.953092033
p.T724H,0.973641159
p.T724I,1.002467252
p.T724L,0.811045515
p.T724K,1.010353263
p.T724M,1.005434715
p.T724F,0.014012715
p.T724P,1.069732754
p.T724S,0.907337916
p.T724X,-0.367432954
p.T724W,0.936460848
p.T724Y,1.041926238
p.T724V,0.984423625
p.T726T,1.036706984
p.T726A,0.965102113
p.T726R,0.976801104
p.T726N,0.918382541
p.T726D,0.091118983
p.T726Q,0.218385721
p.T726E,0.878640103
p.T726G,0.923434396
p.T726H,1.002876869
p.T726I,1.020181017
p.T726L,0.89728792
p.T726K,0.917585419
p.T726M,1.05660422
p.T726F,1.011509436
p.T726P,1.006457357
p.T726S,1.033423924
p.T726X,0.028611479
p.T726Y,1.002497181
p.T726V,1.015118056
p.T734T,0.957742766
p.T734A,0.897826919
p.T734R,0.996098337
p.T734N,0.834887465
p.T734D,1.064711395
p.T734C,0.352478141
p.T734Q,1.011310374
p.T734E,0.945097903
p.T734G,0.813249947
p.T734H,1.028710842
p.T734I,0.980719984
p.T734L,0.902633574
p.T734K,0.96049019
p.T734M,0.859786814
p.T734F,0.962413637
p.T734P,0.782602875
p.T734S,1.040965954
p.T734X,-0.493797987
p.T734W,0.929753591
p.T734Y,1.058580989
p.T734V,0.985129634
p.T738T,0.905225146
p.T738A,1.045861093
p.T738R,0.981891961
p.T738N,1.001518373
p.T738D,0.940507475
p.T738C,0.966503669
p.T738E,1.018394465
p.T738G,1.018687264
p.T738H,1.046054709
p.T738I,0.965770652
p.T738L,0.714419261
p.T738K,1.032236225
p.T738F,-0.378979633
p.T738P,0.881164184
p.T738S,0.854583566
p.T738X,-0.219403902
p.T738W,0.199729542
p.T738Y,0.325165976
p.T738V,0.970302088
p.T741T,-0.16062053
p.T741A,0.978666204
p.T741R,0.981854856
p.T741N,0.989633932
p.T741D,1.021264107
p.T741C,0.967639043
p.T741Q,0.284900051
p.T741E,1.05379264
p.T741G,1.034790798
p.T741H,1.041524421
p.T741I,0.905988613
p.T741L,0.988427992
p.T741K,0.948068952
p.T741M,0.913188037
p.T741F,0.970785116
p.T741P,0.972632478
p.T741S,0.951839603
p.T741X,0.28386408
p.T741W,0.994459557
p.T741Y,0.983233722
p.T741V,0.867155582
p.T742T,0.920236885
p.T742A,0.72860355
p.T742R,0.755039773
p.T742N,0.649233869
p.T742D,0.913463991
p.T742C,1.057070239
p.T742Q,0.948622207
p.T742E,0.877670215
p.T742G,1.012938832
p.T742H,0.648881604
p.T742I,0.999291888
p.T742L,0.821403837
p.T742K,1.023470629
p.T742M,1.006145267
p.T742F,0.878286902
p.T742P,1.00697726
p.T742S,0.92227626
p.T742X,0.15859704
p.T742W,1.017004102
p.T742Y,0.813067212
p.T742V,1.010034924
p.T743T,0.330804419
p.T743A,0.980418578
p.T743R,0.973498596
p.T743N,1.011987875
p.T743D,0.980018624
p.T743C,0.81145693
p.T743Q,1.06674132
p.T743E,0.937471343
p.T743G,1.017837489
p.T743H,0.994184219
p.T743I,0.958068848
p.T743L,1.010913267
p.T743K,1.019653417
p.T743M,0.839838881
p.T743F,0.954320101
p.T743P,0.895057847
p.T743S,0.925081875
p.T743X,-0.062458216
p.T743W,1.015159929
p.T743Y,1.030266614
p.T743V,0.948547875
p.T749T,0.9376381
p.T749A,1.00822972
p.T749R,1.027080017
p.T749N,0.97400306
p.T749D,0.644546341
p.T749C,1.039924826
p.T749Q,1.004746972
p.T749E,0.641932252
p.T749G,1.001799817
p.T749H,0.980659825
p.T749I,0.996400523
p.T749L,0.99085276
p.T749K,0.494995734
p.T749M,0.96310661
p.T749F,1.008429572
p.T749P,0.872430407
p.T749S,0.951391046
p.T749X,-0.376122754
p.T749W,0.994590882
p.T749Y,0.971935487
p.T749V,1.066605277
p.T756T,1.021459314
p.T756A,1.106303245
p.T756R,0.971356511
p.T756N,0.932297981
p.T756D,0.960736054
p.T756C,1.019811123
p.T756Q,1.016588065
p.T756E,0.925297185
p.T756G,0.941719999
p.T756H,-0.210132216
p.T756I,0.993135665
p.T756L,0.408701204
p.T756K,1.02903522
p.T756M,0.966396438
p.T756F,1.010076175
p.T756P,0.647216754
p.T756S,1.10180458
p.T756X,-0.051876092
p.T756W,0.970548726
p.T756Y,0.966245982
p.T756V,0.995817832
p.T760T,1.023681276
p.T760A,0.981400862
p.T760R,1.002144199
p.T760N,1.020400111
p.T760D,0.991592353
p.T760C,0.962333754
p.T760Q,0.961088662
p.T760E,1.019601583
p.T760G,0.986401573
p.T760H,1.053723207
p.T760I,1.018363775
p.T760L,0.957671285
p.T760M,1.002433274
p.T760F,0.862879946
p.T760P,0.804232435
p.T760S,0.551651041
p.T760X,-0.284100302
p.T760W,0.999152616
p.T761T,0.968061059
p.T761A,0.997839212
p.T761R,0.886264167
p.T761N,-0.252934855
p.T761D,0.957884048
p.T761C,1.008941709
p.T761Q,1.082462293
p.T761E,1.031109955
p.T761G,0.998695145
p.T761H,0.711347761
p.T761I,0.973058914
p.T761L,0.929162781
p.T761K,1.061134655
p.T761M,1.071484072
p.T761F,-0.016477774
p.T761P,1.012735546
p.T761S,0.908105704
p.T761X,-0.235959124
p.T761W,0.988557936
p.T761V,0.964673016
p.T766T,0.959488147
p.T766A,0.953125643
p.T766R,1.00115328
p.T766N,1.004537592
p.T766D,1.02945985
p.T766C,1.021698967
p.T766Q,0.983444202
p.T766E,0.510824564
p.T766G,1.067868764
p.T766H,1.055585207
p.T766I,0.982729573
p.T766L,0.891758109
p.T766K,1.048391703
p.T766M,1.039772576
p.T766F,0.253527833
p.T766P,1.00814539
p.T766S,1.012034634
p.T766X,-0.443157578
p.T766W,1.084704499
p.T766Y,1.02675629
p.T766V,0.604027446
p.T831T,1.004639386
p.T831A,0.92124456
p.T831R,1.04386882
p.T831N,1.019505635
p.T831C,1.015426307
p.T831Q,0.964411456
p.T831E,0.975028362
p.T831G,0.952318257
p.T831H,0.966309864
p.T831L,0.973256021
p.T831K,0.689082599
p.T831M,1.005670794
p.T831F,0.885817876
p.T831P,1.009658545
p.T831S,0.999705751
p.T831X,0.436153298
p.T831W,0.968839509
p.T831Y,0.932230085
p.T831V,0.359349765
p.T832T,0.959830126
p.T832A,0.876000511
p.T832R,0.832966099
p.T832N,0.626386211
p.T832D,0.917987724
p.T832C,0.943280196
p.T832Q,1.04471972
p.T832E,0.876541468
p.T832G,0.988383188
p.T832H,1.038858689
p.T832I,0.994193357
p.T832L,0.935359639
p.T832M,0.963449962
p.T832F,0.969541654
p.T832P,1.000200734
p.T832S,1.00256225
p.T832X,0.931906288
p.T832W,1.113963792
p.T832Y,0.60332827
p.T832V,0.096975873
p.W10A,0.898776254
p.W10R,-0.088248655
p.W10N,0.679866252
p.W10D,-0.047361762
p.W10C,0.865377314
p.W10Q,0.850310905
p.W10E,-0.065674495
p.W10G,0.681122152
p.W10I,1.007223548
p.W10L,0.709850139
p.W10K,-0.18196771
p.W10M,0.862397658
p.W10F,0.963070518
p.W10P,0.18319458
p.W10S,0.9534067
p.W10X,-0.069331088
p.W10T,0.946232463
p.W10Y,0.972488229
p.W10V,1.027685086
p.W165A,-0.087053372
p.W165R,-0.060355961
p.W165N,0.359457033
p.W165D,0.125765489
p.W165C,-0.046458733
p.W165Q,-0.062452182
p.W165E,-0.101489775
p.W165G,-0.097610883
p.W165I,0.202462023
p.W165L,-0.028997449
p.W165M,0.449622055
p.W165F,0.304095995
p.W165P,-0.131233081
p.W165S,0.046863377
p.W165X,-0.091793325
p.W165T,-0.042341609
p.W165Y,0.832174228
p.W165V,0.190471424
p.W180A,0.956420485
p.W180R,0.370671898
p.W180N,1.074545747
p.W180C,0.873028668
p.W180Q,-0.011680219
p.W180E,0.990811305
p.W180G,0.905848052
p.W180I,0.91952139
p.W180L,0.97305574
p.W180K,0.81550607
p.W180M,0.994169213
p.W180F,0.39778312
p.W180P,-0.112878453
p.W180S,1.007710517
p.W180X,-0.006826781
p.W180T,1.056690786
p.W180Y,0.007215986
p.W180V,0.833236479
p.W214A,-0.012711568
p.W214R,0.016298439
p.W214C,-0.010503197
p.W214Q,-0.034283649
p.W214E,0.809162511
p.W214G,-0.014079262
p.W214L,0.300377252
p.W214M,0.747714246
p.W214F,0.611087892
p.W214S,0.132394393
p.W214X,0.212732604
p.W214V,-0.119233509
p.W305A,0.544857538
p.W305R,0.051262568
p.W305N,0.461924609
p.W305D,0.322622738
p.W305C,0.093167182
p.W305Q,0.179311967
p.W305E,0.001446235
p.W305G,0.401097709
p.W305H,0.791038744
p.W305I,0.481899704
p.W305L,0.737408857
p.W305K,0.004624627
p.W305M,0.893644749
p.W305F,0.72280211
p.W305P,0.22383188
p.W305S,0.420974808
p.W305X,-0.024886672
p.W305T,0.125063363
p.W305Y,0.774088741
p.W305V,0.633830297
p.W443A,0.474973327
p.W443R,-0.002871094
p.W443N,-0.007726912
p.W443D,0.004044757
p.W443C,0.891485492
p.W443Q,0.12075877
p.W443E,0.01708866
p.W443G,-0.165575655
p.W443H,1.017557177
p.W443I,0.844499988
p.W443L,0.996082732
p.W443K,-0.056072387
p.W443M,0.971429125
p.W443F,0.992400415
p.W443P,-0.001974079
p.W443S,0.809519204
p.W443X,-0.133167462
p.W443T,0.889464947
p.W443Y,0.792720754
p.W443V,0.794693002
p.W44A,0.836186015
p.W44R,0.963968179
p.W44N,0.764788328
p.W44D,0.904547725
p.W44C,1.042727547
p.W44Q,0.746365542
p.W44E,1.107630213
p.W44G,1.104724642
p.W44I,1.009821207
p.W44L,0.071160265
p.W44K,-0.195387979
p.W44M,0.485417324
p.W44F,1.06563831
p.W44P,0.995591906
p.W44S,1.035516511
p.W44X,-0.09754805
p.W44T,1.000526829
p.W44Y,0.608029342
p.W44V,0.954243443
p.W483R,-0.229916406
p.W483C,0.879894064
p.W483F,0.128542973
p.W483P,0.325027629
p.W483X,-0.26128241
p.W483V,0.931442887
p.W490R,-0.250009741
p.W490N,0.645603398
p.W490D,0.129330666
p.W490C,0.721271367
p.W490E,0.041568829
p.W490G,0.754385075
p.W490I,1.001304256
p.W490L,0.674144799
p.W490M,1.083736155
p.W490F,0.911704913
p.W490S,0.866370381
p.W490X,-0.198938215
p.W490Y,0.957294846
p.W490V,0.996472279
p.W4A,1.175334607
p.W4R,0.951270618
p.W4N,0.954339404
p.W4D,0.772389602
p.W4C,1.107886252
p.W4Q,1.046902808
p.W4E,0.07784782
p.W4G,0.582965879
p.W4H,-0.055929741
p.W4I,0.300251416
p.W4L,0.967450112
p.W4K,0.7752245
p.W4M,0.60082572
p.W4F,1.106913168
p.W4P,0.943097926
p.W4S,1.011624709
p.W4X,0.078872373
p.W4T,1.030222806
p.W4Y,1.004780371
p.W4V,0.97039825
p.W533R,0.048666999
p.W533N,0.944796256
p.W533D,0.09549764
p.W533C,0.921661871
p.W533G,0.994213047
p.W533H,-0.350982002
p.W533I,0.86844559
p.W533L,1.063919955
p.W533K,-0.252456568
p.W533M,0.33790966
p.W533F,1.096715724
p.W533S,1.023142699
p.W533X,0.118289873
p.W533Y,0.737898691
p.W533V,1.01296709
p.W536A,0.839524627
p.W536R,0.52731754
p.W536N,0.927536328
p.W536D,0.637615382
p.W536C,1.00505093
p.W536Q,1.00502962
p.W536E,0.746312868
p.W536G,1.065991052
p.W536I,0.808298807
p.W536L,0.837969671
p.W536K,0.625614761
p.W536M,0.992245645
p.W536F,1.047728602
p.W536P,0.882104805
p.W536S,0.817727085
p.W536X,-0.011814789
p.W536T,0.740699811
p.W536Y,1.081307894
p.W536V,0.895799371
p.W562A,-0.136231067
p.W562R,0.978884084
p.W562N,0.64550136
p.W562D,-0.193957993
p.W562C,0.807024482
p.W562E,0.865892674
p.W562G,0.650262599
p.W562I,0.366141566
p.W562L,0.568654325
p.W562K,0.933562946
p.W562M,0.898589941
p.W562F,0.930107168
p.W562S,-0.029358647
p.W562X,-0.100608908
p.W562T,0.837444052
p.W562Y,0.918526575
p.W562V,0.764324129
p.W577A,0.057854454
p.W577R,-0.033696224
p.W577N,0.171379919
p.W577D,-0.121495587
p.W577C,-0.1242283
p.W577Q,0.119928007
p.W577E,-0.192302827
p.W577G,-0.055563102
p.W577H,0.387781312
p.W577I,0.972366181
p.W577L,0.388879869
p.W577K,-0.17156754
p.W577M,0.552633455
p.W577F,0.96598418
p.W577P,0.231174957
p.W577S,-0.331561743
p.W577X,-0.164469715
p.W577T,0.228500676
p.W577Y,0.985656072
p.W577V,0.955801331
p.W620A,0.223875854
p.W620R,-0.170155027
p.W620D,-0.291241461
p.W620C,-0.127440794
p.W620E,0.595357202
p.W620G,0.008108049
p.W620I,0.861244446
p.W620L,0.870848818
p.W620K,-0.150911488
p.W620M,0.015446945
p.W620F,0.912499637
p.W620P,-0.127383103
p.W620S,-0.117923827
p.W620T,-0.181039637
p.W620Y,-0.190766224
p.W620V,1.115841824
p.W666A,1.028737592
p.W666R,1.01479738
p.W666N,0.985293274
p.W666D,1.039396634
p.W666C,0.992575105
p.W666Q,-0.403281062
p.W666E,0.403154022
p.W666G,1.09734689
p.W666H,0.995300984
p.W666L,0.976918903
p.W666K,0.763561385
p.W666M,0.95285615
p.W666F,1.011774888
p.W666P,0.924632565
p.W666S,0.836612205
p.W666X,-0.107329138
p.W666T,0.692966881
p.W666Y,-0.066209192
p.W666V,1.020273564
p.W6A,0.890168782
p.W6R,0.966816573
p.W6N,1.018360719
p.W6D,0.97489186
p.W6C,1.030824877
p.W6Q,1.056535111
p.W6E,1.020032512
p.W6G,0.910363938
p.W6H,1.036357346
p.W6I,0.994329292
p.W6L,0.982526615
p.W6K,0.984196249
p.W6M,1.081796534
p.W6F,0.989925661
p.W6P,1.040952231
p.W6S,0.94879718
p.W6X,0.046640045
p.W6T,0.84749555
p.W6Y,0.906737808
p.W6V,1.011854605
p.W810A,0.974355679
p.W810R,0.865208548
p.W810N,1.10007492
p.W810D,-0.416409276
p.W810C,1.046751237
p.W810Q,0.989028836
p.W810E,0.990507572
p.W810G,1.032729437
p.W810H,1.029718032
p.W810I,0.857488802
p.W810L,0.887415397
p.W810K,0.985992993
p.W810M,1.07771553
p.W810F,0.982622341
p.W810P,1.01929214
p.W810S,0.997468868
p.W810X,-0.313972598
p.W810T,1.035168114
p.W810Y,0.38871627
p.W810V,0.678677667
p.W813A,1.025387528
p.W813R,1.032178885
p.W813N,1.086351991
p.W813D,0.997635503
p.W813C,0.015940574
p.W813Q,0.992975001
p.W813E,0.700082112
p.W813G,1.037213811
p.W813H,1.016574888
p.W813L,0.383861177
p.W813K,0.90114476
p.W813F,0.978598794
p.W813P,0.973822832
p.W813S,0.653447927
p.W813X,-0.249535371
p.W813T,1.004434226
p.W813Y,0.431480049
p.W813V,1.005267547
p.W87A,0.968419177
p.W87R,0.993509312
p.W87N,0.910876141
p.W87D,0.812716053
p.W87C,1.050508669
p.W87Q,0.689509984
p.W87E,1.03584044
p.W87G,1.024148325
p.W87H,0.835042723
p.W87I,1.042796245
p.W87L,1.059262804
p.W87K,0.511776621
p.W87M,0.940055604
p.W87F,0.871635656
p.W87P,0.506534697
p.W87S,1.046397102
p.W87X,-0.15438503
p.W87T,0.142557981
p.W87Y,0.99514703
p.W87V,1.054165429
p.Y188Y,0.990854067
p.Y188A,0.995938647
p.Y188R,0.954021964
p.Y188N,0.866180596
p.Y188D,0.841856766
p.Y188C,0.959237824
p.Y188Q,0.970309097
p.Y188E,0.828888629
p.Y188G,0.789019675
p.Y188H,0.925266877
p.Y188I,-0.189320604
p.Y188L,0.842973446
p.Y188K,1.017202188
p.Y188M,0.843406873
p.Y188F,0.862333263
p.Y188P,0.792224955
p.Y188S,0.880791849
p.Y188X,0.151272097
p.Y188T,0.100049419
p.Y188W,0.95335069
p.Y188V,0.314046152
p.Y259Y,0.919814137
p.Y259A,0.760391658
p.Y259R,0.914657139
p.Y259N,0.840371841
p.Y259D,0.841454607
p.Y259C,0.893356803
p.Y259Q,0.873886023
p.Y259E,1.0536207
p.Y259G,0.971144296
p.Y259H,1.02814451
p.Y259I,0.913554837
p.Y259L,0.773947655
p.Y259K,0.889677639
p.Y259M,-0.041443917
p.Y259F,1.008768043
p.Y259P,0.884832948
p.Y259S,0.806295698
p.Y259X,0.217604417
p.Y259T,1.046143258
p.Y259W,0.678554492
p.Y259V,0.921701363
p.Y336Y,1.061353639
p.Y336A,1.044691079
p.Y336R,0.491214148
p.Y336N,1.302694342
p.Y336D,0.688297892
p.Y336C,0.244880388
p.Y336Q,-0.145707132
p.Y336E,0.334143529
p.Y336G,-0.005052633
p.Y336H,1.041018961
p.Y336I,0.714568544
p.Y336L,0.979384523
p.Y336K,0.679727767
p.Y336M,0.614211004
p.Y336F,1.099047229
p.Y336P,0.242137824
p.Y336S,1.001928732
p.Y336X,-0.11501602
p.Y336W,0.941525277
p.Y336V,0.976891566
p.Y375Y,0.883396637
p.Y375R,1.266064002
p.Y375D,0.789389722
p.Y375C,1.037758013
p.Y375G,1.25081978
p.Y375H,1.013405228
p.Y375L,0.967086353
p.Y375F,1.047434154
p.Y375S,1.196516467
p.Y375W,0.857687896
p.Y375V,0.710190242
p.Y400Y,0.994021538
p.Y400A,1.009898735
p.Y400R,1.028209222
p.Y400N,1.006737912
p.Y400D,0.779746752
p.Y400C,1.050154672
p.Y400G,0.812856919
p.Y400H,0.962483909
p.Y400I,1.110315175
p.Y400L,0.92303938
p.Y400F,1.04378604
p.Y400S,0.848998737
p.Y400V,0.602703752
p.Y419Y,1.059377611
p.Y419A,1.102072768
p.Y419R,1.432400431
p.Y419N,0.923435328
p.Y419D,1.051656189
p.Y419C,1.100471625
p.Y419Q,1.134262457
p.Y419G,1.080099208
p.Y419I,1.057033176
p.Y419L,1.049794053
p.Y419M,1.03127291
p.Y419F,0.979188382
p.Y419S,0.985429586
p.Y419X,-0.024267861
p.Y419V,0.948156246
p.Y42Y,1.040184652
p.Y42A,1.03066151
p.Y42R,0.989738593
p.Y42N,1.058903089
p.Y42D,1.227483022
p.Y42C,1.041974623
p.Y42Q,1.006797055
p.Y42E,0.970691648
p.Y42G,1.004077995
p.Y42H,0.431441497
p.Y42I,1.01780746
p.Y42L,1.03622837
p.Y42K,0.88934847
p.Y42M,1.102395109
p.Y42F,1.077193035
p.Y42P,1.149463212
p.Y42S,0.952187221
p.Y42X,-0.07933754
p.Y42T,0.911012836
p.Y42W,1.118553927
p.Y42V,0.646346888
p.Y442Y,1.054493838
p.Y442A,0.663798753
p.Y442R,-0.035585874
p.Y442N,-0.082771006
p.Y442C,-0.053154076
p.Y442Q,0.065549463
p.Y442G,0.083075492
p.Y442H,1.025879735
p.Y442I,0.949223989
p.Y442L,0.908442326
p.Y442K,-0.070443245
p.Y442M,0.986919887
p.Y442F,0.89520415
p.Y442P,0.007685598
p.Y442S,0.49144997
p.Y442X,0.116027474
p.Y442T,1.03745041
p.Y442W,0.997110218
p.Y442V,0.955442541
p.Y465R,0.971332848
p.Y465N,0.918229594
p.Y465D,0.438486425
p.Y465C,0.903036659
p.Y465Q,0.198068613
p.Y465E,1.003669239
p.Y465G,1.012335657
p.Y465H,0.983489467
p.Y465I,1.09577228
p.Y465L,0.841473132
p.Y465K,1.059264981
p.Y465M,-0.075735578
p.Y465F,0.941883619
p.Y465S,0.810911743
p.Y465X,0.297087058
p.Y465T,0.879564981
p.Y465W,1.070361693
p.Y465V,0.76540272
p.Y489Y,0.965970619
p.Y489A,-0.050217181
p.Y489R,0.013479971
p.Y489N,-0.006473839
p.Y489C,0.992351779
p.Y489E,-0.12612228
p.Y489H,1.0616436
p.Y489I,0.837012404
p.Y489L,0.948902067
p.Y489K,-0.079139999
p.Y489M,0.995395402
p.Y489F,1.060658037
p.Y489P,-0.167237782
p.Y489S,-0.022709207
p.Y489X,-0.012096297
p.Y489T,0.072887497
p.Y489W,0.683034465
p.Y489V,0.991122974
p.Y532Y,0.78731802
p.Y532R,-0.03857205
p.Y532N,-0.302264665
p.Y532C,0.378697036
p.Y532E,0.064281453
p.Y532G,-0.060293582
p.Y532H,0.371955608
p.Y532I,0.890922559
p.Y532L,0.962113993
p.Y532K,-0.172776649
p.Y532F,1.136026047
p.Y532S,0.111807484
p.Y532X,0.032965147
p.Y532T,0.315400569
p.Y532W,1.155813796
p.Y532V,0.750426323
p.Y553Y,0.388636545
p.Y553A,0.902325066
p.Y553R,1.019471055
p.Y553N,1.03293543
p.Y553D,1.012379497
p.Y553C,1.008596004
p.Y553E,0.574292846
p.Y553G,0.965452369
p.Y553I,0.916274335
p.Y553L,1.168936203
p.Y553M,0.038104578
p.Y553F,0.854792904
p.Y553S,0.9903414
p.Y553X,-0.069787686
p.Y553T,0.901949152
p.Y553W,0.858797509
p.Y553V,0.818633726
p.Y576Y,1.253369463
p.Y576A,0.575343814
p.Y576R,-0.203955957
p.Y576N,0.252369082
p.Y576D,-0.530135748
p.Y576C,-0.227738073
p.Y576E,-0.15984707
p.Y576G,-0.025354257
p.Y576H,0.973486599
p.Y576I,0.935159458
p.Y576L,1.036628318
p.Y576K,-0.104521524
p.Y576M,1.026171009
p.Y576F,1.071889976
p.Y576P,0.092043799
p.Y576S,0.274993055
p.Y576X,-0.045324114
p.Y576T,0.969172074
p.Y576W,0.859719923
p.Y576V,0.691483898
p.Y679A,1.037019675
p.Y679R,0.857770268
p.Y679N,0.88647493
p.Y679D,1.005660018
p.Y679C,0.946808192
p.Y679E,1.1849522
p.Y679G,1.015943595
p.Y679H,0.992043041
p.Y679I,0.949311073
p.Y679L,0.959049241
p.Y679K,1.010212586
p.Y679M,0.835170566
p.Y679F,0.975850711
p.Y679P,0.118953845
p.Y679S,1.040119005
p.Y679X,0.070809194
p.Y679T,-0.117823455
p.Y679W,0.948392621
p.Y679V,1.023775248
p.Y828A,0.629073927
p.Y828R,0.741987197
p.Y828N,0.50489604
p.Y828D,0.552227221
p.Y828C,0.727853012
p.Y828Q,0.418017763
p.Y828E,-0.3621204
p.Y828G,0.683767415
p.Y828H,0.754765249
p.Y828I,0.727942784
p.Y828L,0.80046964
p.Y828K,-0.292991485
p.Y828M,0.617713861
p.Y828F,0.106203991
p.Y828P,-0.354983653
p.Y828S,0.578974879
p.Y828X,0.039024719
p.Y828T,0.600806218
p.Y828W,1.048397272
p.Y828V,0.66264501
p.Y845Y,0.854796764
p.Y845A,1.098300874
p.Y845R,0.922170587
p.Y845N,1.027527754
p.Y845D,1.103522802
p.Y845C,0.972776804
p.Y845Q,1.022448399
p.Y845E,1.037529927
p.Y845G,1.027986235
p.Y845H,0.955756276
p.Y845I,1.038435827
p.Y845L,0.834590585
p.Y845K,0.835604536
p.Y845M,0.964283088
p.Y845F,1.032258499
p.Y845P,1.029605007
p.Y845S,0.765300925
p.Y845X,1.031964106
p.Y845T,0.990939809
p.Y845W,1.063131965
p.Y845V,1.024410653
p.Y847Y,0.979520051
p.Y847A,1.025963627
p.Y847R,0.771847893
p.Y847N,0.784456484
p.Y847D,-0.34875969
p.Y847C,1.028908098
p.Y847Q,0.929124995
p.Y847E,1.022779125
p.Y847G,1.050541375
p.Y847H,1.015923211
p.Y847I,0.538359507
p.Y847L,1.054672031
p.Y847K,0.945779289
p.Y847M,0.949122653
p.Y847F,1.04145195
p.Y847P,1.002104671
p.Y847S,0.857653744
p.Y847X,0.99227095
p.Y847T,1.038828758
p.Y847W,1.040680358
p.Y847V,0.946216989
p.V12V,0.865697508
p.V127V,1.067835284
p.V127A,0.986912236
p.V127R,1.184888637
p.V127N,0.617847587
p.V127D,-0.133099706
p.V127C,1.161971945
p.V127Q,0.161361212
p.V127E,0.071330555
p.V127G,0.626392958
p.V127H,1.097965015
p.V127I,1.001719299
p.V127L,0.917992264
p.V127K,1.014899306
p.V127M,0.993852595
p.V127F,0.998320336
p.V127P,0.273825595
p.V127S,1.185074068
p.V127X,-0.166615558
p.V127T,0.896290905
p.V127W,1.10375756
p.V127Y,0.93778113
p.V12A,1.130679933
p.V12R,-0.118509987
p.V12N,-0.151379823
p.V12D,0.051065251
p.V12C,0.187659914
p.V12Q,-0.159890398
p.V12E,-0.046110497
p.V12G,0.587815328
p.V12H,1.103423822
p.V12I,1.117782201
p.V12L,1.004588677
p.V12K,0.018514349
p.V12F,1.075481473
p.V12P,0.074567687
p.V12S,1.045504192
p.V12X,-0.087810448
p.V12T,-0.014760595
p.V12W,1.000267576
p.V12Y,1.03970987
p.V145V,0.986594806
p.V145A,0.988898855
p.V145R,0.993361247
p.V145N,0.825830093
p.V145D,-0.00142866
p.V145C,0.975013488
p.V145Q,0.48687306
p.V145E,0.976192971
p.V145G,1.025944147
p.V145H,0.789910349
p.V145I,1.096523084
p.V145L,0.512397025
p.V145K,1.026457338
p.V145M,1.042118596
p.V145F,0.915294775
p.V145P,1.123847127
p.V145S,0.955144556
p.V145X,0.031678885
p.V145T,1.077891438
p.V145W,1.053108363
p.V145Y,0.936971656
p.V189V,1.023159502
p.V189A,0.621242302
p.V189R,0.978552029
p.V189N,0.734060473
p.V189D,0.983091017
p.V189C,0.826496254
p.V189Q,0.899389409
p.V189E,0.865341605
p.V189G,0.99406974
p.V189H,1.185298289
p.V189I,0.641517637
p.V189L,0.751329839
p.V189K,1.018405046
p.V189M,-0.177003826
p.V189F,0.786921983
p.V189S,0.197400659
p.V189X,0.667254821
p.V189T,1.065934727
p.V189W,0.910466453
p.V189Y,1.101027635
p.V23V,1.008683336
p.V233V,0.794392577
p.V233A,1.034182869
p.V233R,1.00964447
p.V233N,0.869328035
p.V233D,1.003330623
p.V233C,1.002470361
p.V233Q,1.176058821
p.V233E,0.784555713
p.V233G,1.02205571
p.V233H,1.017653466
p.V233I,0.958947724
p.V233L,0.969349908
p.V233K,0.609407547
p.V233M,1.303812649
p.V233F,0.97377784
p.V233P,0.927704707
p.V233S,1.018418981
p.V233X,-0.021120956
p.V233T,1.073828114
p.V233W,0.743444458
p.V233Y,0.413612287
p.V23A,1.04890856
p.V23R,1.034381063
p.V23D,0.912343485
p.V23C,1.164973349
p.V23Q,0.865504522
p.V23E,1.025281761
p.V23G,0.824599713
p.V23H,1.025858417
p.V23I,1.004306436
p.V23L,1.062392475
p.V23K,0.844756754
p.V23M,1.002916282
p.V23F,0.445570458
p.V23P,0.373928754
p.V23S,0.72628853
p.V23X,-0.067590897
p.V23T,0.941761757
p.V23W,0.950123758
p.V23Y,1.044930933
p.V268V,0.935258744
p.V268A,0.948387261
p.V268R,0.899819051
p.V268N,0.639571553
p.V268D,0.884050484
p.V268C,0.847290207
p.V268Q,0.947600312
p.V268E,0.827172326
p.V268G,0.908234402
p.V268H,0.99402069
p.V268I,0.950281803
p.V268L,0.993909789
p.V268K,0.948721173
p.V268M,1.004804764
p.V268F,1.025087872
p.V268P,0.984167111
p.V268S,1.025377654
p.V268X,-0.203914892
p.V268T,1.077727338
p.V268W,0.951135302
p.V268Y,0.916332441
p.V271V,0.894094047
p.V271A,1.211304654
p.V271R,1.036080734
p.V271N,1.056439825
p.V271D,0.858610819
p.V271C,1.068654238
p.V271Q,0.944090894
p.V271E,0.861241394
p.V271G,0.25782805
p.V271I,0.970710203
p.V271L,1.001887749
p.V271K,1.114429049
p.V271M,1.022545285
p.V271F,1.084666469
p.V271P,0.838553275
p.V271S,0.98674341
p.V271X,-0.137943095
p.V271T,0.986227649
p.V271W,1.009055357
p.V271Y,-0.085237599
p.V273V,0.95577063
p.V273A,1.034604659
p.V273R,1.044778714
p.V273N,0.946462108
p.V273D,0.990271783
p.V273C,1.058281548
p.V273Q,0.832531368
p.V273E,0.892413325
p.V273G,0.84392226
p.V273H,-0.312840964
p.V273I,0.995131998
p.V273L,0.957848448
p.V273K,1.05929467
p.V273M,1.119805564
p.V273F,1.115450149
p.V273P,1.112061695
p.V273S,0.921078179
p.V273X,-0.124378705
p.V273T,1.178271138
p.V273W,0.896186835
p.V273Y,0.418471184
p.V295V,0.940168842
p.V295A,0.828251009
p.V295N,-0.100292151
p.V295D,-0.007123516
p.V295C,0.853786693
p.V295Q,0.818541225
p.V295E,0.639665276
p.V295G,0.190901247
p.V295H,0.367871753
p.V295I,0.917188652
p.V295L,0.890525651
p.V295K,0.514917826
p.V295M,0.905915268
p.V295F,0.858499202
p.V295P,0.84552065
p.V295S,0.680201405
p.V295X,0.590657903
p.V295T,0.888226096
p.V295W,0.769618393
p.V295Y,0.93355668
p.V328V,1.007461363
p.V328A,1.026320351
p.V328R,0.860015298
p.V328N,0.975767719
p.V328D,1.038004924
p.V328C,0.942621561
p.V328Q,1.090831012
p.V328E,0.920133532
p.V328G,1.073163483
p.V328H,0.783619839
p.V328I,1.062000397
p.V328L,0.900477648
p.V328K,0.932913565
p.V328M,0.980502483
p.V328F,0.91773185
p.V328P,0.183305012
p.V328S,1.031504089
p.V328X,0.148868689
p.V328T,1.007832206
p.V328W,0.963217384
p.V328Y,0.645529631
p.V347V,0.684109048
p.V347A,-0.103698534
p.V347R,0.510041053
p.V347N,0.966884683
p.V347C,0.488402769
p.V347Q,0.848976552
p.V347E,1.063391759
p.V347G,0.874448175
p.V347I,0.934584662
p.V347L,0.973968191
p.V347M,0.945009256
p.V347F,0.825145641
p.V347S,1.035795132
p.V347X,0.00773242
p.V347T,1.064601687
p.V347W,0.991432759
p.V347Y,0.938307043
p.V369V,0.777551129
p.V369A,0.957084707
p.V369R,0.835872437
p.V369N,0.904719556
p.V369D,1.045716334
p.V369C,0.911551299
p.V369E,0.9553229
p.V369G,0.968333239
p.V369H,0.880205899
p.V369I,1.003157536
p.V369L,0.948133124
p.V369K,0.899989091
p.V369M,0.821064722
p.V369F,0.955868816
p.V369P,0.04854781
p.V369S,0.935484245
p.V369X,-0.277909659
p.V369T,0.904591029
p.V369W,1.028684648
p.V369Y,0.833901082
p.V395V,0.975686776
p.V395A,0.954669785
p.V395R,1.023174092
p.V395D,1.143500212
p.V395C,1.105538808
p.V395G,0.923801362
p.V395I,0.996607185
p.V395L,1.094060057
p.V395K,0.786799778
p.V395M,0.775874776
p.V395F,0.981015041
p.V395S,0.783327534
p.V395X,-0.128910462
p.V395T,0.87305609
p.V395Y,0.930802595
p.V409V,1.022115731
p.V409A,-0.093883233
p.V409R,-0.033847022
p.V409N,-0.011870381
p.V409D,0.214160277
p.V409C,1.004336232
p.V409G,0.101988927
p.V409I,1.111015417
p.V409L,1.028605965
p.V409F,0.216046752
p.V409P,0.17737918
p.V409S,0.027089542
p.V409X,-0.018808138
p.V409T,0.911496146
p.V409W,-0.037267089
p.V429V,1.031405225
p.V429A,0.708452078
p.V429R,0.270977545
p.V429N,0.208917178
p.V429C,0.864497653
p.V429E,-0.189221733
p.V429G,0.755904283
p.V429I,0.97030123
p.V429L,0.934776376
p.V429K,-0.029112559
p.V429M,-0.07237726
p.V429F,-0.127644503
p.V429X,-0.073525681
p.V429T,1.20024364
p.V429W,-0.041388885
p.V429Y,0.180311869
p.V430V,1.158635748
p.V430A,1.005217712
p.V430R,0.950544598
p.V430N,1.066544399
p.V430D,1.140081401
p.V430G,1.010991248
p.V430H,0.117323923
p.V430L,0.948089455
p.V430F,0.372816997
p.V430S,0.910709193
p.V430X,-0.395244866
p.V430T,0.901091353
p.V430Y,0.95011669
p.V436V,1.051104153
p.V436N,1.078113251
p.V436D,1.017786067
p.V436E,0.96579896
p.V436G,0.9979368
p.V436I,0.83698394
p.V436L,0.739001525
p.V436K,0.36665106
p.V436P,0.403565935
p.V436S,1.005490098
p.V436X,-0.175808014
p.V436T,1.033793392
p.V436W,0.888307785
p.V436Y,1.007947343
p.V45V,1.037406915
p.V45A,0.985627239
p.V45R,1.035437813
p.V45N,0.88135739
p.V45D,1.085126211
p.V45C,1.013248247
p.V45Q,0.984629144
p.V45E,1.075406879
p.V45G,1.127972733
p.V45H,1.078157431
p.V45I,1.019108726
p.V45L,0.926499987
p.V45K,1.056649181
p.V45M,0.950833675
p.V45F,0.956255491
p.V45P,0.852794389
p.V45S,0.24554567
p.V45T,1.059239628
p.V45W,0.996298423
p.V45Y,1.050693222
p.V462V,0.916199906
p.V462A,1.170261057
p.V462R,0.685697767
p.V462N,0.84788745
p.V462D,1.01587688
p.V462Q,0.995722334
p.V462E,1.233288845
p.V462G,1.015170077
p.V462I,0.934856252
p.V462K,0.920657065
p.V462M,1.034019862
p.V462F,0.818191313
p.V462S,0.065124167
p.V462X,-0.182555533
p.V462W,0.630816626
p.V462Y,1.150266717
p.V468V,0.608132296
p.V468A,0.819102457
p.V468R,0.839480615
p.V468N,0.942767437
p.V468C,1.025941491
p.V468G,0.726802384
p.V468I,0.825510541
p.V468L,0.90361916
p.V468M,0.853153127
p.V468F,1.10644307
p.V468S,1.042971483
p.V468X,-0.01670847
p.V468T,0.9524596
p.V468Y,0.771379231
p.V481V,0.97694208
p.V481R,0.907125135
p.V481N,0.949453179
p.V481C,1.127691766
p.V481G,1.044507195
p.V481I,0.759028646
p.V481L,1.029966767
p.V481K,0.644851121
p.V481M,0.937466808
p.V481F,0.705663909
p.V481P,0.043259249
p.V481S,1.037775249
p.V481X,-0.007816489
p.V481T,0.983070334
p.V481Y,0.940252123
p.V494V,0.910574951
p.V494A,1.02552056
p.V494R,0.875472625
p.V494N,1.345626606
p.V494D,0.731130793
p.V494E,1.094425517
p.V494G,0.974258317
p.V494I,0.889959046
p.V494L,0.961680403
p.V494K,0.968541452
p.V494M,0.905831545
p.V494F,1.119136594
p.V494P,1.035757677
p.V494S,0.71757032
p.V494T,0.984456753
p.V494W,1.284519876
p.V494Y,1.039346002
p.V498V,0.91071807
p.V498A,0.882796405
p.V498R,0.014031087
p.V498N,0.974213971
p.V498D,-0.153191253
p.V498C,0.943919543
p.V498Q,0.002829835
p.V498E,-0.061082368
p.V498G,0.935135459
p.V498H,1.06566804
p.V498I,0.960533856
p.V498L,1.068305513
p.V498K,-0.198513637
p.V498M,1.020166768
p.V498F,0.907326919
p.V498P,-0.080407339
p.V498S,0.365674866
p.V498X,0.025407222
p.V498T,0.427882616
p.V498W,0.504908319
p.V498Y,-0.029711278
p.V500V,0.882906014
p.V500R,-0.116022571
p.V500N,-0.106582812
p.V500D,-0.149518075
p.V500C,1.003861005
p.V500Q,0.44103615
p.V500G,1.050291037
p.V500H,-0.131110077
p.V500I,0.83077677
p.V500L,0.708694117
p.V500K,0.055299917
p.V500M,1.095263239
p.V500F,0.672781214
p.V500P,-0.115662981
p.V500S,0.775631417
p.V500X,0.065588316
p.V500T,0.886247485
p.V500W,0.7434864
p.V500Y,0.034172228
p.V506V,0.94310726
p.V506A,0.918566848
p.V506R,0.815577544
p.V506N,0.749313481
p.V506D,0.927334902
p.V506C,1.105125782
p.V506Q,0.983941342
p.V506E,1.055755349
p.V506G,0.958354448
p.V506H,1.092723097
p.V506I,1.068285613
p.V506L,0.999320013
p.V506K,1.163441564
p.V506M,0.988097304
p.V506F,1.044542839
p.V506P,0.89088934
p.V506S,1.060418688
p.V506X,-0.186032959
p.V506T,1.077207639
p.V506W,0.826157898
p.V523V,1.056673429
p.V523A,0.240542702
p.V523R,0.867385498
p.V523C,1.077100937
p.V523Q,0.791474432
p.V523E,0.651996978
p.V523G,0.899266196
p.V523H,1.200223196
p.V523I,1.117605603
p.V523L,1.004979136
p.V523K,0.856444523
p.V523M,1.09872777
p.V523F,0.96649577
p.V523S,1.09306728
p.V523X,-0.204724862
p.V523T,0.811129136
p.V523W,0.700379504
p.V523Y,0.714792316
p.V524V,1.080632916
p.V524A,0.873516606
p.V524R,-0.094675665
p.V524N,1.102433572
p.V524D,0.445991751
p.V524C,0.876500879
p.V524E,0.009568701
p.V524G,0.987443043
p.V524H,1.161958381
p.V524I,1.109860458
p.V524L,0.711627253
p.V524K,0.075803907
p.V524M,1.028837954
p.V524F,-0.106698995
p.V524S,0.990394479
p.V524X,-0.087120211
p.V524T,0.872203607
p.V524W,0.221573508
p.V527V,0.906536953
p.V527A,0.864159549
p.V527R,0.920035182
p.V527N,0.862464895
p.V527D,1.0915772
p.V527C,1.024526945
p.V527Q,0.898149039
p.V527E,1.074385891
p.V527G,1.025302026
p.V527H,0.946020921
p.V527I,0.760974772
p.V527L,1.015715594
p.V527K,0.639019995
p.V527M,0.753636406
p.V527F,0.799847414
p.V527S,0.923143759
p.V527T,0.838471548
p.V527W,0.865023428
p.V527Y,1.112244332
p.V550V,0.979199121
p.V550A,1.034749301
p.V550R,1.070227462
p.V550N,1.053058064
p.V550D,1.030311956
p.V550C,1.087006557
p.V550Q,1.031570207
p.V550E,0.942624193
p.V550G,0.981435047
p.V550H,0.959582348
p.V550I,1.009115433
p.V550L,0.957045324
p.V550K,1.030223441
p.V550M,0.860005902
p.V550F,0.874396032
p.V550P,0.845656066
p.V550S,1.024412031
p.V550X,0.035029053
p.V550T,0.949180846
p.V550W,0.962013472
p.V550Y,0.97930449
p.V556V,1.02433085
p.V556A,0.835174395
p.V556R,0.827856364
p.V556N,1.043961405
p.V556D,0.898011789
p.V556C,0.943634372
p.V556Q,1.066605745
p.V556E,0.857757972
p.V556G,0.911262156
p.V556L,0.918457834
p.V556K,0.24429548
p.V556M,0.900779252
p.V556F,0.896745286
p.V556S,0.695010306
p.V556X,-0.151751691
p.V556T,1.085368427
p.V556W,0.952094141
p.V556Y,0.998080398
p.V578V,-0.178934869
p.V578A,0.995131504
p.V578R,0.01988538
p.V578N,0.70746523
p.V578D,0.730933301
p.V578C,1.014499996
p.V578Q,-0.33584934
p.V578E,0.023212816
p.V578G,0.890582041
p.V578H,0.584447739
p.V578I,1.060075464
p.V578L,0.90862352
p.V578K,-0.216563252
p.V578M,0.887528693
p.V578F,-0.195147796
p.V578P,0.833977194
p.V578S,0.906316722
p.V578X,0.153789806
p.V578T,0.895546558
p.V578W,-0.037827473
p.V578Y,0.263710713
p.V590V,1.004740722
p.V590A,0.567112702
p.V590R,1.017338045
p.V590N,0.942087465
p.V590D,-0.040116788
p.V590G,0.985620884
p.V590I,1.073950219
p.V590L,0.834999528
p.V590K,0.828262875
p.V590M,0.674393026
p.V590F,0.792985843
p.V590P,0.766359846
p.V590S,1.039268795
p.V590X,-0.044682135
p.V590T,1.021150121
p.V590W,1.071950222
p.V613V,1.063887493
p.V613A,0.555690762
p.V613R,0.010693978
p.V613D,-0.08081149
p.V613C,1.089993659
p.V613Q,1.066119889
p.V613E,0.6889237
p.V613G,0.923651391
p.V613H,1.149582654
p.V613I,0.969663815
p.V613L,0.966219776
p.V613K,0.94767952
p.V613M,1.022334188
p.V613F,1.042000159
p.V613P,-0.122269865
p.V613S,0.958218768
p.V613X,-0.434814972
p.V613T,1.016882672
p.V613W,0.5904405
p.V618V,1.021671506
p.V618A,1.009505535
p.V618R,-0.175478962
p.V618N,-0.088416523
p.V618D,-0.141146043
p.V618C,-0.202477243
p.V618E,0.030545024
p.V618G,0.018511036
p.V618H,-0.187494372
p.V618L,1.03179866
p.V618M,0.854701416
p.V618F,0.221545556
p.V618P,0.175471671
p.V618S,-0.160241121
p.V618X,0.689678452
p.V618W,0.192592731
p.V618Y,-0.54178678
p.V639V,1.055160167
p.V639A,1.052867278
p.V639R,0.135491568
p.V639D,0.910750118
p.V639C,0.673234228
p.V639G,0.891583246
p.V639H,1.105728511
p.V639I,0.916911777
p.V639L,0.998685371
p.V639K,0.028151552
p.V639M,0.611913231
p.V639F,1.046703728
p.V639P,0.97330039
p.V639S,1.071504091
p.V639T,0.634741464
p.V653V,1.01561394
p.V653A,0.31275107
p.V653R,1.04345276
p.V653N,0.929461307
p.V653D,0.928657829
p.V653C,-0.100429392
p.V653Q,0.985827014
p.V653E,-0.05440422
p.V653G,0.740667057
p.V653H,-0.191503867
p.V653I,0.931719946
p.V653L,0.981272313
p.V653K,1.256480855
p.V653F,0.552454753
p.V653P,-0.073216553
p.V653S,0.960153524
p.V653X,-0.34120234
p.V653T,0.929404066
p.V653W,0.148164562
p.V653Y,0.374028231
p.V66V,1.015435669
p.V664V,1.045878283
p.V664A,0.990696996
p.V664R,1.060945582
p.V664N,0.779100203
p.V664D,0.94971632
p.V664C,1.063569635
p.V664Q,-0.087698603
p.V664E,0.917084285
p.V664G,0.909509892
p.V664L,0.998603008
p.V664M,0.890382603
p.V664F,1.070575119
p.V664P,1.027656445
p.V664S,0.668402923
p.V664X,-0.518954006
p.V664T,1.061019801
p.V664W,1.034323771
p.V664Y,0.981997001
p.V66A,0.981719
p.V66R,1.070067133
p.V66N,0.994845714
p.V66D,0.895047216
p.V66C,1.04823836
p.V66Q,0.830366808
p.V66E,0.94137396
p.V66G,1.007818921
p.V66H,1.093861142
p.V66I,1.183781808
p.V66L,0.939560674
p.V66K,0.92824595
p.V66M,0.508051312
p.V66F,0.977756881
p.V66P,0.703928538
p.V66S,0.787844264
p.V66X,0.211331541
p.V66T,0.908494559
p.V66W,0.781163454
p.V66Y,0.961885348
p.V719V,1.02504033
p.V719A,1.018166722
p.V719R,1.023738465
p.V719N,0.997804216
p.V719D,1.066607338
p.V719C,0.95326332
p.V719Q,0.913065557
p.V719E,0.959433921
p.V719G,0.939760717
p.V719H,0.968479176
p.V719I,0.933685578
p.V719L,0.980178567
p.V719K,0.981718616
p.V719M,1.054291049
p.V719F,0.986346658
p.V719P,1.045767704
p.V719S,0.966909939
p.V719X,-0.030941442
p.V719T,0.844999034
p.V719W,0.918243798
p.V719Y,0.84273348
p.V727V,0.731578662
p.V727A,1.048496638
p.V727R,0.951239384
p.V727N,1.071063166
p.V727C,0.431862105
p.V727Q,0.988979115
p.V727E,0.889977053
p.V727G,1.007353698
p.V727I,0.820863192
p.V727L,0.98878293
p.V727K,1.031071842
p.V727F,1.032608386
p.V727P,0.973879995
p.V727S,0.708803618
p.V727X,-0.111834293
p.V727T,1.019480406
p.V727W,0.988994417
p.V727Y,1.014809256
p.V731V,0.994346974
p.V731A,0.993107292
p.V731R,0.968238684
p.V731N,1.046233562
p.V731D,1.103907394
p.V731C,0.651661649
p.V731Q,1.001697271
p.V731E,0.967932067
p.V731G,0.996233681
p.V731H,1.027592339
p.V731I,0.978137585
p.V731L,1.050108699
p.V731M,1.019556503
p.V731F,0.998629512
p.V731P,0.946167502
p.V731S,1.014101151
p.V731X,-0.349635741
p.V731W,1.035573419
p.V731Y,0.950382618
p.V736V,1.049210178
p.V736A,0.308796277
p.V736R,1.009019203
p.V736N,1.054283965
p.V736D,0.987341642
p.V736C,0.819247411
p.V736Q,1.016610413
p.V736E,0.999372569
p.V736G,0.889512648
p.V736H,1.008984
p.V736I,1.019113314
p.V736L,0.706328423
p.V736K,0.875495052
p.V736M,0.969924592
p.V736F,1.000015941
p.V736P,0.894819013
p.V736S,0.982874541
p.V736X,0.225759674
p.V736T,1.046620164
p.V736W,1.035139563
p.V736Y,1.074276723
p.V746V,0.981339399
p.V746A,1.003606211
p.V746R,1.012851066
p.V746N,0.86411878
p.V746D,0.976967096
p.V746C,1.012692469
p.V746E,0.888805569
p.V746G,0.990477387
p.V746I,0.907028836
p.V746L,1.00286842
p.V746K,1.058628528
p.V746M,1.040931927
p.V746F,1.11940177
p.V746P,1.07760856
p.V746S,1.016036905
p.V746X,-0.34825364
p.V746T,1.010317099
p.V746W,0.8862199
p.V746Y,1.0323154
p.V762V,0.900936273
p.V762A,1.015924459
p.V762R,0.958576145
p.V762N,0.979294553
p.V762D,1.031571445
p.V762C,1.067905763
p.V762Q,0.781757557
p.V762E,0.751385228
p.V762G,1.034585621
p.V762I,1.013353198
p.V762L,0.849933296
p.V762K,0.280864593
p.V762M,0.864940015
p.V762F,0.242365452
p.V762P,1.021635475
p.V762S,0.829212814
p.V762X,-0.315121579
p.V762T,0.486433807
p.V762W,0.958001864
p.V765V,0.86503499
p.V765A,0.117451927
p.V765R,1.040438275
p.V765N,0.975870773
p.V765D,0.945641565
p.V765C,1.064143133
p.V765Q,0.93544087
p.V765E,1.063112001
p.V765G,0.821556019
p.V765H,0.941204683
p.V765L,1.017025069
p.V765M,0.908423669
p.V765F,1.059678372
p.V765P,0.313745314
p.V765S,0.577232106
p.V765X,-0.12620834
p.V765T,0.935098523
p.V765W,0.932020147
p.V765Y,0.978598794
p.V775V,1.027788243
p.V775A,1.024804384
p.V775R,1.115058611
p.V775N,1.057247382
p.V775D,1.011161415
p.V775C,1.060633867
p.V775Q,1.061485896
p.V775E,0.994037868
p.V775G,0.744051669
p.V775H,0.948668994
p.V775I,1.008957282
p.V775L,1.02270554
p.V775K,1.065752994
p.V775M,0.414751828
p.V775F,0.309442166
p.V775P,1.01892058
p.V775S,0.971846869
p.V775X,0.036662567
p.V775T,0.990516951
p.V775W,0.967575416
p.V775Y,0.953079493
p.V787V,1.029400153
p.V787A,0.990883922
p.V787R,1.061500402
p.V787N,0.554176072
p.V787D,0.965881682
p.V787C,0.921576163
p.V787Q,-0.016554215
p.V787E,0.987047223
p.V787G,1.008711971
p.V787H,0.973156314
p.V787I,1.014842823
p.V787L,0.992096629
p.V787K,1.079922145
p.V787M,0.917802415
p.V787F,1.001213096
p.V787P,0.984075724
p.V787S,1.036705436
p.V787X,0.154261918
p.V787T,1.040384977
p.V787W,1.056973035
p.V787Y,0.814042996
p.V79V,0.999943788
p.V793V,0.993191197
p.V793A,0.826476441
p.V793R,1.001038529
p.V793N,0.98166969
p.V793D,1.01654676
p.V793C,1.006120436
p.V793Q,0.91171371
p.V793E,0.96776131
p.V793G,0.912785349
p.V793H,0.960159562
p.V793I,1.01159509
p.V793L,1.033901824
p.V793K,0.919791149
p.V793M,0.908907946
p.V793F,0.947102957
p.V793P,0.996626427
p.V793S,0.115390278
p.V793X,0.103525157
p.V793T,1.051831566
p.V793W,1.019083456
p.V793Y,0.971774965
p.V797V,0.987005425
p.V797A,1.04338378
p.V797R,-0.239728822
p.V797N,-0.312490934
p.V797D,0.753138552
p.V797C,1.023556434
p.V797Q,0.855511675
p.V797E,0.54269322
p.V797G,0.360208743
p.V797H,0.857064277
p.V797L,1.050200444
p.V797K,-0.35981946
p.V797M,1.063834389
p.V797F,0.925842639
p.V797P,1.022283203
p.V797S,1.04268729
p.V797X,-0.423513978
p.V797W,0.950532071
p.V79A,0.917241945
p.V79R,0.990417072
p.V79N,1.139804814
p.V79D,0.884927802
p.V79C,1.035352944
p.V79Q,0.933766578
p.V79E,0.878450575
p.V79G,0.735861467
p.V79H,1.179899274
p.V79I,0.954547798
p.V79L,0.988939811
p.V79K,1.052700674
p.V79M,0.939016077
p.V79F,0.96023601
p.V79P,1.034926602
p.V79S,1.005942226
p.V79X,-0.037478044
p.V79T,1.022257541
p.V79W,1.104692843
p.V79Y,0.949144304
p.V800V,0.964108681
p.V800A,0.991197142
p.V800R,0.296373788
p.V800N,0.923588059
p.V800D,-0.39879332
p.V800C,1.029826738
p.V800Q,0.822627868
p.V800E,0.588005377
p.V800G,0.945147354
p.V800H,0.972280394
p.V800I,0.874275181
p.V800L,0.791176108
p.V800K,1.031097096
p.V800F,1.045192754
p.V800P,0.992181184
p.V800S,0.971161963
p.V800X,-0.291033808
p.V800T,0.949860196
p.V800W,0.455811932
p.V806V,0.993415167
p.V806A,1.018405893
p.V806R,1.016591643
p.V806N,1.040727167
p.V806C,0.952660584
p.V806E,0.382534921
p.V806G,0.844109391
p.V806H,0.319611865
p.V806I,0.892200667
p.V806L,1.030281602
p.V806K,1.043740425
p.V806S,1.004220675
p.V806X,-0.194175826
p.V806T,0.610130054
p.V827V,1.028990064
p.V827A,1.005636606
p.V827R,0.210965604
p.V827N,0.869419891
p.V827D,0.613046686
p.V827C,0.589850423
p.V827E,0.685180534
p.V827G,0.854031845
p.V827I,1.030345501
p.V827L,0.954845105
p.V827K,0.834517119
p.V827M,-0.275552183
p.V827F,1.075603325
p.V827S,1.026644637
p.V827X,0.004146116
p.V827T,0.934475855
p.V827W,1.006059459
p.V836V,1.019144023
p.V836A,1.007226036
p.V836R,0.804524152
p.V836N,0.991797898
p.V836D,1.001207834
p.V836C,1.053435133
p.V836Q,0.861818731
p.V836E,0.348457652
p.V836G,1.020188432
p.V836H,0.634024538
p.V836I,0.9519339
p.V836L,0.923603091
p.V836M,0.983045596
p.V836F,1.036892616
p.V836P,0.992210504
p.V836S,0.550882419
p.V836X,0.946816069
p.V836T,0.878157315
p.V836Y,0.96025798
p.V853V,0.929251175
p.V853A,1.089305866
p.V853R,1.026089785
p.V853N,1.063491079
p.V853D,0.991351891
p.V853C,0.958389127
p.V853Q,0.931200459
p.V853E,1.021647087
p.V853G,1.002999187
p.V853H,-0.447512949
p.V853I,1.063140912
p.V853L,0.906559954
p.V853K,1.001157549
p.V853M,0.960545285
p.V853F,0.748527876
p.V853P,0.998684225
p.V853S,0.796322963
p.V853X,0.974663823
p.V853T,1.085081543
p.V853W,0.998565445
p.V853Y,1.01547419
p.V859V,1.002175015
p.V859A,0.98373507
p.V859R,0.792705219
p.V859N,0.923011327
p.V859D,1.021177965
p.V859C,1.040419046
p.V859Q,1.017597298
p.V859E,0.982929793
p.V859G,0.600685647
p.V859H,-0.254748507
p.V859L,0.923624775
p.V859K,1.071458092
p.V859M,0.995730561
p.V859F,1.05459535
p.V859P,0.096803324
p.V859S,0.974002235
p.V859X,-0.067536024
p.V859T,0.692093908
p.V859W,0.952599908
p.V93V,0.975410354
p.V93A,0.899566182
p.V93R,1.07055091
p.V93N,1.064915068
p.V93D,0.909026723
p.V93C,1.033624472
p.V93Q,0.958662471
p.V93E,0.991764681
p.V93G,0.948105561
p.V93H,1.013933936
p.V93I,0.985416141
p.V93L,0.989796054
p.V93K,0.981685428
p.V93M,1.016940634
p.V93F,0.968879079
p.V93P,1.025540408
p.V93S,1.047815705
p.V93X,-0.066140806
p.V93T,0.975344957
p.V93W,1.04623522
p.V93Y,0.74283403